# Blender 3.4.1
# www.blender.org
mtllib pblauncher_0jars.mtl
o pblauncher_0jars
v -0.315985 -0.104252 11.004470
v -0.188357 0.071413 11.004271
v -0.212697 0.104813 10.917850
v -0.355368 -0.091557 10.918080
v 0.018150 0.138511 11.004190
v 0.018150 0.179820 10.917760
v 0.224657 0.071413 11.004271
v 0.248997 0.104813 10.917850
v 0.352285 -0.104252 11.004470
v 0.391668 -0.091557 10.918080
v 0.352285 -0.321386 11.004730
v 0.391668 -0.334283 10.918360
v 0.224657 -0.497051 11.004930
v 0.248997 -0.530653 10.918591
v 0.018150 -0.564148 11.005011
v 0.018150 -0.605659 10.918680
v 0.018150 -0.564148 11.005011
v -0.188357 -0.497051 11.004930
v -0.212696 -0.530653 10.918591
v 0.018150 -0.605659 10.918680
v -0.315985 -0.321386 11.004730
v -0.355367 -0.334283 10.918360
v -0.188357 0.071413 11.004271
v -0.315985 -0.104252 11.004470
v 0.018150 -0.212874 10.957280
v 0.018150 0.138511 11.004190
v 0.224657 0.071413 11.004271
v 0.352285 -0.104252 11.004470
v 0.352285 -0.321386 11.004730
v 0.224657 -0.497051 11.004930
v 0.018150 -0.564148 11.005011
v -0.188357 -0.497051 11.004930
v -0.315985 -0.321386 11.004730
v 0.018150 -0.213932 10.054372
v -0.350565 -0.094129 10.054233
v -0.209728 0.099716 10.054006
v 0.018150 0.173758 10.053918
v 0.246028 0.099716 10.054006
v 0.386865 -0.094129 10.054233
v 0.386865 -0.333735 10.054512
v 0.246028 -0.527578 10.054739
v 0.018150 -0.601621 10.054826
v -0.209728 -0.527578 10.054739
v -0.350565 -0.333735 10.054512
v -0.350565 -0.094129 10.054233
v -0.350565 -0.093937 10.217760
v -0.209728 0.099908 10.217530
v -0.209728 0.099716 10.054006
v -0.350565 -0.333735 10.054512
v -0.350565 -0.333543 10.218040
v -0.209728 -0.527578 10.054739
v -0.209728 -0.527387 10.218270
v 0.018150 -0.601621 10.054826
v 0.018150 -0.601430 10.218350
v 0.246028 -0.527578 10.054739
v 0.246028 -0.527387 10.218270
v 0.018150 -0.601430 10.218350
v 0.018150 -0.601621 10.054826
v 0.386865 -0.333735 10.054512
v 0.386865 -0.333543 10.218040
v 0.386865 -0.094129 10.054233
v 0.386865 -0.093937 10.217760
v 0.246028 0.099716 10.054006
v 0.246028 0.099908 10.217530
v 0.018150 0.173758 10.053918
v 0.018150 0.173950 10.217450
v -0.350565 -0.093881 10.265980
v -0.209728 0.099964 10.265760
v -0.186698 0.068208 10.216380
v -0.313302 -0.106047 10.216580
v -0.313302 -0.321436 10.216830
v -0.350565 -0.333487 10.266270
v -0.186698 -0.495691 10.217040
v -0.209728 -0.527330 10.266490
v 0.018150 -0.562250 10.217110
v 0.018150 -0.601373 10.266581
v 0.222999 -0.495691 10.217040
v 0.246028 -0.527330 10.266490
v 0.018150 -0.601373 10.266581
v 0.018150 -0.562250 10.217110
v 0.349602 -0.321436 10.216830
v 0.386865 -0.333487 10.266270
v 0.349602 -0.106047 10.216580
v 0.386865 -0.093881 10.265980
v 0.222999 0.068208 10.216380
v 0.246028 0.099964 10.265760
v 0.018150 0.134767 10.216300
v 0.018150 0.174005 10.265670
v -0.350565 -0.093937 10.217760
v -0.313302 -0.106047 10.216580
v -0.186698 0.068208 10.216380
v -0.209728 0.099908 10.217530
v -0.350565 -0.333543 10.218040
v -0.313302 -0.321436 10.216830
v -0.209728 -0.527387 10.218270
v -0.186698 -0.495691 10.217040
v 0.018150 -0.601430 10.218350
v 0.018150 -0.562250 10.217110
v 0.246028 -0.527387 10.218270
v 0.222999 -0.495691 10.217040
v 0.386865 -0.333543 10.218040
v 0.349602 -0.321436 10.216830
v 0.386865 -0.093937 10.217760
v 0.349602 -0.106047 10.216580
v 0.246028 0.099908 10.217530
v 0.222999 0.068208 10.216380
v 0.018150 0.173950 10.217450
v 0.018150 0.134767 10.216300
v -0.803930 -0.142227 6.804310
v -0.321906 -0.115964 6.804280
v -0.321906 -0.319512 6.804520
v -0.803930 -0.293249 6.804490
v -0.803930 -0.067525 7.380660
v -0.321906 -0.015392 7.485660
v -0.321906 -0.015482 7.408600
v -0.803930 -0.067601 7.315490
v -1.358730 -0.141388 7.520640
v -1.434550 -0.141435 7.480860
v -1.434550 -0.292456 7.481040
v -1.358730 -0.292410 7.520820
v -0.803930 -0.366601 7.381010
v -0.803930 -0.366677 7.315840
v -0.321906 -0.418578 7.409070
v -0.321906 -0.418488 7.486130
v -0.803930 -0.141552 7.380740
v -0.875232 -0.141552 7.380740
v -0.875232 -0.292574 7.380920
v -0.803930 -0.292574 7.380920
v -0.803930 -0.141628 7.315570
v -0.875232 -0.141628 7.315570
v -0.875232 -0.141552 7.380740
v -0.803930 -0.141552 7.380740
v -0.875232 -0.293249 6.804490
v -0.875232 -0.142227 6.804310
v -0.803930 -0.292574 7.380920
v -0.875232 -0.292574 7.380920
v -0.875232 -0.292650 7.315750
v -0.803930 -0.292650 7.315750
v -0.923007 -0.061300 7.292510
v -1.398430 -0.061135 7.433010
v -1.333980 -0.061096 7.466830
v -0.923007 -0.061235 7.347910
v -0.923007 -0.373032 7.292880
v -0.923007 -0.372967 7.348280
v -1.333980 -0.372828 7.467200
v -1.398430 -0.372867 7.433380
v -1.471850 -0.293096 6.935340
v -1.471850 -0.142074 6.935160
v -0.321906 -0.115166 7.485770
v -0.321906 -0.015392 7.485660
v -0.803930 -0.067525 7.380660
v -0.803930 -0.068200 6.804230
v -0.321906 -0.016190 6.804170
v -0.321906 -0.318714 7.486010
v -0.803930 -0.366601 7.381010
v -0.321906 -0.418488 7.486130
v -0.321906 -0.419286 6.804640
v -0.803930 -0.367276 6.804580
v -0.875232 -0.141628 7.315570
v -0.875232 -0.141552 7.380740
v -1.471850 -0.142074 6.935160
v -1.430130 -0.061678 6.969170
v -0.923007 -0.061809 6.857940
v -0.875232 -0.142227 6.804310
v -1.358730 -0.141388 7.520640
v -1.434550 -0.141435 7.480860
v -0.875232 -0.292650 7.315750
v -0.875232 -0.292574 7.380920
v -1.358730 -0.292410 7.520820
v -1.434550 -0.292456 7.481040
v -1.471850 -0.293096 6.935340
v -0.875232 -0.293249 6.804490
v -0.923007 -0.373541 6.858310
v -1.430130 -0.373411 6.969540
v -0.803930 -0.068127 6.866600
v -0.321906 -0.016103 6.877910
v -0.321906 -0.016190 6.804170
v -0.803930 -0.068200 6.804230
v -0.803930 -0.142154 6.866680
v -0.803930 -0.142227 6.804310
v -0.875232 -0.142227 6.804310
v -0.875232 -0.142154 6.866680
v -0.875232 -0.142154 6.866680
v -0.923007 -0.061747 6.910960
v -1.464460 -0.061606 7.030740
v -1.512240 -0.141989 7.007600
v -1.512240 -0.141989 7.007600
v -1.512240 -0.293011 7.007780
v -1.512240 -0.293011 7.007780
v -1.464460 -0.373338 7.031110
v -0.923007 -0.373479 6.911330
v -0.875232 -0.293176 6.866860
v -0.803930 -0.293176 6.866860
v -0.875232 -0.293176 6.866860
v -0.875232 -0.293249 6.804490
v -0.803930 -0.293249 6.804490
v -0.803930 -0.367276 6.804580
v -0.803930 -0.367203 6.866950
v -0.321906 -0.419286 6.804640
v -0.321906 -0.419199 6.878380
v -0.435329 0.118124 12.261000
v -0.435329 0.116635 10.989161
v -0.514946 -0.039623 10.989350
v -0.514946 -0.038134 12.261190
v -0.311322 0.242131 12.260860
v -0.311322 0.240642 10.989020
v -0.155063 0.321748 12.260770
v -0.155063 0.320259 10.988930
v 0.018150 0.349183 12.260731
v 0.018150 0.347694 10.988890
v 0.191363 0.321748 12.260770
v 0.191363 0.320259 10.988930
v 0.347622 0.242131 12.260860
v 0.347622 0.240642 10.989020
v 0.471629 0.118124 12.261000
v 0.471629 0.116635 10.989161
v 0.551246 -0.038135 12.261190
v 0.551246 -0.039624 10.989350
v 0.578680 -0.211348 12.261391
v 0.578680 -0.212836 10.989551
v 0.551246 -0.384560 12.261590
v 0.551246 -0.386049 10.989750
v 0.471629 -0.540820 12.261780
v 0.471629 -0.542308 10.989940
v 0.347622 -0.664827 12.261920
v 0.347622 -0.666315 10.990080
v 0.191363 -0.744443 12.262010
v 0.191363 -0.745932 10.990170
v 0.018150 -0.771877 12.262050
v 0.018150 -0.773366 10.990210
v -0.155063 -0.744443 12.262010
v -0.155063 -0.745932 10.990170
v 0.018150 -0.773366 10.990210
v 0.018150 -0.771877 12.262050
v -0.311321 -0.664827 12.261920
v -0.311321 -0.666315 10.990080
v -0.435329 -0.540819 12.261780
v -0.435329 -0.542307 10.989940
v -0.514946 -0.384560 12.261590
v -0.514946 -0.386049 10.989750
v -0.542380 -0.211348 12.261391
v -0.542380 -0.212836 10.989551
v -0.435329 0.118124 12.261000
v -0.514946 -0.038134 12.261190
v 0.018150 -0.211348 12.261391
v -0.311322 0.242131 12.260860
v -0.155063 0.321748 12.260770
v 0.018150 0.349183 12.260731
v 0.191363 0.321748 12.260770
v 0.347622 0.242131 12.260860
v 0.471629 0.118124 12.261000
v 0.551246 -0.038135 12.261190
v 0.578680 -0.211348 12.261391
v 0.551246 -0.384560 12.261590
v 0.471629 -0.540820 12.261780
v 0.347622 -0.664827 12.261920
v 0.191363 -0.744443 12.262010
v 0.018150 -0.771877 12.262050
v -0.155063 -0.744443 12.262010
v -0.311321 -0.664827 12.261920
v -0.435329 -0.540819 12.261780
v -0.514946 -0.384560 12.261590
v -0.542380 -0.211348 12.261391
v -0.482278 -0.056706 5.465700
v -0.407540 0.089977 5.465530
v 0.018150 -0.219304 5.465890
v -0.291132 0.206385 5.465400
v -0.144449 0.281123 5.465310
v 0.018150 0.306876 5.465281
v 0.180749 0.281123 5.465310
v 0.327432 0.206384 5.465400
v 0.443839 0.089977 5.465530
v 0.518578 -0.056706 5.465700
v 0.544331 -0.219304 5.465890
v 0.518578 -0.381903 5.466080
v 0.443839 -0.528586 5.466260
v 0.327431 -0.644993 5.466390
v 0.180749 -0.719732 5.466480
v 0.018150 -0.745485 5.466510
v -0.144449 -0.719732 5.466480
v -0.291131 -0.644993 5.466390
v -0.407539 -0.528585 5.466260
v -0.482278 -0.381903 5.466080
v -0.508031 -0.219304 5.465890
v -0.435329 0.115574 10.083079
v -0.435329 0.114315 9.007627
v -0.514946 -0.041943 9.007811
v -0.514946 -0.040684 10.083262
v -0.542380 -0.215157 9.008013
v -0.542380 -0.213898 10.083466
v -0.514946 -0.388370 9.008216
v -0.514946 -0.387110 10.083668
v -0.435329 -0.544628 9.008399
v -0.435329 -0.543368 10.083851
v -0.311321 -0.668636 9.008544
v -0.311321 -0.667376 10.083996
v -0.155063 -0.748253 9.008637
v -0.155063 -0.746993 10.084089
v 0.018150 -0.775687 9.008669
v 0.018150 -0.774427 10.084122
v 0.018150 -0.774427 10.084122
v 0.018150 -0.775687 9.008669
v 0.191363 -0.748253 9.008637
v 0.191363 -0.746993 10.084089
v 0.347622 -0.668636 9.008544
v 0.347622 -0.667376 10.083996
v 0.471629 -0.544629 9.008399
v 0.471629 -0.543369 10.083851
v 0.551246 -0.388370 9.008216
v 0.551246 -0.387110 10.083668
v 0.578680 -0.215157 9.008013
v 0.578680 -0.213898 10.083466
v 0.551246 -0.041944 9.007811
v 0.551246 -0.040685 10.083262
v 0.471629 0.114315 9.007627
v 0.471629 0.115574 10.083079
v 0.347622 0.238322 9.007483
v 0.347622 0.239581 10.082934
v 0.191363 0.317939 9.007389
v 0.191363 0.319198 10.082841
v 0.018150 0.345374 9.007357
v 0.018150 0.346633 10.082809
v -0.155063 0.317939 9.007389
v -0.155063 0.319198 10.082841
v -0.311322 0.238322 9.007483
v -0.311322 0.239581 10.082934
v -0.542380 -0.212836 10.989551
v -0.542380 -0.213898 10.083466
v -0.514946 -0.387110 10.083668
v -0.514946 -0.386049 10.989750
v -0.435329 -0.543368 10.083851
v -0.435329 -0.542307 10.989940
v -0.311321 -0.667376 10.083996
v -0.311321 -0.666315 10.990080
v -0.155063 -0.746993 10.084089
v -0.155063 -0.745932 10.990170
v 0.018150 -0.774427 10.084122
v 0.018150 -0.773366 10.990210
v 0.018150 -0.773366 10.990210
v 0.018150 -0.774427 10.084122
v 0.191363 -0.746993 10.084089
v 0.191363 -0.745932 10.990170
v -0.514946 -0.040684 10.083262
v -0.449150 -0.062063 10.083287
v -0.379359 0.074909 10.083127
v -0.435329 0.115574 10.083079
v -0.542380 -0.213898 10.083466
v -0.473850 -0.213898 10.083466
v 0.347622 -0.667376 10.083996
v 0.306957 -0.611406 10.083931
v 0.170187 -0.681817 10.084013
v 0.191363 -0.746993 10.084089
v 0.471629 -0.543369 10.083851
v 0.415659 -0.502704 10.083803
v 0.551246 -0.387110 10.083668
v 0.485450 -0.365732 10.083643
v 0.578680 -0.213898 10.083466
v 0.509498 -0.213898 10.083466
v 0.551246 -0.040685 10.083262
v 0.485450 -0.062063 10.083287
v 0.471629 0.115574 10.083079
v 0.415659 0.074909 10.083127
v 0.347622 0.239581 10.082934
v 0.306957 0.183611 10.083000
v 0.191363 0.319198 10.082841
v 0.169985 0.253402 10.082918
v 0.018150 0.346633 10.082809
v 0.018150 0.277450 10.082891
v -0.155063 0.319198 10.082841
v -0.133685 0.253402 10.082918
v -0.311322 0.239581 10.082934
v -0.270657 0.183611 10.083000
v -0.435329 0.116635 10.989161
v -0.379359 0.075970 10.989210
v -0.449150 -0.061002 10.989370
v -0.514946 -0.039623 10.989350
v -0.542380 -0.212836 10.989551
v -0.473850 -0.212836 10.989551
v -0.542380 -0.213898 10.083466
v -0.542380 -0.212836 10.989551
v 0.191363 -0.746993 10.084089
v 0.170187 -0.681817 10.084013
v 0.170187 -0.680756 10.990100
v 0.191363 -0.745932 10.990170
v 0.191363 -0.745932 10.990170
v 0.170187 -0.680756 10.990100
v 0.306957 -0.610345 10.990020
v 0.347622 -0.666315 10.990080
v 0.415659 -0.501643 10.989890
v 0.471629 -0.542308 10.989940
v 0.485450 -0.364671 10.989730
v 0.551246 -0.386049 10.989750
v 0.509498 -0.212836 10.989551
v 0.578680 -0.212836 10.989551
v 0.485450 -0.061002 10.989370
v 0.551246 -0.039624 10.989350
v 0.415659 0.075970 10.989210
v 0.471629 0.116635 10.989161
v 0.306957 0.184672 10.989080
v 0.347622 0.240642 10.989020
v 0.169985 0.254463 10.989000
v 0.191363 0.320259 10.988930
v 0.018150 0.278511 10.988980
v 0.018150 0.347694 10.988890
v -0.133685 0.254463 10.989000
v -0.155063 0.320259 10.988930
v -0.270657 0.184672 10.989080
v -0.311322 0.240642 10.989020
v -0.450391 -0.366135 10.083643
v -0.450391 -0.365074 10.989730
v -0.380415 -0.503471 10.083804
v -0.380415 -0.502410 10.989890
v -0.271424 -0.612462 10.083932
v -0.271424 -0.611401 10.990020
v -0.134088 -0.682438 10.084014
v -0.134088 -0.681377 10.990100
v 0.018150 -0.706550 10.084042
v 0.018150 -0.705489 10.990130
v 0.017824 -0.214550 10.083467
v 0.017824 -0.213488 10.989551
v -0.319440 0.026965 6.316751
v -0.527372 0.176870 5.319910
v -0.623149 -0.011104 5.320130
v -0.378711 -0.089360 6.316880
v -0.656152 -0.219475 5.320370
v -0.399134 -0.218309 6.317030
v -0.623149 -0.427846 5.320621
v -0.378710 -0.347257 6.317180
v -0.527371 -0.615820 5.320840
v -0.319440 -0.463581 6.317320
v -0.378195 -0.764996 5.321010
v -0.227123 -0.555898 6.317430
v -0.190221 -0.860773 5.321130
v -0.110798 -0.615167 6.317500
v 0.018150 -0.893776 5.321160
v 0.018150 -0.635592 6.317520
v 0.018150 -0.635592 6.317520
v 0.018150 -0.893776 5.321160
v 0.226521 -0.860773 5.321130
v 0.147098 -0.615167 6.317500
v 0.414495 -0.764996 5.321010
v 0.263423 -0.555898 6.317430
v 0.563672 -0.615820 5.320840
v 0.355740 -0.463581 6.317320
v 0.659449 -0.427846 5.320621
v 0.415011 -0.347257 6.317180
v 0.692452 -0.219475 5.320370
v 0.435434 -0.218309 6.317030
v 0.659449 -0.011104 5.320130
v 0.415011 -0.089360 6.316880
v 0.563672 0.176870 5.319910
v 0.355740 0.026965 6.316751
v 0.414495 0.326047 5.319740
v 0.263423 0.119281 6.316640
v 0.226521 0.421824 5.319620
v 0.147098 0.178552 6.316570
v 0.018150 0.454827 5.319580
v 0.018150 0.198975 6.316540
v -0.190221 0.421824 5.319620
v -0.110798 0.178552 6.316570
v -0.378195 0.326047 5.319740
v -0.227123 0.119281 6.316640
v -0.664494 0.276498 5.322620
v -0.675597 0.284483 5.252450
v -0.797398 0.045434 5.252730
v -0.784346 0.041275 5.322900
v -0.839368 -0.219554 5.253040
v -0.825644 -0.219472 5.323200
v -0.797398 -0.484542 5.253360
v -0.784345 -0.480217 5.323510
v -0.675596 -0.723589 5.253630
v -0.664493 -0.715440 5.323791
v -0.485886 -0.913300 5.253860
v -0.477819 -0.902115 5.324000
v -0.246838 -1.035099 5.254000
v -0.242597 -1.021969 5.324140
v 0.018150 -1.077069 5.254050
v 0.018150 -1.063269 5.324190
v 0.018150 -1.063269 5.324190
v 0.018150 -1.077069 5.254050
v 0.283138 -1.035099 5.254000
v 0.278897 -1.021969 5.324140
v 0.522186 -0.913300 5.253860
v 0.514120 -0.902115 5.324000
v 0.711896 -0.723590 5.253630
v 0.700794 -0.715441 5.323791
v 0.833698 -0.484542 5.253360
v 0.820645 -0.480218 5.323510
v 0.875668 -0.219554 5.253040
v 0.861944 -0.219472 5.323200
v 0.833698 0.045434 5.252730
v 0.820645 0.041275 5.322900
v 0.711897 0.284483 5.252450
v 0.700794 0.276498 5.322620
v 0.522186 0.474192 5.252230
v 0.514120 0.463172 5.322400
v 0.283138 0.595994 5.252090
v 0.278897 0.583024 5.322260
v 0.018150 0.637964 5.252040
v 0.018150 0.624322 5.322220
v -0.246838 0.595994 5.252090
v -0.242597 0.583024 5.322260
v -0.485887 0.474193 5.252230
v -0.477820 0.463172 5.322400
v -0.527372 0.176870 5.319910
v -0.623149 -0.011104 5.320130
v -0.634582 -0.007472 5.249970
v -0.797398 0.045434 5.252730
v -0.675597 0.284483 5.252450
v -0.537097 0.183854 5.249740
v -0.656152 -0.219475 5.320370
v -0.668173 -0.219557 5.250210
v -0.839368 -0.219554 5.253040
v -0.623149 -0.427846 5.320621
v -0.634582 -0.431643 5.250460
v -0.797398 -0.484542 5.253360
v -0.527371 -0.615820 5.320840
v -0.537097 -0.622968 5.250690
v -0.675596 -0.723589 5.253630
v -0.378195 -0.764996 5.321010
v -0.385261 -0.774804 5.250870
v -0.485886 -0.913300 5.253860
v -0.190221 -0.860773 5.321130
v -0.193936 -0.872289 5.250980
v -0.246838 -1.035099 5.254000
v 0.018150 -0.893776 5.321160
v 0.018150 -0.905880 5.251020
v 0.018150 -1.077069 5.254050
v 0.018150 -0.893776 5.321160
v 0.226521 -0.860773 5.321130
v 0.230236 -0.872289 5.250980
v 0.283138 -1.035099 5.254000
v 0.414495 -0.764996 5.321010
v 0.421561 -0.774804 5.250870
v 0.522186 -0.913300 5.253860
v 0.563672 -0.615820 5.320840
v 0.573397 -0.622968 5.250690
v 0.711896 -0.723590 5.253630
v 0.659449 -0.427846 5.320621
v 0.670882 -0.431643 5.250460
v 0.833698 -0.484542 5.253360
v 0.692452 -0.219475 5.320370
v 0.704473 -0.219557 5.250210
v 0.875668 -0.219554 5.253040
v 0.659449 -0.011104 5.320130
v 0.670882 -0.007472 5.249970
v 0.833698 0.045434 5.252730
v 0.563672 0.176870 5.319910
v 0.573397 0.183854 5.249740
v 0.711897 0.284483 5.252450
v 0.414495 0.326047 5.319740
v 0.421561 0.335690 5.249560
v 0.522186 0.474192 5.252230
v 0.226521 0.421824 5.319620
v 0.230236 0.433175 5.249450
v 0.283138 0.595994 5.252090
v 0.018150 0.454827 5.319580
v 0.018150 0.466766 5.249410
v 0.018150 0.637964 5.252040
v -0.190221 0.421824 5.319620
v -0.193936 0.433175 5.249450
v -0.246838 0.595994 5.252090
v -0.378195 0.326047 5.319740
v -0.385261 0.335690 5.249560
v -0.485887 0.474193 5.252230
v -0.378711 -0.086357 8.881774
v -0.399134 -0.215305 8.881926
v -0.378710 -0.344253 8.882076
v -0.319440 -0.460578 8.882212
v -0.227123 -0.552894 8.882320
v -0.110798 -0.612164 8.882390
v 0.018150 -0.632588 8.882414
v 0.018150 -0.632588 8.882414
v 0.147098 -0.612164 8.882390
v 0.263423 -0.552894 8.882320
v 0.355740 -0.460578 8.882212
v 0.415011 -0.344253 8.882076
v 0.435434 -0.215305 8.881926
v 0.415011 -0.086357 8.881774
v 0.355740 0.029968 8.881639
v 0.263423 0.122285 8.881530
v 0.147098 0.181556 8.881460
v 0.018150 0.201979 8.881436
v -0.110798 0.181556 8.881460
v -0.227123 0.122285 8.881530
v -0.319440 0.029968 8.881639
v -0.378711 -0.086357 8.881774
v -0.399134 -0.215305 8.881926
v -0.378710 -0.344253 8.882076
v -0.319440 -0.460578 8.882212
v -0.227123 -0.552894 8.882320
v -0.110798 -0.612164 8.882390
v 0.018150 -0.632588 8.882414
v 0.018150 -0.632588 8.882414
v 0.147098 -0.612164 8.882390
v 0.263423 -0.552894 8.882320
v 0.355740 -0.460578 8.882212
v 0.415011 -0.344253 8.882076
v 0.435434 -0.215305 8.881926
v 0.415011 -0.086357 8.881774
v 0.355740 0.029968 8.881639
v 0.263423 0.122285 8.881530
v 0.147098 0.181556 8.881460
v 0.018150 0.201979 8.881436
v -0.110798 0.181556 8.881460
v -0.227123 0.122285 8.881530
v -0.319440 0.029968 8.881639
v -0.038000 0.277651 10.998820
v -0.038000 0.276567 10.073050
v -0.186818 0.235210 10.073097
v -0.186818 0.236294 10.998860
v -0.315571 0.149890 10.073197
v -0.315571 0.150974 10.998960
v -0.411658 0.028959 10.073339
v -0.411658 0.030043 10.999110
v -0.465672 -0.115746 10.073508
v -0.465672 -0.114662 10.999280
v -0.472326 -0.270059 10.073689
v -0.472326 -0.268975 10.999460
v -0.430969 -0.418877 10.073863
v -0.430969 -0.417793 10.999630
v -0.038000 0.277651 10.998820
v -0.031136 0.217686 10.998890
v -0.031136 0.216602 10.073119
v -0.038000 0.276567 10.073050
v -0.430969 -0.418877 10.073863
v -0.376060 -0.393818 10.073834
v -0.376060 -0.392734 10.999600
v -0.430969 -0.417793 10.999630
v -0.161997 0.180824 10.073161
v -0.161997 0.181908 10.998930
v -0.275160 0.105836 10.073249
v -0.275160 0.106920 10.999021
v -0.359611 -0.000451 10.073373
v -0.359611 0.000633 10.999140
v -0.407084 -0.127633 10.073523
v -0.407084 -0.126549 10.999290
v -0.412932 -0.263260 10.073681
v -0.412932 -0.262176 10.999451
v -0.057361 -1.205600 11.151340
v -0.083624 -0.723575 11.150780
v 0.119924 -0.723575 11.150780
v 0.093661 -1.205600 11.151340
v -0.083624 -0.722308 12.233330
v -0.057361 -1.204540 12.055820
v 0.093661 -1.204540 12.055820
v 0.119924 -0.722308 12.233330
v -0.057361 -1.204921 11.727770
v 0.093661 -1.204921 11.727770
v -0.057361 -1.204540 12.055820
v -0.083624 -0.722308 12.233330
v -0.083624 -0.722777 11.832270
v -0.057361 -1.204921 11.727770
v 0.093661 -1.204540 12.055820
v 0.093661 -1.204921 11.727770
v 0.119924 -0.722777 11.832270
v 0.119924 -0.722308 12.233330
v -0.131388 -1.204921 11.727770
v -0.183398 -0.722777 11.832270
v -0.183398 -0.722867 11.755210
v -0.131388 -1.205000 11.662600
v -0.057361 -1.759560 11.868320
v -0.057361 -1.835420 11.828630
v 0.093661 -1.835420 11.828630
v 0.093661 -1.759560 11.868320
v 0.167688 -1.204921 11.727770
v 0.167688 -1.205000 11.662600
v 0.219698 -0.722867 11.755210
v 0.219698 -0.722777 11.832270
v -0.057361 -1.276220 11.727859
v 0.093661 -1.276220 11.727859
v -0.057361 -1.205000 11.662600
v -0.057361 -1.276300 11.662690
v -0.057361 -1.276220 11.727859
v -0.057361 -1.204921 11.727770
v 0.093661 -1.276900 11.151430
v -0.057361 -1.276900 11.151430
v 0.093661 -1.204921 11.727770
v 0.093661 -1.276220 11.727859
v 0.093661 -1.276300 11.662690
v 0.093661 -1.205000 11.662600
v -0.137716 -1.324110 11.639771
v -0.137716 -1.799361 11.780830
v -0.137716 -1.734870 11.814569
v -0.137716 -1.324040 11.695169
v 0.174016 -1.324110 11.639771
v 0.174016 -1.324040 11.695169
v 0.174016 -1.734870 11.814569
v 0.174016 -1.799361 11.780830
v 0.093661 -1.873360 11.282980
v -0.057361 -1.873360 11.282980
v -0.183398 -0.722777 11.832270
v -0.131388 -1.204921 11.727770
v -0.131388 -1.205600 11.151340
v -0.183398 -0.723575 11.150780
v 0.119924 -0.722777 11.832270
v 0.093661 -1.204921 11.727770
v 0.167688 -1.204921 11.727770
v 0.219698 -0.722777 11.832270
v 0.219698 -0.723575 11.150780
v 0.167688 -1.205600 11.151340
v -0.057361 -1.276300 11.662690
v -0.057361 -1.276220 11.727859
v -0.057361 -1.873360 11.282980
v -0.137716 -1.831600 11.317030
v -0.137716 -1.324610 11.205200
v -0.057361 -1.276900 11.151430
v -0.057361 -1.759560 11.868320
v -0.057361 -1.835420 11.828630
v 0.093661 -1.276300 11.662690
v 0.093661 -1.276220 11.727859
v 0.093661 -1.759560 11.868320
v 0.093661 -1.835420 11.828630
v 0.093661 -1.873360 11.282980
v 0.093661 -1.276900 11.151430
v 0.174016 -1.324610 11.205200
v 0.174016 -1.831600 11.317030
v -0.131388 -1.205530 11.213710
v -0.183398 -0.723489 11.224520
v -0.183398 -0.723575 11.150780
v -0.131388 -1.205600 11.151340
v -0.057361 -1.205530 11.213710
v -0.057361 -1.205600 11.151340
v -0.057361 -1.276900 11.151430
v -0.057361 -1.276820 11.213800
v -0.057361 -1.276820 11.213800
v -0.137716 -1.324550 11.258220
v -0.137716 -1.865860 11.378640
v -0.057361 -1.913670 11.355460
v -0.057361 -1.913670 11.355460
v 0.093661 -1.913670 11.355460
v 0.093661 -1.913670 11.355460
v 0.174016 -1.865860 11.378640
v 0.174016 -1.324550 11.258220
v 0.093661 -1.276820 11.213800
v 0.093661 -1.205530 11.213710
v 0.093661 -1.276820 11.213800
v 0.093661 -1.276900 11.151430
v 0.093661 -1.205600 11.151340
v 0.167688 -1.205600 11.151340
v 0.167688 -1.205530 11.213710
v 0.219698 -0.723575 11.150780
v 0.219698 -0.723489 11.224520
v -0.417205 -0.210709 12.807120
v -0.381850 -0.210693 12.820860
v -0.264693 0.072109 12.785330
v -0.289693 0.097093 12.771561
v -0.346495 -0.210709 12.807120
v -0.239693 0.047093 12.771620
v -0.331850 -0.210748 12.773931
v -0.229337 0.036698 12.738441
v -0.346495 -0.210786 12.740750
v -0.239693 0.047016 12.705250
v -0.381850 -0.210803 12.727000
v -0.264693 0.071999 12.691470
v -0.417205 -0.210786 12.740750
v -0.289693 0.097016 12.705191
v -0.431850 -0.210748 12.773931
v -0.300048 0.107409 12.738360
v -0.300048 0.107409 12.738360
v 0.300993 0.072027 12.714940
v 0.325993 0.097011 12.701160
v 0.275993 0.047011 12.701221
v 0.265637 0.036616 12.668040
v 0.275993 0.046933 12.634851
v 0.300993 0.071917 12.621070
v 0.325993 0.096933 12.634790
v 0.336348 0.107327 12.667960
v 0.336348 0.107327 12.667960
v 0.300993 -0.493742 12.645201
v 0.325993 -0.518758 12.631480
v 0.275993 -0.468758 12.631420
v 0.265637 -0.458441 12.598230
v 0.275993 -0.468835 12.565050
v 0.300993 -0.493851 12.551331
v 0.325993 -0.518835 12.565110
v 0.336348 -0.529151 12.598310
v 0.336348 -0.529151 12.598310
v -0.264693 -0.493824 12.574800
v -0.289693 -0.518840 12.561080
v -0.239693 -0.468840 12.561020
v -0.229337 -0.458523 12.527830
v -0.239693 -0.468918 12.494650
v -0.264693 -0.493934 12.480930
v -0.289693 -0.518918 12.494710
v -0.300048 -0.529234 12.527910
v -0.300048 -0.529234 12.527910
v -0.264693 0.071780 12.503740
v -0.289693 0.096764 12.489960
v -0.239693 0.046764 12.490021
v -0.229338 0.036369 12.456850
v -0.239693 0.046686 12.423651
v -0.264693 0.071670 12.409870
v -0.289693 0.096686 12.423590
v -0.300048 0.107079 12.456770
v -0.300048 0.107079 12.456770
v 0.300993 0.071697 12.433340
v 0.325993 0.096681 12.419570
v 0.275993 0.046681 12.419630
v 0.265637 0.036286 12.386450
v 0.275993 0.046603 12.353251
v 0.300993 0.071587 12.339480
v 0.325993 0.096603 12.353190
v 0.336348 0.106997 12.386370
v 0.336348 0.106997 12.386370
v 0.300993 -0.494071 12.363600
v 0.325993 -0.519087 12.349890
v 0.275993 -0.469087 12.349831
v 0.265637 -0.458770 12.316630
v 0.275993 -0.469165 12.283450
v 0.300993 -0.494181 12.269740
v 0.325993 -0.519165 12.283510
v 0.336348 -0.529481 12.316710
v 0.336348 -0.529481 12.316710
v -0.264693 -0.494153 12.293200
v -0.289693 -0.519169 12.279490
v -0.239693 -0.469169 12.279430
v -0.229338 -0.458852 12.246230
v -0.239693 -0.469247 12.213060
v -0.264693 -0.494263 12.199340
v -0.289693 -0.519246 12.213120
v -0.300048 -0.529563 12.246310
v -0.300048 -0.529563 12.246310
v -0.381850 -0.211351 12.257670
v -0.417205 -0.211367 12.243930
v -0.346495 -0.211368 12.243930
v -0.331850 -0.211407 12.210740
v -0.346495 -0.211445 12.177560
v -0.381850 -0.211460 12.163811
v -0.417205 -0.211444 12.177560
v -0.431850 -0.211406 12.210740
v 0.018150 0.001479 13.010090
v 0.018150 0.181080 12.941690
v -0.258775 0.066375 12.941820
v -0.131721 -0.060599 13.010160
v 0.168021 -0.060599 13.010160
v 0.295075 0.066375 12.941820
v 0.230099 -0.210471 13.010340
v 0.409781 -0.210551 12.942150
v 0.168021 -0.360342 13.010510
v 0.295075 -0.487475 12.942471
v 0.018150 -0.422420 13.010591
v 0.018150 -0.602181 12.942610
v -0.131721 -0.360342 13.010510
v -0.258775 -0.487475 12.942471
v -0.193799 -0.210471 13.010340
v -0.373481 -0.210551 12.942150
v 0.018150 0.301021 12.839490
v -0.343670 0.151150 12.839670
v 0.379970 0.151150 12.839670
v 0.529841 -0.210670 12.840090
v 0.379970 -0.572490 12.840510
v 0.018150 -0.722361 12.840691
v -0.343670 -0.572490 12.840510
v -0.493541 -0.210670 12.840090
v 0.018150 0.343039 12.719060
v -0.373481 0.180820 12.719250
v 0.409781 0.180820 12.719250
v 0.572000 -0.210811 12.719710
v 0.409781 -0.602442 12.720170
v 0.018150 -0.764661 12.720360
v -0.373481 -0.602442 12.720170
v -0.535700 -0.210811 12.719710
v 0.018150 -0.210443 13.034290
v -0.373481 0.180820 12.719250
v 0.018150 0.343039 12.719060
v 0.018150 -0.210811 12.719710
v 0.409781 0.180820 12.719250
v 0.572000 -0.210811 12.719710
v 0.409781 -0.602442 12.720170
v 0.018150 -0.764661 12.720360
v -0.373481 -0.602442 12.720170
v -0.535700 -0.210811 12.719710
v 0.648325 1.491930 10.064030
v 0.678649 1.491750 10.076591
v 0.678635 1.917360 10.076093
v 0.648310 1.917340 10.063532
v 0.640048 0.517201 10.065171
v 0.669722 0.510967 10.077740
v 0.583870 0.348576 10.065369
v 0.491087 0.237911 10.065498
v 0.510834 0.214910 10.078086
v 0.611989 0.338242 10.077942
v 0.092320 0.097927 10.065662
v 0.094144 0.067671 10.078259
v 0.345903 0.116316 10.078201
v 0.338023 0.145021 10.065607
v 0.708973 1.491530 10.064031
v 0.708960 1.917340 10.063532
v 0.699397 0.504705 10.065186
v 0.530580 0.191881 10.065552
v 0.640109 0.327880 10.065393
v 0.095968 0.037386 10.065733
v 0.353783 0.087581 10.065674
v 0.721534 1.491410 10.033706
v 0.721521 1.917310 10.033207
v 0.711688 0.502081 10.034864
v 0.538759 0.182312 10.035238
v 0.651757 0.323558 10.035073
v 0.096724 0.024812 10.035422
v 0.357047 0.075648 10.035363
v 0.721534 1.491410 10.033706
v 0.708973 1.491460 10.003381
v 0.708960 1.917270 10.002881
v 0.721521 1.917310 10.033207
v 0.711688 0.502081 10.034864
v 0.699397 0.504633 10.004537
v 0.538759 0.182312 10.035238
v 0.530580 0.191810 10.004902
v 0.640109 0.327809 10.004744
v 0.651757 0.323558 10.035073
v 0.096724 0.024812 10.035422
v 0.095968 0.037315 10.005083
v 0.353783 0.087510 10.005024
v 0.357047 0.075648 10.035363
v 0.678649 1.491650 9.990820
v 0.678635 1.917250 9.990320
v 0.669722 0.510867 9.991967
v 0.510834 0.214810 9.992314
v 0.611989 0.338142 9.992170
v 0.094144 0.067571 9.992486
v 0.345903 0.116215 9.992429
v 0.648325 1.491860 10.003380
v 0.648310 1.917270 10.002881
v 0.640048 0.517129 10.004521
v 0.583870 0.348505 10.004718
v 0.491087 0.237840 10.004848
v 0.092320 0.097856 10.005013
v 0.338023 0.144950 10.004957
v 0.635764 1.491990 10.033705
v 0.635749 1.917310 10.033207
v 0.627756 0.519753 10.034843
v 0.482908 0.247408 10.035162
v 0.572222 0.352826 10.035038
v 0.091565 0.110429 10.035322
v 0.334759 0.156882 10.035268
v 0.678635 1.917360 10.076093
v 0.678635 1.917310 10.033207
v 0.708960 1.917340 10.063532
v 0.721521 1.917310 10.033207
v 0.708960 1.917270 10.002881
v 0.678635 1.917250 9.990320
v 1.439030 0.962996 11.059151
v 1.469350 0.962811 11.071711
v 1.469340 1.918520 11.070591
v 1.439010 1.918510 11.058031
v 1.430750 0.273027 11.059960
v 1.460420 0.266794 11.072530
v 1.293670 -0.109757 11.060410
v 1.320020 -0.124744 11.072990
v 1.408330 0.074342 11.072750
v 1.380210 0.084675 11.060181
v 1.001870 -0.470726 11.060830
v 1.020770 -0.494430 11.073420
v 1.198800 -0.309898 11.073200
v 1.175840 -0.290943 11.060620
v 0.785880 -0.599063 11.060980
v 0.512566 -0.682553 11.061080
v 0.519129 -0.712145 11.073680
v 0.798820 -0.625610 11.073570
v 0.158378 -0.694626 11.061090
v 0.134528 -0.719391 11.073680
v 1.499680 0.962596 11.059151
v 1.499660 1.918510 11.058031
v 1.490100 0.260531 11.059980
v 1.346380 -0.139759 11.060440
v 1.436450 0.063979 11.060210
v 1.039660 -0.518165 11.060890
v 1.221760 -0.328883 11.060670
v 0.525692 -0.741766 11.061150
v 0.811760 -0.652187 11.061040
v 0.110678 -0.744185 11.061150
v 1.512240 0.962470 11.028820
v 1.512220 1.918470 11.027700
v 1.502390 0.257908 11.029650
v 1.357290 -0.146008 11.030120
v 1.448090 0.059658 11.029881
v 1.047490 -0.528026 11.030570
v 1.231270 -0.336776 11.030350
v 0.528410 -0.754065 11.030830
v 0.817120 -0.663225 11.030730
v 0.100799 -0.754485 11.030830
v 1.499680 0.962525 10.998501
v 1.499660 1.918430 10.997380
v 1.490100 0.260460 10.999331
v 1.346380 -0.139830 10.999800
v 1.436450 0.063908 10.999560
v 1.039660 -0.518236 11.000240
v 1.221760 -0.328954 11.000020
v 0.525692 -0.741837 11.000500
v 0.811760 -0.652258 11.000401
v 0.110678 -0.744257 11.000500
v 1.469350 0.962710 10.985940
v 1.469340 1.918420 10.984820
v 1.460420 0.266694 10.986760
v 1.320020 -0.124844 10.987220
v 1.408330 0.074242 10.986980
v 1.020770 -0.494531 10.987650
v 1.198800 -0.309999 10.987431
v 0.519129 -0.712246 10.987910
v 0.798820 -0.625711 10.987801
v 0.134528 -0.719492 10.987910
v 1.439030 0.962925 10.998501
v 1.439010 1.918430 10.997380
v 1.430750 0.272956 10.999310
v 1.293670 -0.109828 10.999760
v 1.380210 0.084604 10.999530
v 1.001870 -0.470797 11.000180
v 1.175840 -0.291014 10.999970
v 0.785880 -0.599134 11.000330
v 0.512566 -0.682624 11.000430
v 0.158378 -0.694697 11.000441
v 1.426470 0.963050 11.028820
v 1.426450 1.918470 11.027700
v 1.418460 0.275580 11.029631
v 1.282750 -0.103580 11.030070
v 1.368560 0.088926 11.029850
v 0.994048 -0.460937 11.030490
v 1.166340 -0.283121 11.030280
v 0.509848 -0.670325 11.030740
v 0.780520 -0.588096 11.030640
v 0.168257 -0.684397 11.030750
v 1.426470 0.963050 11.028820
v 1.426450 1.918470 11.027700
v 1.418460 0.275580 11.029631
v 1.282750 -0.103580 11.030070
v 1.368560 0.088926 11.029850
v 0.994048 -0.460937 11.030490
v 1.166340 -0.283121 11.030280
v 0.509848 -0.670325 11.030740
v 0.780520 -0.588096 11.030640
v 0.168257 -0.684397 11.030750
v 1.439010 1.918510 11.058031
v 1.469340 1.918520 11.070591
v 1.469340 1.918470 11.027700
v 1.469340 1.918420 10.984820
v 1.439010 1.918430 10.997380
v 1.426450 1.918470 11.027700
v 1.439030 0.961831 10.064651
v 1.469350 0.961646 10.077211
v 1.469340 1.917360 10.076093
v 1.439010 1.917340 10.063532
v 1.430750 0.271863 10.065458
v 1.460420 0.265629 10.078028
v 1.293670 -0.110922 10.065907
v 1.320020 -0.125908 10.078485
v 1.408330 0.073177 10.078252
v 1.380210 0.083511 10.065680
v 1.001870 -0.471891 10.066329
v 1.020770 -0.495595 10.078918
v 1.198800 -0.311063 10.078702
v 1.175840 -0.292108 10.066119
v 0.785880 -0.600228 10.066480
v 0.512566 -0.683718 10.066577
v 0.519129 -0.713310 10.079173
v 0.798820 -0.626775 10.079072
v 0.158378 -0.695791 10.066591
v 0.134528 -0.720556 10.079182
v 1.499680 0.961431 10.064651
v 1.499660 1.917340 10.063532
v 1.490100 0.259367 10.065474
v 1.346380 -0.140924 10.065942
v 1.436450 0.062815 10.065703
v 1.039660 -0.519330 10.066385
v 1.221760 -0.330048 10.066163
v 0.525692 -0.742931 10.066647
v 0.811760 -0.653352 10.066542
v 0.110678 -0.745350 10.066649
v 1.512240 0.961306 10.034327
v 1.512220 1.917310 10.033207
v 1.502390 0.256743 10.035151
v 1.357290 -0.147173 10.035625
v 1.448090 0.058493 10.035383
v 1.047490 -0.529190 10.036071
v 1.231270 -0.337940 10.035847
v 0.528410 -0.755230 10.036336
v 0.817120 -0.664390 10.036230
v 0.100799 -0.755649 10.036337
v 1.499680 0.961360 10.004002
v 1.499660 1.917270 10.002881
v 1.490100 0.259296 10.004824
v 1.346380 -0.140995 10.005292
v 1.436450 0.062744 10.005054
v 1.039660 -0.519401 10.005735
v 1.221760 -0.330119 10.005513
v 0.525692 -0.743002 10.005997
v 0.811760 -0.653423 10.005892
v 0.110678 -0.745421 10.006001
v 1.469350 0.961545 9.991440
v 1.469340 1.917250 9.990320
v 1.460420 0.265529 9.992255
v 1.320020 -0.126009 9.992713
v 1.408330 0.073077 9.992480
v 1.020770 -0.495696 9.993146
v 1.198800 -0.311164 9.992930
v 0.519129 -0.713410 9.993401
v 0.798820 -0.626875 9.993300
v 0.134528 -0.720656 9.993410
v 1.439030 0.961760 10.004001
v 1.439010 1.917270 10.002881
v 1.430750 0.271792 10.004808
v 1.293670 -0.110993 10.005258
v 1.380210 0.083440 10.005030
v 1.001870 -0.471962 10.005679
v 1.175840 -0.292179 10.005469
v 0.785880 -0.600299 10.005830
v 0.512566 -0.683789 10.005927
v 0.158378 -0.695862 10.005942
v 1.426470 0.961886 10.034326
v 1.426450 1.917310 10.033207
v 1.418460 0.274415 10.035131
v 1.282750 -0.104745 10.035574
v 1.368560 0.087761 10.035349
v 0.994048 -0.462101 10.035994
v 1.166340 -0.284285 10.035784
v 0.509848 -0.671490 10.036238
v 0.780520 -0.589261 10.036142
v 0.168257 -0.685562 10.036254
v 1.426470 0.961886 10.034326
v 1.426450 1.917310 10.033207
v 1.418460 0.274415 10.035131
v 1.282750 -0.104745 10.035574
v 1.368560 0.087761 10.035349
v 0.994048 -0.462101 10.035994
v 1.166340 -0.284285 10.035784
v 0.509848 -0.671490 10.036238
v 0.780520 -0.589261 10.036142
v 0.168257 -0.685562 10.036254
v 1.439010 1.917340 10.063532
v 1.469340 1.917360 10.076093
v 1.469340 1.917310 10.033207
v 1.469340 1.917250 9.990320
v 1.439010 1.917270 10.002881
v 1.426450 1.917310 10.033207
v 0.648325 1.493100 11.058531
v 0.678649 1.492910 11.071091
v 0.678635 1.918520 11.070591
v 0.648310 1.918510 11.058031
v 0.640048 0.518365 11.059670
v 0.669722 0.512132 11.072241
v 0.583870 0.349740 11.059870
v 0.491087 0.239075 11.060000
v 0.510834 0.216075 11.072590
v 0.611989 0.339407 11.072440
v 0.092320 0.099091 11.060170
v 0.094144 0.068836 11.072761
v 0.345903 0.117480 11.072701
v 0.338023 0.146186 11.060110
v 0.708973 1.492700 11.058531
v 0.708960 1.918510 11.058031
v 0.699397 0.505869 11.059690
v 0.530580 0.193045 11.060061
v 0.640109 0.329044 11.059900
v 0.095968 0.038550 11.060240
v 0.353783 0.088745 11.060181
v 0.721534 1.492570 11.028200
v 0.721521 1.918470 11.027700
v 0.711688 0.503246 11.029360
v 0.538759 0.183477 11.029740
v 0.651757 0.324723 11.029571
v 0.096724 0.025977 11.029921
v 0.357047 0.076813 11.029860
v 0.721534 1.492570 11.028200
v 0.708973 1.492620 10.997881
v 0.708960 1.918430 10.997380
v 0.721521 1.918470 11.027700
v 0.711688 0.503246 11.029360
v 0.699397 0.505798 10.999041
v 0.538759 0.183477 11.029740
v 0.530580 0.192974 10.999411
v 0.640109 0.328973 10.999250
v 0.651757 0.324723 11.029571
v 0.096724 0.025977 11.029921
v 0.095968 0.038479 10.999590
v 0.353783 0.088674 10.999530
v 0.357047 0.076813 11.029860
v 0.678649 1.492810 10.985320
v 0.678635 1.918420 10.984820
v 0.669722 0.512031 10.986470
v 0.510834 0.215975 10.986820
v 0.611989 0.339307 10.986670
v 0.094144 0.068736 10.986990
v 0.345903 0.117380 10.986930
v 0.648325 1.493020 10.997881
v 0.648310 1.918430 10.997380
v 0.640048 0.518294 10.999021
v 0.583870 0.349669 10.999220
v 0.491087 0.239004 10.999351
v 0.092320 0.099020 10.999520
v 0.338023 0.146114 10.999460
v 0.635764 1.493150 11.028200
v 0.635749 1.918470 11.027700
v 0.627756 0.520918 11.029341
v 0.482908 0.248573 11.029660
v 0.572222 0.353991 11.029540
v 0.091565 0.111594 11.029820
v 0.334759 0.158047 11.029770
v 0.678635 1.918520 11.070591
v 0.678635 1.918470 11.027700
v 0.708960 1.918510 11.058031
v 0.721521 1.918470 11.027700
v 0.708960 1.918430 10.997380
v 0.678635 1.918420 10.984820
vn -0.7361 0.5353 0.4142
vn -0.2812 0.8658 0.4138
vn 0.2812 0.8658 0.4138
vn -0.2812 0.8658 0.4139
vn -0.2812 0.8659 0.4138
vn 0.2812 0.8659 0.4138
vn 0.7361 0.5353 0.4142
vn 0.9099 0.0005 0.4148
vn 0.9099 0.0005 0.4149
vn 0.7361 -0.5343 0.4155
vn 0.7361 -0.5343 0.4154
vn 0.2812 -0.8649 0.4159
vn -0.2812 -0.8649 0.4159
vn 0.2812 -0.8649 0.4158
vn -0.2812 -0.8649 0.4158
vn -0.7361 -0.5344 0.4154
vn -0.7361 -0.5343 0.4155
vn -0.7361 -0.5343 0.4154
vn -0.7361 0.5354 0.4142
vn -0.7362 0.5353 0.4142
vn -0.0000 0.0012 1.0000
vn -0.2811 0.8659 0.4138
vn 0.7362 0.5353 0.4142
vn 0.9099 0.0004 0.4148
vn 0.7361 -0.5344 0.4154
vn 0.2811 -0.8649 0.4158
vn -0.7362 -0.5343 0.4154
vn -0.2811 -0.8649 0.4159
vn -0.7361 -0.5344 0.4155
vn -0.0000 -0.0012 -1.0000
vn -0.0000 -0.0011 -1.0000
vn -0.8090 0.5878 -0.0007
vn -1.0000 -0.0000 -0.0000
vn -0.8090 -0.5878 0.0007
vn -0.0001 -0.0011 -1.0000
vn -0.3090 -0.9511 0.0011
vn -0.0001 -0.0012 -1.0000
vn 0.3090 -0.9511 0.0011
vn -0.3090 -0.9511 0.0012
vn 0.8090 -0.5878 0.0007
vn 1.0000 -0.0000 -0.0000
vn 0.8090 -0.5878 0.0006
vn 0.8090 0.5878 -0.0007
vn 0.0001 -0.0012 -1.0000
vn 0.3090 0.9511 -0.0011
vn 0.8090 0.5878 -0.0006
vn 0.0001 -0.0011 -1.0000
vn -0.8090 0.5878 -0.0004
vn -0.7452 0.2414 -0.6215
vn -0.4606 0.6332 -0.6220
vn -0.7452 0.2414 -0.6216
vn -0.7453 0.2414 -0.6215
vn -0.7452 -0.2429 -0.6210
vn -0.7453 -0.2429 -0.6210
vn -0.4606 -0.6347 -0.6205
vn -0.0000 -0.7843 -0.6203
vn 0.4606 -0.6347 -0.6205
vn -0.0000 -0.7843 -0.6204
vn 0.7452 -0.2429 -0.6210
vn 0.7453 -0.2429 -0.6210
vn 0.7452 0.2414 -0.6216
vn 0.4606 0.6332 -0.6220
vn 0.7453 0.2414 -0.6215
vn -0.0000 0.7829 -0.6222
vn -0.4657 0.6295 -0.6220
vn -0.8090 0.5878 -0.0006
vn -0.8090 0.5878 -0.0008
vn -0.7472 0.2354 -0.6215
vn -0.8090 -0.5878 0.0008
vn -0.4606 -0.6346 -0.6206
vn -0.7453 -0.2429 -0.6209
vn -0.7433 -0.2490 -0.6209
vn -1.0000 0.0001 0.0001
vn -0.3090 -0.9510 0.0011
vn -0.4554 -0.6384 -0.6205
vn -0.8091 -0.5877 0.0007
vn -0.3090 -0.9510 0.0012
vn 0.3090 -0.9511 0.0012
vn 0.0001 -0.7844 -0.6203
vn 0.0064 -0.7843 -0.6203
vn -0.3091 -0.9510 0.0011
vn 0.7453 -0.2428 -0.6210
vn 0.4658 -0.6310 -0.6204
vn 0.3089 -0.9511 0.0011
vn 0.8090 -0.5878 0.0008
vn 0.7452 -0.2428 -0.6210
vn 0.7473 -0.2368 -0.6209
vn 0.4605 0.6332 -0.6221
vn 0.7433 0.2475 -0.6215
vn 1.0000 -0.0001 -0.0000
vn 0.3090 0.9510 -0.0011
vn 0.4606 0.6333 -0.6220
vn 0.4554 0.6370 -0.6220
vn 0.8091 0.5877 -0.0007
vn 0.3090 0.9510 -0.0012
vn -0.4606 0.6332 -0.6221
vn -0.0000 0.7829 -0.6221
vn -0.0064 0.7829 -0.6221
vn 0.3091 0.9510 -0.0012
vn -0.7452 0.2415 -0.6215
vn -0.7453 -0.2428 -0.6210
vn -0.4606 -0.6346 -0.6205
vn -0.0001 -0.7843 -0.6203
vn 0.2811 -0.8649 0.4159
vn 0.4605 -0.6347 -0.6205
vn 0.0001 0.7829 -0.6222
vn -0.4605 0.6332 -0.6220
vn -0.1073 0.9942 -0.0012
vn -0.4646 0.0011 0.8855
vn -0.1073 -0.9942 0.0012
vn -0.0000 1.0000 -0.0012
vn -0.1305 -0.1167 -0.9846
vn -0.1305 0.1144 -0.9848
vn -0.1305 0.1143 -0.9848
vn -0.0000 -1.0000 0.0012
vn -0.4646 0.0010 0.8855
vn -0.1305 -0.1166 -0.9846
vn -0.2095 -0.2103 -0.9549
vn -0.2095 0.2081 -0.9554
vn -0.0000 0.0011 1.0000
vn -0.1073 0.9942 -0.0014
vn -0.2130 0.0011 0.9771
vn -0.1072 0.9942 -0.0012
vn -0.2130 0.0012 0.9771
vn -0.1072 -0.9942 0.0012
vn -0.1073 -0.9942 0.0011
vn -0.0000 -1.0000 0.0011
vn -0.0000 1.0000 -0.0011
vn -0.1896 0.4644 -0.8651
vn -0.1896 0.4643 -0.8651
vn 0.0001 -1.0000 0.0011
vn 0.0001 -1.0000 0.0012
vn -0.1896 -0.4663 -0.8640
vn -0.1896 -0.4664 -0.8640
vn -0.2095 -0.2104 -0.9549
vn -0.1306 0.1144 -0.9848
vn -0.1897 0.4643 -0.8651
vn 0.8596 0.5110 -0.0006
vn -0.1896 0.4643 -0.8652
vn 0.8596 0.5110 -0.0005
vn -0.7289 0.5504 -0.4071
vn -0.7289 0.5505 -0.4071
vn -0.8734 -0.0006 -0.4870
vn -0.7289 -0.5514 -0.4058
vn -0.7289 -0.5514 -0.4057
vn -0.1896 -0.4663 -0.8641
vn 0.8596 -0.5110 0.0006
vn -0.1306 -0.1167 -0.9846
vn -1.0000 -0.0000 0.0001
vn -1.0000 -0.0000 -0.0001
vn -0.1073 0.9942 -0.0013
vn -0.1073 0.9942 -0.0015
vn -0.7289 0.5505 -0.4070
vn -0.4646 0.0008 0.8855
vn -0.8734 -0.0007 -0.4870
vn -0.8734 -0.0005 -0.4870
vn -0.1073 -0.9942 0.0013
vn -0.9511 0.3090 -0.0004
vn -0.9511 0.3090 -0.0003
vn -0.5878 0.8090 -0.0010
vn -0.5878 0.8090 -0.0009
vn -0.3090 0.9511 -0.0011
vn -0.3090 0.9510 -0.0011
vn 0.5878 0.8090 -0.0010
vn 0.5878 0.8090 -0.0009
vn 0.9511 0.3090 -0.0004
vn 0.9511 -0.3090 0.0004
vn 0.5878 -0.8090 0.0009
vn 0.5878 -0.8090 0.0010
vn 0.2584 -0.9660 0.0012
vn 0.2584 -0.9660 0.0011
vn -0.5878 -0.8090 0.0009
vn -0.5878 -0.8090 0.0010
vn -0.9511 -0.3090 0.0004
vn -0.9511 -0.3090 0.0003
vn -0.9986 -0.0527 0.0001
vn -0.9986 -0.0527 -0.0000
vn 0.9511 -0.3090 0.0003
vn 0.9511 0.3090 -0.0003
vn -0.9986 -0.0528 0.0001
vn 0.5877 -0.8091 0.0009
vn 0.0001 0.0012 1.0000
vn -0.9986 -0.0528 -0.0000
vn -0.9510 0.3091 -0.0004
vn -0.0001 1.0000 -0.0012
vn 0.2585 -0.9660 0.0012
vn -0.0000 -0.0013 -1.0000
vn 0.0001 -0.0013 -1.0000
vn 0.9517 0.3070 -0.0004
vn 0.9517 0.3070 -0.0003
vn -0.0021 1.0000 -0.0012
vn -0.0001 0.0012 1.0000
vn 0.9514 0.3080 -0.0004
vn 0.8094 0.5872 -0.0007
vn 0.5880 0.8089 -0.0009
vn 0.5877 0.8090 -0.0009
vn 0.3088 0.9511 -0.0011
vn -0.0007 1.0000 -0.0012
vn 0.9511 0.3089 -0.0003
vn 0.3089 0.9511 -0.0011
vn 0.5880 0.8089 -0.0010
vn -0.8024 0.5831 0.1268
vn -0.7834 0.5695 0.2491
vn -0.9209 0.2995 0.2494
vn -0.9209 0.2995 0.2493
vn -0.9433 0.3067 0.1271
vn -0.9433 0.3066 0.1271
vn -0.9683 0.0003 0.2497
vn -0.9918 0.0001 0.1275
vn -0.9918 0.0002 0.1275
vn -0.9209 -0.2990 0.2501
vn -0.9209 -0.2989 0.2501
vn -0.9433 -0.3063 0.1278
vn -0.9433 -0.3064 0.1278
vn -0.7834 -0.5689 0.2504
vn -0.8024 -0.5828 0.1282
vn -0.8024 -0.5828 0.1281
vn -0.5692 -0.7831 0.2506
vn -0.5830 -0.8023 0.1284
vn -0.5691 -0.7831 0.2506
vn -0.2992 -0.9206 0.2508
vn -0.2993 -0.9206 0.2508
vn -0.3065 -0.9431 0.1286
vn -0.3065 -0.9432 0.1286
vn -0.0000 -0.9680 0.2508
vn -0.0000 -0.9917 0.1286
vn -0.0000 -0.9680 0.2509
vn 0.2992 -0.9206 0.2508
vn 0.3065 -0.9431 0.1286
vn 0.5692 -0.7831 0.2506
vn 0.5830 -0.8023 0.1284
vn 0.7834 -0.5689 0.2504
vn 0.8024 -0.5829 0.1281
vn 0.8024 -0.5828 0.1281
vn 0.9209 -0.2990 0.2501
vn 0.9433 -0.3063 0.1278
vn 0.9683 0.0003 0.2497
vn 0.9918 0.0001 0.1275
vn 0.9209 0.2995 0.2494
vn 0.9209 0.2995 0.2493
vn 0.9433 0.3066 0.1271
vn 0.7834 0.5695 0.2490
vn 0.8024 0.5831 0.1268
vn 0.7834 0.5695 0.2491
vn 0.5692 0.7837 0.2488
vn 0.5830 0.8026 0.1265
vn 0.2992 0.9212 0.2486
vn 0.3065 0.9434 0.1264
vn -0.0000 0.9686 0.2486
vn -0.0000 0.9920 0.1263
vn 0.3065 0.9435 0.1264
vn -0.2992 0.9212 0.2486
vn -0.3065 0.9435 0.1264
vn -0.5692 0.7837 0.2488
vn -0.5691 0.7837 0.2488
vn -0.5830 0.8026 0.1265
vn -0.3065 0.9434 0.1264
vn -0.7940 0.5771 0.1913
vn -0.9334 0.3035 0.1916
vn -0.9814 0.0002 0.1920
vn -0.9334 -0.3030 0.1923
vn -0.9334 -0.3031 0.1923
vn -0.7940 -0.5766 0.1927
vn -0.9334 -0.3030 0.1924
vn -0.7940 -0.5766 0.1926
vn -0.5769 -0.7937 0.1929
vn -0.5768 -0.7938 0.1929
vn -0.3033 -0.9331 0.1931
vn -0.0000 -0.9812 0.1931
vn 0.3033 -0.9331 0.1931
vn 0.3032 -0.9331 0.1931
vn 0.5769 -0.7937 0.1929
vn 0.5768 -0.7937 0.1929
vn 0.7940 -0.5766 0.1926
vn 0.5768 -0.7938 0.1929
vn 0.7940 -0.5766 0.1927
vn 0.9334 -0.3030 0.1923
vn 0.9334 -0.3031 0.1923
vn 0.9814 0.0002 0.1920
vn 0.9334 0.3035 0.1916
vn 0.7940 0.5771 0.1913
vn 0.5768 0.7942 0.1910
vn 0.5769 0.7942 0.1910
vn 0.3033 0.9336 0.1909
vn -0.0000 0.9816 0.1908
vn -0.3033 0.9336 0.1909
vn -0.5769 0.7942 0.1910
vn -0.5768 0.7942 0.1910
vn -0.7830 0.5700 0.2490
vn -0.7939 0.5771 0.1913
vn -0.9333 0.3036 0.1916
vn -0.7834 0.5695 0.2490
vn -0.0157 0.0040 -0.9999
vn -0.9334 0.3035 0.1917
vn -0.7939 0.5771 0.1914
vn -0.7940 0.5770 0.1912
vn -0.0134 0.0085 -0.9999
vn -0.9207 0.3001 0.2493
vn -0.9814 0.0001 0.1920
vn -0.0165 -0.0012 -0.9999
vn -0.9814 0.0002 0.1919
vn -0.9333 0.3036 0.1917
vn -0.0157 0.0039 -0.9999
vn -0.9683 0.0009 0.2497
vn -0.9814 0.0003 0.1920
vn -0.9333 -0.3031 0.1923
vn -0.0157 -0.0063 -0.9999
vn -0.9814 0.0003 0.1919
vn -0.9211 -0.2983 0.2501
vn -0.7939 -0.5767 0.1927
vn -0.0134 -0.0109 -0.9999
vn -0.7838 -0.5684 0.2504
vn -0.0097 -0.0145 -0.9998
vn -0.7939 -0.5767 0.1926
vn -0.7942 -0.5763 0.1927
vn -0.5697 -0.7827 0.2506
vn -0.3029 -0.9333 0.1931
vn -0.0051 -0.0169 -0.9998
vn -0.3032 -0.9332 0.1930
vn -0.2998 -0.9204 0.2508
vn 0.0001 -0.9812 0.1931
vn -0.0000 -0.0177 -0.9998
vn -0.3034 -0.9331 0.1930
vn -0.3037 -0.9330 0.1930
vn -0.0006 -0.9680 0.2508
vn 0.3032 -0.9332 0.1931
vn 0.3036 -0.9330 0.1931
vn 0.0051 -0.0169 -0.9998
vn 0.3033 -0.9331 0.1930
vn -0.0001 -0.9812 0.1931
vn 0.2986 -0.9208 0.2508
vn 0.5767 -0.7939 0.1929
vn 0.0097 -0.0146 -0.9998
vn 0.3034 -0.9331 0.1930
vn 0.3029 -0.9333 0.1930
vn 0.0097 -0.0145 -0.9998
vn 0.5687 -0.7835 0.2506
vn 0.7940 -0.5767 0.1926
vn 0.5691 -0.7831 0.2506
vn 0.0134 -0.0109 -0.9999
vn 0.5768 -0.7938 0.1928
vn 0.5765 -0.7940 0.1929
vn 0.7830 -0.5694 0.2504
vn 0.7939 -0.5767 0.1927
vn 0.9335 -0.3026 0.1924
vn 0.9209 -0.2989 0.2501
vn 0.0157 -0.0063 -0.9999
vn 0.9207 -0.2995 0.2501
vn 0.9814 0.0003 0.1920
vn 0.0165 -0.0011 -0.9999
vn 0.9814 0.0003 0.1919
vn 0.9333 -0.3031 0.1923
vn 0.0165 -0.0012 -0.9999
vn 0.9683 -0.0003 0.2497
vn 0.9334 0.3034 0.1916
vn 0.0157 0.0039 -0.9999
vn 0.9333 0.3035 0.1917
vn 0.9814 0.0001 0.1920
vn 0.9211 0.2989 0.2493
vn 0.7940 0.5770 0.1913
vn 0.0134 0.0085 -0.9999
vn 0.7940 0.5771 0.1912
vn 0.9334 0.3034 0.1917
vn 0.0157 0.0040 -0.9999
vn 0.7837 0.5690 0.2491
vn 0.7834 0.5694 0.2491
vn 0.0097 0.0122 -0.9999
vn 0.7940 0.5770 0.1912
vn 0.5697 0.7833 0.2488
vn 0.3035 0.9335 0.1909
vn 0.2992 0.9212 0.2487
vn 0.0051 0.0146 -0.9999
vn 0.3032 0.9336 0.1908
vn 0.5772 0.7940 0.1910
vn 0.0051 0.0145 -0.9999
vn 0.2998 0.9210 0.2487
vn -0.0001 0.9816 0.1908
vn 0.2993 0.9212 0.2486
vn -0.0000 0.0154 -0.9999
vn 0.3033 0.9336 0.1908
vn 0.0006 0.9686 0.2486
vn -0.3037 0.9335 0.1909
vn -0.2992 0.9212 0.2487
vn -0.0051 0.0145 -0.9999
vn -0.3033 0.9336 0.1908
vn 0.0001 0.9816 0.1908
vn -0.0051 0.0146 -0.9999
vn -0.2986 0.9214 0.2487
vn -0.3032 0.9336 0.1909
vn -0.5768 0.7942 0.1911
vn -0.0097 0.0122 -0.9999
vn -0.3034 0.9336 0.1908
vn -0.5687 0.7840 0.2488
vn -0.7940 0.5770 0.1913
vn -0.7834 0.5694 0.2491
vn -0.5769 0.7941 0.1910
vn -0.0134 0.0086 -0.9999
vn -0.6284 0.2033 -0.7509
vn -0.6607 -0.0009 -0.7506
vn -0.6284 -0.2051 -0.7504
vn -0.9510 -0.3090 0.0004
vn -0.5345 -0.3892 -0.7502
vn -0.8090 -0.5877 0.0007
vn -0.3884 -0.5354 -0.7500
vn -0.2042 -0.6293 -0.7499
vn -0.0000 -0.6616 -0.7499
vn 0.2042 -0.6293 -0.7499
vn 0.3090 -0.9510 0.0011
vn 0.3884 -0.5354 -0.7500
vn 0.5877 -0.8090 0.0009
vn 0.5345 -0.3892 -0.7502
vn 0.6284 -0.2051 -0.7504
vn 0.9510 -0.3091 0.0004
vn 0.6284 -0.2050 -0.7504
vn 0.6607 -0.0009 -0.7506
vn 0.6284 0.2033 -0.7509
vn 0.9510 0.3090 -0.0004
vn 0.5345 0.3875 -0.7511
vn 0.8090 0.5877 -0.0007
vn 0.3884 0.5337 -0.7513
vn 0.2042 0.6275 -0.7514
vn 0.3091 0.9510 -0.0011
vn -0.0000 0.6598 -0.7514
vn -0.2042 0.6275 -0.7514
vn -0.3091 0.9510 -0.0011
vn -0.3884 0.5337 -0.7513
vn -0.5877 0.8090 -0.0010
vn -0.5345 0.3875 -0.7511
vn -0.6284 0.2032 -0.7509
vn -0.9918 0.0002 0.1274
vn -0.6607 -0.0008 -0.7507
vn -0.6607 -0.0009 -0.7507
vn -0.9918 0.0001 0.1274
vn -0.6284 -0.2050 -0.7504
vn -0.6283 -0.2051 -0.7504
vn -0.5345 -0.3893 -0.7502
vn -0.3883 -0.5354 -0.7500
vn -0.3065 -0.9431 0.1285
vn -0.2042 -0.6292 -0.7499
vn -0.2041 -0.6293 -0.7499
vn -0.3065 -0.9432 0.1285
vn 0.0001 -0.6616 -0.7499
vn 0.3065 -0.9432 0.1285
vn 0.3065 -0.9432 0.1286
vn 0.2041 -0.6293 -0.7499
vn 0.2042 -0.6292 -0.7499
vn 0.3883 -0.5354 -0.7500
vn 0.5345 -0.3893 -0.7502
vn 0.9433 -0.3064 0.1278
vn 0.9918 0.0001 0.1274
vn 0.6607 -0.0009 -0.7507
vn 0.6607 -0.0008 -0.7507
vn 0.9918 0.0002 0.1274
vn 0.6284 0.2032 -0.7509
vn 0.6283 0.2033 -0.7509
vn 0.9433 0.3067 0.1271
vn 0.5345 0.3874 -0.7511
vn 0.3884 0.5336 -0.7513
vn 0.3883 0.5337 -0.7513
vn 0.3065 0.9434 0.1263
vn 0.2041 0.6275 -0.7514
vn 0.3883 0.5336 -0.7513
vn 0.3065 0.9435 0.1263
vn -0.0001 0.6598 -0.7514
vn -0.3065 0.9435 0.1263
vn -0.3065 0.9434 0.1263
vn -0.3883 0.5337 -0.7513
vn -0.3884 0.5336 -0.7513
vn -0.8024 0.5832 0.1268
vn -0.5345 0.3874 -0.7511
vn -0.0158 0.0039 -0.9999
vn -0.0052 0.0145 -0.9999
vn -0.0000 0.0153 -0.9999
vn 0.0001 0.0154 -0.9999
vn 0.0052 0.0145 -0.9999
vn 0.0133 0.0086 -0.9999
vn 0.0134 0.0086 -0.9999
vn 0.0157 -0.0062 -0.9999
vn 0.0134 -0.0108 -0.9999
vn 0.0098 -0.0145 -0.9998
vn -0.0001 -0.0177 -0.9998
vn -0.0052 -0.0169 -0.9998
vn -0.0097 -0.0146 -0.9998
vn -0.0134 -0.0108 -0.9999
vn -0.0157 -0.0062 -0.9999
vn -0.0165 -0.0011 -0.9999
vn -0.2678 0.9635 -0.0011
vn -0.4152 0.9097 -0.0011
vn -0.6760 0.7369 -0.0009
vn -0.6760 0.7369 -0.0008
vn -0.8706 0.4919 -0.0006
vn -0.8706 0.4920 -0.0006
vn -0.9800 0.1988 -0.0002
vn -0.9800 0.1989 -0.0002
vn -0.9935 -0.1138 0.0001
vn -0.9935 -0.1137 0.0001
vn -0.9635 -0.2678 0.0003
vn -0.2677 0.9635 -0.0014
vn 0.9935 0.1137 -0.0001
vn -0.2677 0.9635 -0.0011
vn -0.2677 0.9635 -0.0010
vn 0.4152 -0.9097 0.0011
vn -0.9635 -0.2678 0.0002
vn 0.4133 -0.9106 0.0011
vn 0.6760 -0.7369 0.0009
vn 0.8706 -0.4919 0.0006
vn 0.9800 -0.1988 0.0002
vn 0.8706 -0.4920 0.0006
vn 0.9933 0.1158 -0.0001
vn 0.9800 -0.1989 0.0002
vn 0.4152 -0.9097 0.0010
vn -0.0000 -0.3454 0.9384
vn -0.0001 -0.3455 0.9384
vn -0.0000 -0.3455 0.9384
vn -0.0000 -0.3454 0.9385
vn -0.9985 -0.0544 0.0001
vn 0.9985 -0.0544 0.0001
vn -0.9942 -0.1073 0.0001
vn -0.0000 -0.4636 0.8861
vn 0.9942 -0.1073 0.0001
vn -0.0000 0.0013 1.0000
vn 0.1155 -0.1317 -0.9845
vn -0.1155 -0.1317 -0.9845
vn -0.0000 -1.0000 0.0013
vn -0.0000 -0.4635 0.8861
vn -0.0002 -0.4635 0.8861
vn 0.2092 -0.2107 -0.9549
vn -0.2092 -0.2106 -0.9549
vn -0.9942 -0.1073 -0.0000
vn -0.9942 -0.1073 -0.0002
vn -0.9942 -0.1072 0.0002
vn -0.0001 -1.0000 0.0012
vn 0.9942 -0.1072 0.0002
vn 0.9942 -0.1073 0.0002
vn 0.9942 -0.1073 -0.0002
vn 1.0000 -0.0000 -0.0001
vn -0.4653 -0.1907 -0.8644
vn -0.4652 -0.1906 -0.8644
vn -1.0000 -0.0001 -0.0000
vn 1.0000 -0.0000 0.0001
vn 1.0000 0.0001 -0.0000
vn 0.0001 -0.4636 0.8860
vn 0.2092 -0.2106 -0.9549
vn 0.4652 -0.1906 -0.8644
vn 0.4653 -0.1907 -0.8644
vn -0.1155 -0.1316 -0.9846
vn -0.4653 -0.1906 -0.8644
vn -0.5111 0.8595 -0.0010
vn -0.4654 -0.1906 -0.8644
vn -0.5510 -0.7294 -0.4056
vn -0.4654 -0.1906 -0.8643
vn -0.5509 -0.7293 -0.4056
vn -0.5509 -0.7294 -0.4056
vn -0.0000 -0.8739 -0.4860
vn -0.0000 -0.8740 -0.4860
vn 0.4654 -0.1906 -0.8643
vn 0.5510 -0.7294 -0.4056
vn -0.0000 -0.8740 -0.4859
vn 0.5509 -0.7294 -0.4055
vn 0.4654 -0.1906 -0.8644
vn 0.4653 -0.1906 -0.8644
vn 0.5111 0.8595 -0.0010
vn 0.1155 -0.1316 -0.9846
vn 0.5111 0.8595 -0.0011
vn -0.0000 -0.4636 0.8860
vn 0.0001 -0.4636 0.8861
vn -0.0001 -0.8740 -0.4860
vn 0.5509 -0.7294 -0.4056
vn -0.3446 0.2554 0.9033
vn -0.3501 0.2581 0.9004
vn -0.2903 0.2281 0.9294
vn -0.2902 0.2281 0.9294
vn -0.2866 0.2263 0.9309
vn 0.3667 -0.0344 0.9297
vn 0.4357 -0.0568 0.8983
vn -0.2902 0.2282 0.9294
vn -0.3501 0.2582 0.9004
vn 0.8708 -0.3078 0.3834
vn 0.8757 -0.3097 0.3704
vn 0.4358 -0.0568 0.8983
vn 0.4358 -0.0569 0.8983
vn 0.8381 -0.4002 -0.3708
vn 0.8333 -0.3980 -0.3837
vn 0.8758 -0.3096 0.3704
vn 0.8381 -0.4002 -0.3707
vn 0.3429 -0.2651 -0.9012
vn 0.2803 -0.2331 -0.9312
vn -0.3621 0.0424 -0.9312
vn -0.4238 0.0628 -0.9036
vn 0.2803 -0.2332 -0.9312
vn 0.3429 -0.2650 -0.9012
vn -0.8677 0.3166 -0.3833
vn -0.8717 0.3181 -0.3728
vn -0.8717 0.3181 -0.3727
vn -0.8676 0.3166 -0.3834
vn -0.3446 0.2555 0.9033
vn -0.8677 0.3165 -0.3833
vn 0.1043 0.4019 0.9097
vn 0.1043 0.3983 0.9113
vn 0.1118 -0.5615 0.8199
vn 0.1042 0.4019 0.9097
vn 0.0407 -0.9570 0.2871
vn 0.8333 -0.3980 -0.3836
vn -0.0423 -0.9503 -0.3086
vn -0.1138 -0.3901 -0.9137
vn -0.0422 -0.9503 -0.3086
vn 0.8333 -0.3981 -0.3837
vn -0.1028 0.5477 -0.8304
vn 0.2802 -0.2331 -0.9312
vn -0.1028 0.5476 -0.8304
vn -0.0330 0.9564 -0.2901
vn -0.4237 0.0629 -0.9036
vn -0.0330 0.9564 -0.2902
vn -0.8717 0.3182 -0.3727
vn -0.2867 0.2263 0.9309
vn 0.4008 -0.1032 0.9103
vn 0.3972 -0.1032 0.9119
vn 0.1119 -0.5615 0.8199
vn -0.5624 -0.1109 0.8194
vn 0.4008 -0.1031 0.9103
vn 0.0407 -0.9570 0.2872
vn -0.9573 -0.0404 0.2862
vn -0.0423 -0.9503 -0.3085
vn -0.9499 0.0419 -0.3096
vn -0.9573 -0.0403 0.2862
vn -0.9573 -0.0403 0.2861
vn 0.0406 -0.9570 0.2871
vn -0.3890 0.1127 -0.9143
vn 0.5486 0.1018 -0.8298
vn -0.1137 -0.3901 -0.9137
vn 0.9567 0.0327 -0.2891
vn -0.1028 0.5477 -0.8303
vn 0.9568 0.0327 -0.2891
vn -0.0331 0.9564 -0.2903
vn -0.0330 0.9564 -0.2903
vn -0.1043 -0.3997 0.9107
vn -0.1043 -0.3961 0.9123
vn -0.1118 0.5634 0.8186
vn -0.1042 -0.3997 0.9107
vn 0.4008 -0.1032 0.9104
vn -0.9574 -0.0403 0.2861
vn -0.0407 0.9577 0.2850
vn -0.1119 0.5634 0.8186
vn 0.0423 0.9496 -0.3107
vn -0.9499 0.0419 -0.3097
vn 0.1138 0.3879 -0.9146
vn 0.0422 0.9496 -0.3107
vn 0.1028 -0.5496 -0.8291
vn 0.1137 0.3879 -0.9146
vn -0.3891 0.1127 -0.9143
vn 0.5486 0.1019 -0.8299
vn 0.0330 -0.9571 -0.2880
vn 0.5486 0.1018 -0.8299
vn 0.5487 0.1018 -0.8298
vn 0.9568 0.0327 -0.2890
vn 0.0330 -0.9571 -0.2879
vn -0.1043 -0.3962 0.9122
vn 0.9568 0.0326 -0.2890
vn -0.4008 0.1053 0.9101
vn -0.3972 0.1053 0.9117
vn 0.5624 0.1128 0.8191
vn -0.4008 0.1054 0.9101
vn -0.0407 0.9577 0.2849
vn 0.9573 0.0410 0.2860
vn -0.1119 0.5633 0.8186
vn 0.9499 -0.0426 -0.3095
vn 0.9574 0.0410 0.2860
vn -0.0406 0.9577 0.2850
vn 0.0423 0.9496 -0.3106
vn 0.3890 -0.1148 -0.9140
vn -0.5486 -0.1038 -0.8296
vn 0.1138 0.3880 -0.9146
vn -0.9568 -0.0333 -0.2889
vn 0.1028 -0.5496 -0.8290
vn -0.9568 -0.0333 -0.2890
vn -0.3972 0.1053 0.9116
vn -0.9567 -0.0333 -0.2890
vn 0.0330 -0.9571 -0.2878
vn -0.3972 0.1054 0.9116
vn 0.1043 0.4016 0.9099
vn 0.1043 0.3980 0.9114
vn -0.3972 0.1054 0.9117
vn 0.1118 -0.5612 0.8201
vn 0.1042 0.4016 0.9099
vn 0.1119 -0.5612 0.8201
vn 0.9500 -0.0426 -0.3095
vn 0.3890 -0.1148 -0.9141
vn -0.1138 -0.3898 -0.9138
vn -0.0422 -0.9503 -0.3085
vn -0.1028 0.5474 -0.8305
vn 0.3891 -0.1148 -0.9140
vn -0.5487 -0.1037 -0.8296
vn -0.0330 0.9564 -0.2900
vn 0.1042 0.3980 0.9114
vn 0.4005 -0.1032 0.9105
vn 0.3969 -0.1032 0.9120
vn 0.1042 0.3980 0.9115
vn -0.5622 -0.1109 0.8195
vn -0.9574 -0.0404 0.2861
vn -0.0423 -0.9503 -0.3084
vn -0.1137 -0.3898 -0.9139
vn -0.3887 0.1127 -0.9144
vn -0.1138 -0.3898 -0.9139
vn 0.5484 0.1018 -0.8300
vn -0.1028 0.5475 -0.8305
vn 0.3969 -0.1033 0.9120
vn 0.1043 0.3981 0.9114
vn -0.1043 -0.3994 0.9108
vn -0.1043 -0.3958 0.9124
vn 0.3970 -0.1032 0.9120
vn -0.1119 0.5632 0.8187
vn -0.1042 -0.3994 0.9108
vn -0.5622 -0.1109 0.8196
vn -0.9574 -0.0403 0.2860
vn 0.0422 0.9496 -0.3108
vn -0.3887 0.1127 -0.9145
vn 0.5484 0.1019 -0.8300
vn 0.5483 0.1018 -0.8300
vn -0.3658 -0.0436 0.9297
vn -0.3619 -0.0423 0.9313
vn -0.1042 -0.3958 0.9124
vn -0.1119 0.5631 0.8187
vn 0.3491 0.2683 0.8979
vn 0.8385 0.4004 0.3695
vn 0.3491 0.2682 0.8979
vn -0.1119 0.5631 0.8188
vn 0.0423 0.9495 -0.3108
vn 0.8704 0.3076 -0.3845
vn 0.3622 0.0330 -0.9315
vn 0.8703 0.3076 -0.3845
vn 0.8703 0.3077 -0.3845
vn -0.3448 -0.2555 -0.9032
vn 0.3623 0.0330 -0.9315
vn 0.1137 0.3880 -0.9146
vn -0.8417 -0.3915 -0.3719
vn -0.8416 -0.3915 -0.3720
vn -0.3449 -0.2556 -0.9032
vn 0.1028 -0.5495 -0.8291
vn 0.0330 -0.9570 -0.2881
vn -0.1043 -0.3959 0.9124
vn -0.3619 -0.0423 0.9312
vn -0.8416 -0.3916 -0.3719
vn -0.0000 0.2655 0.9641
vn -0.0000 0.5396 0.8419
vn -0.3809 0.3818 0.8421
vn -0.3809 0.3819 0.8421
vn -0.1869 0.1881 0.9642
vn 0.1869 0.1881 0.9642
vn 0.3809 0.3819 0.8421
vn 0.2643 0.0011 0.9644
vn 0.5386 0.0010 0.8426
vn 0.1869 -0.1858 0.9646
vn 0.3809 -0.3799 0.8430
vn 0.5386 0.0010 0.8425
vn -0.0000 -0.2632 0.9647
vn -0.0000 -0.5376 0.8432
vn -0.1869 -0.1858 0.9646
vn -0.3809 -0.3799 0.8430
vn -0.0000 -0.5377 0.8432
vn -0.2643 0.0011 0.9644
vn -0.5386 0.0010 0.8426
vn -0.2644 0.0011 0.9644
vn -0.5386 0.0010 0.8425
vn -0.1869 0.1880 0.9642
vn -0.2591 0.6264 0.7352
vn 0.3809 0.3818 0.8421
vn 0.2591 0.6264 0.7352
vn -0.2591 0.6264 0.7351
vn 0.6256 0.2600 0.7356
vn 0.2591 0.6264 0.7351
vn 0.6256 -0.2583 0.7362
vn 0.6255 0.2600 0.7356
vn 0.2591 -0.6247 0.7366
vn 0.6256 -0.2582 0.7362
vn -0.2591 -0.6247 0.7366
vn -0.5387 0.0010 0.8425
vn -0.6256 -0.2583 0.7362
vn -0.6255 -0.2582 0.7362
vn -0.3641 0.8794 0.3068
vn -0.2592 0.6264 0.7351
vn 0.3641 0.8794 0.3068
vn -0.3641 0.8794 0.3069
vn 0.8790 0.3645 0.3074
vn 0.3641 0.8794 0.3069
vn 0.8790 -0.3637 0.3083
vn 0.3641 -0.8787 0.3089
vn 0.8790 -0.3637 0.3082
vn -0.3641 -0.8786 0.3089
vn 0.3641 -0.8786 0.3089
vn 0.3641 -0.8787 0.3088
vn -0.6256 -0.2582 0.7362
vn -0.8790 -0.3637 0.3083
vn -0.3641 -0.8787 0.3089
vn -0.3641 -0.8787 0.3088
vn -0.8790 -0.3638 0.3082
vn -0.6255 -0.2583 0.7362
vn -0.2591 0.6265 0.7351
vn 0.2644 0.0011 0.9644
vn 0.8790 0.3644 0.3074
vn 0.8790 -0.3638 0.3083
vn -0.8790 -0.3638 0.3083
vn -0.3827 0.0026 0.9239
vn -0.3828 0.0027 0.9238
vn -0.3827 0.0011 0.9239
vn -0.3892 0.0046 0.9212
vn -0.3827 0.0027 0.9239
vn -0.3891 0.0046 0.9212
vn -0.3117 0.2574 0.9147
vn -0.2966 0.2498 0.9217
vn -0.2991 0.2510 0.9206
vn -0.3137 0.2583 0.9137
vn -0.0731 0.3796 0.9223
vn -0.0733 0.3834 0.9207
vn -0.0733 0.3837 0.9205
vn -0.0731 0.3799 0.9221
vn 0.3828 -0.0007 0.9239
vn 0.3827 0.0011 0.9239
vn 0.3891 -0.0027 0.9212
vn 0.3827 -0.0007 0.9239
vn 0.3828 -0.0006 0.9238
vn -0.3892 0.0046 0.9211
vn -0.3136 0.2583 0.9137
vn 0.3018 -0.2459 0.9211
vn 0.3018 -0.2458 0.9211
vn 0.3151 -0.2527 0.9148
vn 0.0737 -0.3773 0.9231
vn 0.0739 -0.3811 0.9216
vn -0.0734 0.3834 0.9207
vn -0.0732 0.3796 0.9223
vn 0.3828 -0.0006 0.9239
vn 0.9239 -0.0040 0.3826
vn 0.9239 0.0005 0.3827
vn 0.9265 -0.0088 0.3763
vn 0.3151 -0.2526 0.9148
vn 0.7221 -0.5807 0.3760
vn 0.7279 -0.5819 0.3626
vn 0.0737 -0.3774 0.9231
vn 0.1773 -0.9075 0.3809
vn 0.1771 -0.9090 0.3773
vn 0.1771 -0.9091 0.3770
vn 0.9239 -0.0050 -0.3826
vn 0.9239 -0.0004 -0.3827
vn 0.9265 -0.0094 -0.3763
vn 0.9265 -0.0087 0.3763
vn 0.7213 -0.5814 -0.3765
vn 0.7272 -0.5826 -0.3629
vn 0.7280 -0.5819 0.3626
vn 0.1768 -0.9085 -0.3788
vn 0.1775 -0.9098 -0.3752
vn 0.1776 -0.9099 -0.3749
vn 0.1772 -0.9075 0.3809
vn 0.9239 -0.0048 -0.3826
vn 0.3827 -0.0027 -0.9239
vn 0.3827 -0.0011 -0.9239
vn 0.9239 -0.0051 -0.3826
vn 0.9265 -0.0094 -0.3762
vn 0.3891 -0.0049 -0.9212
vn 0.3890 -0.0048 -0.9212
vn 0.3827 -0.0028 -0.9239
vn 0.2998 -0.2470 -0.9215
vn 0.3135 -0.2540 -0.9150
vn 0.0737 -0.3800 -0.9221
vn 0.0737 -0.3798 -0.9221
vn 0.0739 -0.3836 -0.9205
vn 0.1776 -0.9098 -0.3751
vn -0.3827 0.0005 -0.9239
vn -0.3827 -0.0011 -0.9239
vn 0.3827 -0.0010 -0.9239
vn 0.3890 -0.0049 -0.9212
vn -0.3892 0.0025 -0.9212
vn -0.3891 0.0025 -0.9212
vn -0.3117 0.2552 -0.9153
vn 0.2998 -0.2469 -0.9215
vn -0.2966 0.2476 -0.9223
vn 0.0740 -0.3836 -0.9205
vn -0.0731 0.3774 -0.9232
vn -0.0731 0.3777 -0.9230
vn -0.0733 0.3816 -0.9214
vn -0.9239 0.0034 -0.3826
vn -0.9239 -0.0005 -0.3827
vn -0.3827 0.0006 -0.9239
vn -0.9265 0.0072 -0.3762
vn -0.9239 0.0035 -0.3826
vn -0.3890 0.0025 -0.9212
vn -0.2966 0.2477 -0.9223
vn -0.7062 0.5979 -0.3792
vn -0.7139 0.5990 -0.3627
vn -0.1735 0.9081 -0.3810
vn -0.1744 0.9096 -0.3772
vn -0.1744 0.9095 -0.3773
vn -0.0734 0.3816 -0.9214
vn -0.0732 0.3777 -0.9230
vn -0.3827 0.0010 0.9239
vn -0.3890 0.0047 0.9212
vn -0.2966 0.2498 0.9218
vn -0.3117 0.2573 0.9147
vn -0.1736 0.9081 -0.3810
vn -0.0734 0.3838 0.9205
vn 0.7272 -0.5827 -0.3629
vn 0.3135 -0.2541 -0.9150
vn 0.7279 -0.5820 0.3626
vn -0.3153 0.2589 0.9130
vn -0.9265 0.0071 -0.3762
vn -0.3117 0.2574 0.9146
vn -0.3117 0.2553 -0.9152
vn -0.3891 0.0024 -0.9212
vn 0.1776 -0.9098 -0.3752
vn 0.7213 -0.5813 -0.3765
vn 0.7222 -0.5806 0.3760
vn 0.7221 -0.5806 0.3760
vn 0.3019 -0.2458 0.9211
vn -0.0734 0.3837 0.9205
vn -0.1744 0.9095 -0.3772
vn -0.2967 0.2498 0.9217
vn -0.7062 0.5979 -0.3793
vn -0.2967 0.2476 -0.9223
vn -0.0002 1.0000 -0.0012
vn 0.0002 1.0000 -0.0012
vn -0.0000 1.0000 -0.0013
vn -0.0001 1.0000 -0.0014
vn 0.0001 1.0000 -0.0014
vn -0.0000 1.0000 -0.0015
vn -0.3827 0.0034 0.9239
vn -0.3828 0.0033 0.9238
vn -0.3826 0.0011 0.9239
vn -0.3890 0.0061 0.9212
vn -0.3828 0.0034 0.9238
vn -0.3888 0.0061 0.9213
vn -0.3514 0.1570 0.9230
vn -0.3536 0.1584 0.9219
vn -0.3538 0.1586 0.9218
vn -0.3516 0.1571 0.9229
vn -0.2777 0.2691 0.9222
vn -0.2774 0.2687 0.9224
vn -0.2798 0.2717 0.9208
vn -0.2799 0.2720 0.9207
vn -0.2776 0.2690 0.9223
vn -0.1165 0.3778 0.9185
vn -0.0613 0.3793 0.9232
vn -0.0646 0.3809 0.9223
vn -0.1168 0.3785 0.9182
vn -0.1165 0.3779 0.9185
vn -0.0088 0.4571 0.8894
vn -0.0087 0.4598 0.8880
vn -0.0646 0.3810 0.9223
vn -0.0647 0.3809 0.9223
vn -0.0088 0.4570 0.8894
vn 0.3827 -0.0014 0.9239
vn 0.3826 0.0011 0.9239
vn -0.3889 0.0061 0.9213
vn 0.3887 -0.0042 0.9214
vn 0.3827 -0.0013 0.9239
vn -0.3889 0.0060 0.9212
vn -0.3513 0.1569 0.9230
vn 0.3516 -0.1544 0.9233
vn 0.3538 -0.1558 0.9223
vn 0.3538 -0.1558 0.9222
vn 0.2778 -0.2662 0.9230
vn 0.2801 -0.2691 0.9215
vn 0.2802 -0.2692 0.9214
vn -0.0647 0.3810 0.9223
vn 0.0627 -0.3789 0.9233
vn 0.1180 -0.3759 0.9191
vn -0.0086 0.4597 0.8880
vn 0.0026 -0.4531 0.8915
vn 0.9239 -0.0059 0.3825
vn 0.9239 0.0005 0.3826
vn 0.3888 -0.0042 0.9213
vn 0.9264 -0.0125 0.3764
vn 0.9239 -0.0058 0.3825
vn 0.3514 -0.1543 0.9234
vn 0.8459 -0.3730 0.3813
vn 0.8467 -0.3738 0.3786
vn 0.8467 -0.3738 0.3787
vn 0.3537 -0.1558 0.9223
vn 0.2778 -0.2663 0.9230
vn 0.6670 -0.6405 0.3806
vn 0.6678 -0.6419 0.3769
vn 0.6677 -0.6419 0.3770
vn 0.2802 -0.2691 0.9215
vn 0.1449 -0.9128 0.3817
vn 0.2775 -0.8856 0.3724
vn 0.2775 -0.8855 0.3725
vn 0.0027 -0.4531 0.8914
vn 0.0009 -0.9469 0.3214
vn 0.9239 -0.0069 -0.3826
vn 0.9263 -0.0125 0.3765
vn 0.9263 -0.0131 -0.3766
vn 0.8459 -0.3730 0.3812
vn 0.8456 -0.3743 -0.3806
vn 0.8468 -0.3744 -0.3778
vn 0.8467 -0.3744 -0.3781
vn 0.8467 -0.3739 0.3786
vn 0.6666 -0.6417 -0.3792
vn 0.6680 -0.6424 -0.3755
vn 0.6682 -0.6425 -0.3752
vn 0.6677 -0.6419 0.3769
vn 0.6670 -0.6406 0.3806
vn 0.1449 -0.9128 0.3818
vn 0.1401 -0.9139 -0.3810
vn 0.2786 -0.8861 -0.3704
vn 0.2786 -0.8861 -0.3705
vn 0.2776 -0.8856 0.3724
vn 0.0010 -0.9469 0.3214
vn 0.0011 -0.9469 -0.3216
vn 0.3826 -0.0035 -0.9239
vn 0.3826 -0.0011 -0.9239
vn 0.9263 -0.0131 -0.3765
vn 0.3888 -0.0064 -0.9213
vn 0.3886 -0.0064 -0.9214
vn 0.3826 -0.0036 -0.9239
vn 0.8457 -0.3743 -0.3805
vn 0.3513 -0.1569 -0.9230
vn 0.3540 -0.1576 -0.9219
vn 0.6666 -0.6418 -0.3792
vn 0.2781 -0.2687 -0.9222
vn 0.2780 -0.2686 -0.9222
vn 0.2805 -0.2717 -0.9206
vn 0.6681 -0.6424 -0.3755
vn 0.0588 -0.3799 -0.9232
vn 0.1177 -0.3773 -0.9186
vn 0.1402 -0.9139 -0.3810
vn 0.0012 -0.9469 -0.3216
vn 0.0028 -0.4529 -0.8916
vn -0.3827 0.0013 -0.9239
vn -0.3826 -0.0011 -0.9239
vn -0.3884 0.0039 -0.9215
vn -0.3888 0.0039 -0.9213
vn -0.3827 0.0012 -0.9239
vn 0.3539 -0.1576 -0.9219
vn 0.3512 -0.1569 -0.9230
vn -0.3516 0.1550 -0.9232
vn -0.3515 0.1549 -0.9233
vn -0.3539 0.1564 -0.9221
vn 0.3539 -0.1575 -0.9219
vn 0.2804 -0.2715 -0.9207
vn 0.2780 -0.2686 -0.9223
vn -0.2773 0.2665 -0.9231
vn -0.2776 0.2668 -0.9229
vn -0.2800 0.2699 -0.9213
vn 0.2803 -0.2715 -0.9207
vn -0.1165 0.3757 -0.9194
vn 0.0587 -0.3799 -0.9232
vn -0.0613 0.3772 -0.9241
vn 0.0029 -0.4529 -0.8916
vn -0.0088 0.4549 -0.8905
vn -0.9239 0.0051 -0.3826
vn -0.9264 0.0104 -0.3764
vn -0.8444 0.3759 -0.3817
vn -0.8456 0.3760 -0.3789
vn -0.8456 0.3760 -0.3790
vn -0.3538 0.1564 -0.9221
vn -0.3516 0.1549 -0.9233
vn -0.6643 0.6432 -0.3807
vn -0.6658 0.6439 -0.3768
vn -0.6658 0.6439 -0.3769
vn -0.2799 0.2699 -0.9213
vn -0.2776 0.2667 -0.9229
vn -0.1531 0.9108 -0.3834
vn -0.2712 0.8877 -0.3722
vn -0.2712 0.8876 -0.3722
vn -0.1164 0.3757 -0.9194
vn -0.0614 0.3772 -0.9241
vn -0.0088 0.4550 -0.8905
vn -0.0327 0.9484 -0.3155
vn -0.0614 0.3771 -0.9241
vn -0.9239 0.0050 -0.3826
vn -0.3826 0.0012 0.9239
vn -0.9239 -0.0004 -0.3827
vn -0.9264 0.0103 -0.3764
vn -0.3887 0.0061 0.9213
vn -0.3827 0.0033 0.9239
vn -0.9264 0.0104 -0.3765
vn -0.8444 0.3760 -0.3817
vn -0.3539 0.1585 0.9218
vn -0.6643 0.6432 -0.3808
vn -0.2800 0.2720 0.9207
vn -0.6658 0.6440 -0.3768
vn -0.0612 0.3794 0.9232
vn -0.0326 0.9484 -0.3155
vn 0.8468 -0.3743 -0.3778
vn -0.3889 0.0061 0.9212
vn -0.3888 0.0060 0.9213
vn -0.8456 0.3759 -0.3789
vn -0.3538 0.1565 -0.9221
vn 0.3539 -0.1577 -0.9219
vn 0.2803 -0.2716 -0.9207
vn 0.2804 -0.2716 -0.9207
vn 0.6677 -0.6420 0.3769
vn 0.3515 -0.1543 0.9234
vn -0.3516 0.1570 0.9229
vn -0.2800 0.2698 -0.9213
vn -0.6659 0.6439 -0.3768
vn 0.3512 -0.1568 -0.9231
vn 0.2802 -0.2718 -0.9207
vn -0.2798 0.2697 -0.9214
vn 0.1180 -0.3758 0.9192
vn -0.1168 0.3786 0.9182
vn 0.1180 -0.3758 0.9191
vn -0.1167 0.3784 0.9182
vn -0.2774 0.2688 0.9224
vn -0.2776 0.2689 0.9223
vn 0.3828 0.0011 0.9238
vn -0.0000 1.0000 -0.0010
vn -0.3887 0.0061 0.9214
vn -0.3535 0.1583 0.9219
vn -0.3539 0.1586 0.9218
vn -0.2798 0.2718 0.9208
vn -0.2797 0.2717 0.9208
vn -0.0613 0.3794 0.9232
vn -0.1164 0.3778 0.9185
vn -0.0086 0.4598 0.8880
vn -0.3514 0.1569 0.9230
vn 0.3537 -0.1557 0.9223
vn -0.3513 0.1570 0.9230
vn 0.2779 -0.2662 0.9230
vn 0.2800 -0.2690 0.9215
vn -0.2775 0.2687 0.9224
vn 0.0627 -0.3790 0.9233
vn 0.0026 -0.4532 0.8914
vn 0.9239 -0.0059 0.3826
vn 0.9239 -0.0058 0.3826
vn 0.8466 -0.3737 0.3790
vn 0.6678 -0.6420 0.3766
vn 0.2775 -0.8856 0.3725
vn 0.0026 -0.4531 0.8914
vn 0.8457 -0.3743 -0.3804
vn 0.8468 -0.3744 -0.3779
vn 0.8458 -0.3731 0.3813
vn 0.6670 -0.6405 0.3807
vn 0.6680 -0.6425 -0.3755
vn 0.6680 -0.6424 -0.3756
vn 0.1401 -0.9139 -0.3809
vn 0.2776 -0.8856 0.3725
vn 0.0011 -0.9469 -0.3215
vn 0.9239 -0.0004 -0.3826
vn 0.3883 -0.0064 -0.9215
vn 0.3542 -0.1577 -0.9218
vn 0.6666 -0.6418 -0.3791
vn 0.2783 -0.2689 -0.9221
vn 0.6680 -0.6425 -0.3754
vn 0.1402 -0.9139 -0.3809
vn 0.1177 -0.3774 -0.9185
vn 0.1177 -0.3774 -0.9186
vn 0.0028 -0.4529 -0.8915
vn -0.3889 0.0039 -0.9213
vn -0.3516 0.1549 -0.9232
vn 0.3540 -0.1575 -0.9219
vn 0.2781 -0.2686 -0.9222
vn -0.2777 0.2669 -0.9228
vn -0.1164 0.3756 -0.9194
vn 0.1178 -0.3773 -0.9186
vn 0.0588 -0.3799 -0.9231
vn 0.0029 -0.4529 -0.8915
vn -0.8444 0.3759 -0.3816
vn -0.3539 0.1565 -0.9221
vn -0.6659 0.6440 -0.3767
vn -0.1531 0.9108 -0.3833
vn -0.2712 0.8877 -0.3721
vn -0.1164 0.3758 -0.9194
vn -0.0089 0.4550 -0.8905
vn -0.3826 0.0010 0.9239
vn -0.9239 -0.0005 -0.3826
vn -0.3827 0.0033 0.9238
vn -0.8444 0.3760 -0.3816
vn -0.3539 0.1586 0.9217
vn -0.0614 0.3793 0.9232
vn -0.1531 0.9109 -0.3833
vn -0.0614 0.3794 0.9232
vn 0.9263 -0.0125 0.3766
vn 0.3888 -0.0043 0.9213
vn 0.3538 -0.1559 0.9222
vn -0.3537 0.1584 0.9219
vn -0.3536 0.1585 0.9219
vn -0.3890 0.0060 0.9212
vn -0.8456 0.3760 -0.3788
vn 0.6681 -0.6424 -0.3754
vn 0.2802 -0.2691 0.9214
vn -0.6658 0.6440 -0.3767
vn -0.2800 0.2720 0.9206
vn -0.6659 0.6439 -0.3767
vn 0.2785 -0.8861 -0.3704
vn 0.6667 -0.6417 -0.3792
vn 0.1181 -0.3758 0.9191
vn -0.1167 0.3784 0.9183
vn 0.2780 -0.2687 -0.9222
vn -0.3890 0.0046 0.9212
vn -0.3136 0.2583 0.9138
vn -0.0731 0.3797 0.9222
vn -0.0732 0.3798 0.9222
vn -0.0733 0.3836 0.9206
vn -0.3891 0.0047 0.9212
vn 0.3890 -0.0027 0.9212
vn 0.3827 -0.0006 0.9239
vn 0.3149 -0.2526 0.9149
vn 0.0737 -0.3772 0.9232
vn 0.0739 -0.3809 0.9216
vn -0.0732 0.3795 0.9223
vn 0.9265 -0.0088 0.3762
vn 0.9239 -0.0041 0.3826
vn 0.3891 -0.0026 0.9212
vn 0.7222 -0.5807 0.3759
vn 0.7221 -0.5807 0.3759
vn 0.7280 -0.5819 0.3625
vn 0.1773 -0.9075 0.3808
vn 0.1771 -0.9090 0.3772
vn 0.0737 -0.3773 0.9232
vn 0.9239 -0.0050 -0.3827
vn 0.9264 -0.0094 -0.3764
vn 0.9265 -0.0087 0.3762
vn 0.1768 -0.9084 -0.3789
vn 0.1775 -0.9097 -0.3754
vn 0.1772 -0.9090 0.3772
vn 0.1772 -0.9075 0.3808
vn 0.9239 -0.0048 -0.3827
vn 0.9239 -0.0051 -0.3827
vn 0.3887 -0.0048 -0.9213
vn 0.3827 -0.0029 -0.9239
vn 0.7213 -0.5814 -0.3766
vn 0.1767 -0.9084 -0.3788
vn 0.0737 -0.3800 -0.9220
vn 0.0739 -0.3834 -0.9206
vn 0.3826 -0.0028 -0.9239
vn -0.2966 0.2476 -0.9224
vn 0.0739 -0.3836 -0.9206
vn -0.0731 0.3778 -0.9230
vn -0.0734 0.3817 -0.9214
vn -0.9239 0.0034 -0.3827
vn -0.3826 0.0006 -0.9239
vn -0.9239 0.0035 -0.3827
vn -0.3826 0.0005 -0.9239
vn -0.1735 0.9081 -0.3811
vn -0.0734 0.3815 -0.9214
vn -0.9238 -0.0004 -0.3828
vn -0.3827 0.0028 0.9239
vn -0.9265 0.0072 -0.3763
vn -0.7062 0.5978 -0.3793
vn -0.2966 0.2497 0.9218
vn -0.7139 0.5989 -0.3627
vn -0.1736 0.9081 -0.3811
vn 0.9264 -0.0095 -0.3763
vn 0.9264 -0.0094 -0.3763
vn -0.3154 0.2589 0.9130
vn -0.7139 0.5989 -0.3628
vn -0.3890 0.0024 -0.9212
vn 0.7222 -0.5806 0.3759
vn 0.0740 -0.3811 0.9216
vn -0.2990 0.2510 0.9206
vn -0.1743 0.9095 -0.3773
vn 0.2997 -0.2469 -0.9215
vn 0.2997 -0.2470 -0.9215
vt 0.870216 0.827333
vt 0.829224 0.827333
vt 0.829224 0.843871
vt 0.870216 0.843871
vt 0.788701 0.827333
vt 0.788701 0.843871
vt 0.748548 0.827333
vt 0.748548 0.843871
vt 0.707349 0.827333
vt 0.707349 0.843871
vt 0.666916 0.827333
vt 0.666916 0.843871
vt 0.626168 0.827333
vt 0.626168 0.843871
vt 0.585564 0.827333
vt 0.585564 0.843871
vt 0.992195 0.827333
vt 0.951505 0.827333
vt 0.951505 0.843871
vt 0.992195 0.843871
vt 0.910359 0.827333
vt 0.910359 0.843871
vt 0.970072 0.808853
vt 0.945781 0.816627
vt 0.945972 0.775522
vt 0.985026 0.788291
vt 0.985026 0.762857
vt 0.970114 0.742302
vt 0.945953 0.734466
vt 0.921782 0.742255
vt 0.906888 0.762796
vt 0.906869 0.788189
vt 0.921709 0.808723
vt 0.857947 0.773978
vt 0.869374 0.738357
vt 0.888132 0.751881
vt 0.895355 0.773838
vt 0.888294 0.795855
vt 0.869638 0.809509
vt 0.846520 0.809602
vt 0.827763 0.796076
vt 0.820540 0.774117
vt 0.827605 0.752103
vt 0.846256 0.738445
vt 0.870216 0.964493
vt 0.870216 0.992322
vt 0.829224 0.992322
vt 0.829224 0.964493
vt 0.910791 0.964493
vt 0.910806 0.992319
vt 0.951364 0.964493
vt 0.951355 0.992322
vt 0.991919 0.964493
vt 0.991926 0.992331
vt 0.626168 0.964493
vt 0.626168 0.992331
vt 0.585564 0.992324
vt 0.585564 0.964493
vt 0.666916 0.964493
vt 0.666916 0.992330
vt 0.707349 0.964493
vt 0.707349 0.992318
vt 0.748548 0.964493
vt 0.748548 0.992318
vt 0.788701 0.964493
vt 0.788701 0.992325
vt 0.870216 0.954032
vt 0.829224 0.954032
vt 0.829224 0.964494
vt 0.870216 0.964494
vt 0.910359 0.964493
vt 0.910359 0.954032
vt 0.951505 0.964494
vt 0.951504 0.954032
vt 0.992195 0.964494
vt 0.992195 0.954032
vt 0.626168 0.964493
vt 0.626168 0.954032
vt 0.585564 0.954032
vt 0.585564 0.964494
vt 0.666916 0.964494
vt 0.666916 0.954032
vt 0.707348 0.964493
vt 0.707348 0.954032
vt 0.748547 0.964493
vt 0.748547 0.954032
vt 0.788701 0.964493
vt 0.788701 0.954032
vt 0.867269 0.804398
vt 0.866277 0.801358
vt 0.880489 0.791036
vt 0.883074 0.792913
vt 0.847722 0.804405
vt 0.848711 0.801364
vt 0.831917 0.792923
vt 0.834499 0.791041
vt 0.825870 0.774341
vt 0.829066 0.774341
vt 0.831908 0.755751
vt 0.834494 0.757630
vt 0.847711 0.744263
vt 0.848703 0.747302
vt 0.867252 0.744263
vt 0.866265 0.747304
vt 0.883067 0.755744
vt 0.880482 0.757625
vt 0.889105 0.774327
vt 0.885908 0.774327
vt 0.709189 0.107227
vt 0.654497 0.110209
vt 0.654497 0.087115
vt 0.709188 0.090092
vt 0.843060 0.198538
vt 0.854982 0.143532
vt 0.846240 0.143532
vt 0.835668 0.198536
vt 0.860107 0.107222
vt 0.850395 0.107226
vt 0.850398 0.090094
vt 0.860111 0.090090
vt 0.684422 0.160955
vt 0.677027 0.160955
vt 0.687597 0.215962
vt 0.696334 0.215967
vt 0.925309 0.107231
vt 0.917217 0.107228
vt 0.917219 0.090096
vt 0.925311 0.090095
vt 0.835668 0.206934
vt 0.835669 0.215023
vt 0.843063 0.215023
vt 0.843063 0.206934
vt 0.717281 0.090096
vt 0.717275 0.107228
vt 0.684422 0.152556
vt 0.684422 0.144467
vt 0.677027 0.144467
vt 0.677027 0.152556
vt 0.589813 0.336912
vt 0.511297 0.337899
vt 0.518972 0.344622
vt 0.585892 0.343741
vt 0.595667 0.391609
vt 0.591577 0.384773
vt 0.524040 0.384174
vt 0.516754 0.391378
vt 0.786575 0.090092
vt 0.786575 0.107227
vt 0.981279 0.110207
vt 0.981279 0.121527
vt 0.925310 0.115629
vt 0.709186 0.115624
vt 0.654500 0.121530
vt 0.981275 0.087112
vt 0.925309 0.081695
vt 0.981280 0.075795
vt 0.654497 0.075795
vt 0.709187 0.081694
vt 0.602226 0.345122
vt 0.594562 0.355233
vt 0.510707 0.254342
vt 0.517975 0.266322
vt 0.598231 0.265160
vt 0.608549 0.254342
vt 0.511309 0.355684
vt 0.499674 0.344512
vt 0.606562 0.383355
vt 0.598863 0.373118
vt 0.515306 0.373118
vt 0.504399 0.384902
vt 0.521281 0.475879
vt 0.619377 0.472397
vt 0.608050 0.461883
vt 0.527800 0.463795
vt 0.784738 0.198535
vt 0.786034 0.143530
vt 0.777664 0.143533
vt 0.777662 0.198535
vt 0.784738 0.206933
vt 0.777662 0.206934
vt 0.777662 0.215023
vt 0.784739 0.215023
vt 0.612018 0.265903
vt 0.598776 0.272140
vt 0.511651 0.274031
vt 0.499793 0.266005
vt 0.795985 0.107227
vt 0.795985 0.090092
vt 0.509520 0.464657
vt 0.520914 0.456549
vt 0.607872 0.454685
vt 0.621397 0.460385
vt 0.626100 0.152561
vt 0.626096 0.144475
vt 0.619022 0.144472
vt 0.619023 0.152561
vt 0.619023 0.160960
vt 0.626100 0.160960
vt 0.619020 0.215967
vt 0.627385 0.215967
vt 0.750913 0.706465
vt 0.750913 0.577066
vt 0.733070 0.577066
vt 0.733070 0.706465
vt 0.768756 0.706466
vt 0.768756 0.577066
vt 0.786599 0.706466
vt 0.786599 0.577066
vt 0.804442 0.706466
vt 0.804442 0.577066
vt 0.822284 0.706466
vt 0.822285 0.577066
vt 0.840127 0.706466
vt 0.840127 0.577066
vt 0.857970 0.706465
vt 0.857970 0.577066
vt 0.875813 0.706465
vt 0.875813 0.577066
vt 0.893656 0.706465
vt 0.893656 0.577066
vt 0.911499 0.706465
vt 0.911499 0.577066
vt 0.929342 0.706466
vt 0.929342 0.577066
vt 0.947184 0.706466
vt 0.947185 0.577066
vt 0.965027 0.706466
vt 0.965028 0.577066
vt 0.982870 0.706466
vt 0.982870 0.577066
vt 0.643857 0.706465
vt 0.643857 0.577066
vt 0.626014 0.577066
vt 0.626014 0.706465
vt 0.661700 0.706465
vt 0.661699 0.577066
vt 0.679542 0.706465
vt 0.679542 0.577066
vt 0.697385 0.706465
vt 0.697385 0.577066
vt 0.715228 0.706465
vt 0.715228 0.577066
vt 0.838171 0.458166
vt 0.821201 0.452650
vt 0.812276 0.508976
vt 0.852603 0.468656
vt 0.863092 0.483091
vt 0.868604 0.500060
vt 0.868601 0.517904
vt 0.863086 0.534873
vt 0.852597 0.549307
vt 0.838160 0.559794
vt 0.821192 0.565304
vt 0.803350 0.565302
vt 0.786380 0.559787
vt 0.771942 0.549302
vt 0.761460 0.534863
vt 0.755947 0.517893
vt 0.755946 0.500051
vt 0.761463 0.483082
vt 0.771952 0.468647
vt 0.786388 0.458162
vt 0.803357 0.452650
vt 0.285415 0.385333
vt 0.279750 0.402516
vt 0.229034 0.376382
vt 0.269630 0.417096
vt 0.254803 0.427339
vt 0.237712 0.432801
vt 0.219942 0.432649
vt 0.202911 0.426849
vt 0.188433 0.416602
vt 0.177831 0.402250
vt 0.172236 0.385236
vt 0.172399 0.367279
vt 0.178190 0.349986
vt 0.188460 0.335229
vt 0.203152 0.324826
vt 0.220225 0.319323
vt 0.238039 0.319509
vt 0.255557 0.325044
vt 0.270239 0.335511
vt 0.280411 0.350459
vt 0.286008 0.367534
vt 0.747709 0.298440
vt 0.756287 0.406758
vt 0.740466 0.407969
vt 0.729443 0.300023
vt 0.723162 0.409309
vt 0.710682 0.302057
vt 0.705767 0.411110
vt 0.692716 0.304329
vt 0.688729 0.413500
vt 0.674658 0.306903
vt 0.671655 0.416358
vt 0.656821 0.310267
vt 0.655466 0.419981
vt 0.639084 0.314239
vt 0.639165 0.425206
vt 0.621795 0.318272
vt 0.985941 0.312638
vt 0.969728 0.425142
vt 0.952958 0.419663
vt 0.967546 0.309096
vt 0.936630 0.415649
vt 0.948990 0.306056
vt 0.918930 0.412724
vt 0.930189 0.303334
vt 0.901400 0.410486
vt 0.911362 0.300997
vt 0.884202 0.408848
vt 0.893049 0.299120
vt 0.867661 0.407387
vt 0.874749 0.297561
vt 0.851831 0.406291
vt 0.856117 0.296619
vt 0.835807 0.405518
vt 0.837962 0.296015
vt 0.819810 0.405334
vt 0.819842 0.295756
vt 0.803199 0.405278
vt 0.801688 0.295858
vt 0.787500 0.405557
vt 0.783469 0.296417
vt 0.771993 0.405962
vt 0.765485 0.297270
vt 0.890300 0.549989
vt 0.982488 0.549990
vt 0.982488 0.532147
vt 0.890300 0.532147
vt 0.982491 0.514302
vt 0.890302 0.514303
vt 0.982489 0.496460
vt 0.890302 0.496459
vt 0.982490 0.478619
vt 0.890302 0.478618
vt 0.982490 0.460776
vt 0.890303 0.460776
vt 0.982388 0.549931
vt 0.890202 0.549931
vt 0.890202 0.567775
vt 0.982387 0.567772
vt 0.075192 0.039727
vt 0.072988 0.043940
vt 0.062843 0.042583
vt 0.063553 0.037885
vt 0.085173 0.044990
vt 0.081700 0.048372
vt 0.075507 0.112897
vt 0.073265 0.109129
vt 0.082040 0.104745
vt 0.085719 0.107892
vt 0.064097 0.114931
vt 0.063299 0.110905
vt 0.052051 0.113575
vt 0.052985 0.109313
vt 0.041097 0.108176
vt 0.043500 0.104454
vt 0.032044 0.100016
vt 0.035507 0.097248
vt 0.024497 0.088894
vt 0.028458 0.087422
vt 0.022011 0.076924
vt 0.026180 0.076946
vt 0.025075 0.064399
vt 0.029264 0.065830
vt 0.030951 0.053470
vt 0.034295 0.056213
vt 0.040070 0.045030
vt 0.042239 0.048842
vt 0.051319 0.039651
vt 0.052162 0.044121
vt 0.161154 0.037884
vt 0.161976 0.042226
vt 0.151849 0.043747
vt 0.149554 0.039615
vt 0.142288 0.044325
vt 0.142964 0.048142
vt 0.082113 0.044439
vt 0.139168 0.044645
vt 0.012555 0.248984
vt 0.012556 0.241207
vt 0.115390 0.241216
vt 0.115393 0.248984
vt 0.137913 0.107815
vt 0.141558 0.104537
vt 0.149763 0.109076
vt 0.147374 0.113181
vt 0.159472 0.110582
vt 0.158765 0.115314
vt 0.170192 0.109439
vt 0.171049 0.114017
vt 0.180257 0.105039
vt 0.182489 0.108996
vt 0.188380 0.097865
vt 0.191808 0.100784
vt 0.193705 0.088422
vt 0.198030 0.090017
vt 0.197330 0.077513
vt 0.201489 0.077665
vt 0.195819 0.066847
vt 0.199763 0.065439
vt 0.189543 0.056978
vt 0.193013 0.054188
vt 0.181780 0.049386
vt 0.184308 0.045555
vt 0.172276 0.044242
vt 0.173295 0.039836
vt 0.085138 0.057430
vt 0.139568 0.057786
vt 0.085677 0.067544
vt 0.138603 0.067710
vt 0.085815 0.077201
vt 0.139215 0.076880
vt 0.086582 0.086049
vt 0.138815 0.086302
vt 0.085568 0.095656
vt 0.138848 0.095894
vt 0.056573 0.077262
vt 0.167556 0.076922
vt 0.174819 0.653730
vt 0.008720 0.625560
vt 0.010525 0.598035
vt 0.174820 0.635346
vt 0.013447 0.570474
vt 0.174819 0.616759
vt 0.018283 0.542639
vt 0.174820 0.598190
vt 0.024861 0.514514
vt 0.174820 0.579600
vt 0.033178 0.486458
vt 0.174820 0.559440
vt 0.042332 0.458768
vt 0.174820 0.538482
vt 0.053810 0.431174
vt 0.174820 0.517415
vt 0.174820 0.914492
vt 0.055319 0.987877
vt 0.042621 0.961279
vt 0.174820 0.896440
vt 0.032258 0.934506
vt 0.174820 0.877680
vt 0.024785 0.906072
vt 0.174820 0.858694
vt 0.019631 0.877330
vt 0.174820 0.839257
vt 0.015992 0.848676
vt 0.174819 0.818588
vt 0.013375 0.820344
vt 0.174819 0.796421
vt 0.011795 0.791986
vt 0.174820 0.774045
vt 0.011461 0.763439
vt 0.174820 0.751596
vt 0.010753 0.735412
vt 0.174820 0.729034
vt 0.010045 0.707735
vt 0.174820 0.708743
vt 0.008841 0.680434
vt 0.174819 0.690403
vt 0.008278 0.653110
vt 0.174820 0.672064
vt 0.316803 0.275069
vt 0.322184 0.268768
vt 0.342794 0.290894
vt 0.336012 0.295883
vt 0.358185 0.316985
vt 0.350539 0.320421
vt 0.366593 0.345475
vt 0.358617 0.346634
vt 0.369236 0.374482
vt 0.360846 0.374157
vt 0.365939 0.403116
vt 0.357930 0.401159
vt 0.356395 0.430012
vt 0.348903 0.426473
vt 0.340843 0.454054
vt 0.334277 0.449589
vt 0.115367 0.450340
vt 0.107914 0.454054
vt 0.095476 0.425826
vt 0.103191 0.423149
vt 0.088098 0.395563
vt 0.096527 0.394535
vt 0.088157 0.364058
vt 0.096509 0.364876
vt 0.094842 0.333331
vt 0.102859 0.336111
vt 0.107971 0.304776
vt 0.115028 0.309158
vt 0.126756 0.279719
vt 0.133261 0.285827
vt 0.150723 0.259452
vt 0.155432 0.266540
vt 0.178121 0.244931
vt 0.181165 0.252835
vt 0.208073 0.236743
vt 0.209248 0.244862
vt 0.238824 0.235024
vt 0.238207 0.243358
vt 0.268948 0.240322
vt 0.266627 0.248184
vt 0.297402 0.251696
vt 0.293319 0.258846
vt 0.303997 0.289800
vt 0.320440 0.307538
vt 0.313956 0.390241
vt 0.331762 0.393343
vt 0.321134 0.423768
vt 0.305387 0.415358
vt 0.332603 0.328665
vt 0.313532 0.363276
vt 0.331507 0.360497
vt 0.339500 0.351442
vt 0.306353 0.337156
vt 0.322314 0.328900
vt 0.341946 0.374064
vt 0.289816 0.315685
vt 0.302593 0.302997
vt 0.338443 0.395688
vt 0.268426 0.299337
vt 0.276774 0.283190
vt 0.331707 0.417636
vt 0.243203 0.290760
vt 0.246187 0.273014
vt 0.319445 0.436766
vt 0.215968 0.291054
vt 0.213100 0.273014
vt 0.131772 0.439152
vt 0.121115 0.416824
vt 0.189784 0.298802
vt 0.181585 0.282954
vt 0.116085 0.392611
vt 0.168353 0.315576
vt 0.155498 0.302626
vt 0.115769 0.366400
vt 0.152302 0.337190
vt 0.136314 0.329016
vt 0.120753 0.342168
vt 0.144049 0.362599
vt 0.126364 0.359600
vt 0.131674 0.319036
vt 0.144782 0.389445
vt 0.126842 0.392075
vt 0.146853 0.298722
vt 0.152038 0.415191
vt 0.136132 0.423039
vt 0.166294 0.282702
vt 0.168648 0.436130
vt 0.155714 0.448824
vt 0.188442 0.270740
vt 0.189768 0.452381
vt 0.181688 0.468196
vt 0.212133 0.263861
vt 0.215078 0.460398
vt 0.212231 0.477992
vt 0.237004 0.262860
vt 0.241874 0.460193
vt 0.244736 0.478001
vt 0.261465 0.266816
vt 0.267759 0.452914
vt 0.275588 0.468492
vt 0.283947 0.276074
vt 0.289112 0.436547
vt 0.301552 0.449615
vt 0.741634 0.429185
vt 0.725751 0.429912
vt 0.710050 0.431023
vt 0.694124 0.432494
vt 0.678992 0.435723
vt 0.664428 0.439887
vt 0.651775 0.445162
vt 0.957424 0.445162
vt 0.944389 0.439558
vt 0.929882 0.436102
vt 0.914328 0.433740
vt 0.898021 0.430963
vt 0.881690 0.428811
vt 0.865778 0.428141
vt 0.850271 0.427550
vt 0.834473 0.427481
vt 0.818760 0.426261
vt 0.803260 0.426720
vt 0.787773 0.426262
vt 0.772723 0.427349
vt 0.757263 0.428838
vt 0.574295 0.635346
vt 0.574295 0.616759
vt 0.574295 0.598190
vt 0.574295 0.579600
vt 0.574295 0.559440
vt 0.574295 0.538482
vt 0.574295 0.517415
vt 0.574295 0.914492
vt 0.574295 0.896440
vt 0.574295 0.877679
vt 0.574295 0.858694
vt 0.574295 0.839257
vt 0.574295 0.818588
vt 0.574295 0.796421
vt 0.574295 0.774045
vt 0.574295 0.751596
vt 0.574295 0.729034
vt 0.574295 0.708743
vt 0.574295 0.690403
vt 0.574295 0.672064
vt 0.574295 0.653730
vt 0.012218 0.219926
vt 0.012219 0.134169
vt 0.026527 0.134169
vt 0.026527 0.219926
vt 0.040834 0.134169
vt 0.040834 0.219926
vt 0.055142 0.134169
vt 0.055143 0.219927
vt 0.069449 0.134168
vt 0.069451 0.219927
vt 0.083756 0.134168
vt 0.083757 0.219925
vt 0.098067 0.134170
vt 0.098065 0.219926
vt 0.106076 0.133335
vt 0.111667 0.133335
vt 0.111668 0.219091
vt 0.106076 0.219092
vt 0.192693 0.219090
vt 0.187102 0.219090
vt 0.187101 0.133333
vt 0.192692 0.133332
vt 0.124234 0.219091
vt 0.124233 0.133335
vt 0.136810 0.219090
vt 0.136806 0.133331
vt 0.149386 0.219092
vt 0.149382 0.133331
vt 0.161961 0.219091
vt 0.161959 0.133333
vt 0.174535 0.219090
vt 0.174534 0.133333
vt 0.675849 0.049931
vt 0.621171 0.052997
vt 0.621127 0.029908
vt 0.675821 0.032796
vt 0.987483 0.052393
vt 0.929178 0.049513
vt 0.929146 0.032378
vt 0.987442 0.029301
vt 0.891957 0.049574
vt 0.891934 0.032437
vt 0.908443 0.160017
vt 0.908443 0.218395
vt 0.865756 0.202646
vt 0.873520 0.147136
vt 0.635275 0.085907
vt 0.648156 0.120825
vt 0.592644 0.128596
vt 0.576899 0.085907
vt 0.975955 0.162908
vt 0.987876 0.217916
vt 0.979135 0.217916
vt 0.968562 0.162910
vt 0.826772 0.049685
vt 0.817057 0.049701
vt 0.817028 0.032563
vt 0.826742 0.032548
vt 0.709472 0.198538
vt 0.716867 0.198538
vt 0.706286 0.143535
vt 0.697546 0.143534
vt 0.883868 0.049588
vt 0.883845 0.032451
vt 0.968562 0.154511
vt 0.968562 0.146422
vt 0.975957 0.146422
vt 0.975957 0.154511
vt 0.683910 0.032783
vt 0.683938 0.049917
vt 0.709472 0.206937
vt 0.709472 0.215027
vt 0.716868 0.215027
vt 0.716867 0.206937
vt 0.403146 0.337171
vt 0.481661 0.338149
vt 0.473985 0.344874
vt 0.407063 0.343994
vt 0.402010 0.392166
vt 0.406035 0.385357
vt 0.473703 0.384773
vt 0.480844 0.392148
vt 0.753204 0.032671
vt 0.753238 0.049801
vt 0.854476 0.201671
vt 0.865154 0.146420
vt 0.675866 0.058328
vt 0.621189 0.064317
vt 0.922221 0.225284
vt 0.978214 0.228178
vt 0.977333 0.236534
vt 0.921045 0.236534
vt 0.621110 0.018590
vt 0.675812 0.024398
vt 0.390739 0.345388
vt 0.398398 0.355492
vt 0.482246 0.254594
vt 0.474978 0.266575
vt 0.394721 0.265410
vt 0.384401 0.254594
vt 0.481647 0.355936
vt 0.493282 0.344762
vt 0.391527 0.384045
vt 0.399097 0.373722
vt 0.482740 0.373722
vt 0.493417 0.385743
vt 0.475015 0.476638
vt 0.376555 0.472924
vt 0.388162 0.462304
vt 0.468730 0.464616
vt 0.917634 0.162908
vt 0.918927 0.217914
vt 0.910561 0.217916
vt 0.910557 0.162908
vt 0.917634 0.154509
vt 0.910557 0.154509
vt 0.910557 0.146420
vt 0.917634 0.146420
vt 0.380934 0.266155
vt 0.394177 0.272389
vt 0.481302 0.274282
vt 0.493162 0.266255
vt 0.762650 0.049788
vt 0.762614 0.032653
vt 0.486806 0.465480
vt 0.475666 0.457438
vt 0.388609 0.454965
vt 0.375010 0.460657
vt 0.767793 0.206938
vt 0.767796 0.215024
vt 0.774871 0.215027
vt 0.774870 0.206937
vt 0.774870 0.198538
vt 0.767792 0.198539
vt 0.774865 0.143529
vt 0.766499 0.143532
vt 0.011956 0.020864
vt 0.012478 0.020832
vt 0.022838 0.028624
vt 0.019875 0.030251
vt 0.012627 0.020748
vt 0.028774 0.025387
vt 0.012466 0.020609
vt 0.036023 0.020184
vt 0.012034 0.020437
vt 0.032078 0.018010
vt 0.011469 0.020256
vt 0.026023 0.013664
vt 0.010723 0.020238
vt 0.022501 0.010787
vt 0.005768 0.020938
vt 0.020451 0.009784
vt 0.019354 0.030751
vt 0.047830 0.022207
vt 0.047826 0.023502
vt 0.048867 0.020772
vt 0.049973 0.019084
vt 0.049689 0.017649
vt 0.049053 0.016516
vt 0.047795 0.015473
vt 0.046233 0.014317
vt 0.048071 0.024995
vt 0.072191 0.021959
vt 0.072359 0.023132
vt 0.072233 0.020738
vt 0.072339 0.019264
vt 0.072452 0.017861
vt 0.072405 0.016718
vt 0.072003 0.015545
vt 0.071559 0.014131
vt 0.072596 0.024524
vt 0.098802 0.021602
vt 0.098790 0.022786
vt 0.099030 0.020371
vt 0.099333 0.018890
vt 0.099653 0.017490
vt 0.099811 0.016372
vt 0.099613 0.015226
vt 0.099440 0.013822
vt 0.098934 0.024171
vt 0.125965 0.021555
vt 0.126088 0.022797
vt 0.126062 0.020266
vt 0.126232 0.018727
vt 0.126528 0.017266
vt 0.126775 0.016123
vt 0.126678 0.014946
vt 0.126621 0.013529
vt 0.126401 0.024272
vt 0.153768 0.021875
vt 0.153910 0.023181
vt 0.153832 0.020516
vt 0.153959 0.018897
vt 0.154210 0.017312
vt 0.154433 0.016083
vt 0.154305 0.014840
vt 0.154217 0.013384
vt 0.154206 0.024730
vt 0.179605 0.022440
vt 0.179855 0.023813
vt 0.179486 0.020939
vt 0.179501 0.019219
vt 0.179907 0.017514
vt 0.180387 0.016130
vt 0.180699 0.014801
vt 0.181017 0.013314
vt 0.180245 0.025470
vt 0.208294 0.023403
vt 0.209130 0.024698
vt 0.207410 0.021969
vt 0.207234 0.020019
vt 0.207815 0.018025
vt 0.208863 0.016415
vt 0.209691 0.015025
vt 0.210060 0.013640
vt 0.209619 0.026168
vt 0.217055 0.021283
vt 0.218041 0.021569
vt 0.216426 0.020795
vt 0.216343 0.020043
vt 0.216476 0.019607
vt 0.216947 0.019309
vt 0.217808 0.018994
vt 0.223139 0.020273
vt 0.331568 0.156411
vt 0.331584 0.185029
vt 0.285018 0.164810
vt 0.304965 0.145245
vt 0.358286 0.145879
vt 0.377238 0.165336
vt 0.369579 0.119474
vt 0.397623 0.118747
vt 0.358765 0.093158
vt 0.378332 0.074061
vt 0.331949 0.081980
vt 0.331856 0.053894
vt 0.305535 0.092140
vt 0.286409 0.072780
vt 0.294413 0.118515
vt 0.265888 0.119384
vt 0.331639 0.209365
vt 0.267437 0.182509
vt 0.395116 0.182724
vt 0.421179 0.119296
vt 0.395706 0.056946
vt 0.331480 0.030105
vt 0.268531 0.055380
vt 0.241857 0.119090
vt 0.331199 0.229549
vt 0.254354 0.195933
vt 0.408629 0.196283
vt 0.441567 0.119411
vt 0.408452 0.043591
vt 0.331760 0.010203
vt 0.255072 0.042148
vt 0.221484 0.119171
vt 0.331891 0.118935
vt 0.438517 0.032448
vt 0.456630 0.014337
vt 0.469437 0.045257
vt 0.482246 0.014337
vt 0.500358 0.032450
vt 0.500358 0.058066
vt 0.482244 0.076177
vt 0.456629 0.076177
vt 0.438517 0.058064
vt 0.691716 0.552278
vt 0.691819 0.551121
vt 0.707538 0.551046
vt 0.707473 0.552234
vt 0.656407 0.552321
vt 0.656437 0.551165
vt 0.650056 0.552301
vt 0.644505 0.552296
vt 0.644377 0.551169
vt 0.650118 0.551183
vt 0.629002 0.552382
vt 0.628650 0.551249
vt 0.637571 0.551178
vt 0.637833 0.552309
vt 0.691924 0.549949
vt 0.707603 0.549856
vt 0.656433 0.550042
vt 0.644275 0.550105
vt 0.650164 0.550112
vt 0.628288 0.550095
vt 0.637314 0.550090
vt 0.692032 0.548767
vt 0.707667 0.548666
vt 0.656317 0.548966
vt 0.644165 0.549051
vt 0.650126 0.549068
vt 0.628014 0.548960
vt 0.637082 0.548972
vt 0.692070 0.558109
vt 0.691955 0.556925
vt 0.707664 0.556944
vt 0.707732 0.558136
vt 0.656169 0.558006
vt 0.656277 0.556927
vt 0.644117 0.558016
vt 0.644223 0.556955
vt 0.650155 0.556897
vt 0.650128 0.557944
vt 0.627989 0.558033
vt 0.628270 0.556894
vt 0.637193 0.557003
vt 0.636947 0.558136
vt 0.691845 0.555755
vt 0.707597 0.555753
vt 0.656332 0.555812
vt 0.644325 0.555887
vt 0.650096 0.555826
vt 0.628635 0.555745
vt 0.637481 0.555887
vt 0.691737 0.554599
vt 0.707529 0.554562
vt 0.656358 0.554666
vt 0.650028 0.554703
vt 0.644463 0.554749
vt 0.628992 0.554610
vt 0.637781 0.554727
vt 0.691638 0.553443
vt 0.707114 0.553404
vt 0.656362 0.553501
vt 0.644649 0.553508
vt 0.650022 0.553503
vt 0.629239 0.553494
vt 0.638016 0.553505
vt 0.708736 0.551655
vt 0.708709 0.553374
vt 0.709990 0.552114
vt 0.710479 0.553338
vt 0.710039 0.554583
vt 0.708812 0.555095
vt 0.656854 0.524243
vt 0.656854 0.525426
vt 0.623091 0.525535
vt 0.623097 0.524344
vt 0.681443 0.524436
vt 0.681514 0.525602
vt 0.696121 0.524436
vt 0.696142 0.525609
vt 0.688481 0.525609
vt 0.688454 0.524429
vt 0.712890 0.524536
vt 0.712870 0.525709
vt 0.703863 0.525666
vt 0.703843 0.524511
vt 0.722045 0.524626
vt 0.732385 0.524727
vt 0.732301 0.525869
vt 0.721997 0.525760
vt 0.745210 0.525133
vt 0.746078 0.526133
vt 0.656849 0.526628
vt 0.623087 0.526733
vt 0.681570 0.526751
vt 0.696156 0.526769
vt 0.688498 0.526765
vt 0.712845 0.526852
vt 0.703883 0.526808
vt 0.732218 0.526991
vt 0.721956 0.526885
vt 0.746951 0.527147
vt 0.656844 0.527895
vt 0.623388 0.527914
vt 0.681590 0.527903
vt 0.696160 0.527920
vt 0.688508 0.527905
vt 0.712825 0.527976
vt 0.703886 0.527948
vt 0.732174 0.528114
vt 0.721933 0.528035
vt 0.747309 0.528325
vt 0.656842 0.529149
vt 0.623104 0.529099
vt 0.681560 0.529050
vt 0.696148 0.529068
vt 0.688500 0.529050
vt 0.712814 0.529100
vt 0.703868 0.529090
vt 0.732185 0.529240
vt 0.721938 0.529175
vt 0.746941 0.529481
vt 0.656839 0.530351
vt 0.623094 0.530295
vt 0.681499 0.530178
vt 0.696127 0.530224
vt 0.688481 0.530196
vt 0.712811 0.530245
vt 0.703837 0.530223
vt 0.732249 0.530358
vt 0.721958 0.530299
vt 0.746063 0.530464
vt 0.656835 0.531531
vt 0.623100 0.531478
vt 0.681431 0.531328
vt 0.696094 0.531389
vt 0.688452 0.531358
vt 0.712812 0.531425
vt 0.703801 0.531368
vt 0.721980 0.531441
vt 0.732314 0.531494
vt 0.745184 0.531443
vt 0.656805 0.532684
vt 0.623171 0.532617
vt 0.681323 0.532506
vt 0.696021 0.532593
vt 0.688362 0.532553
vt 0.712811 0.532627
vt 0.703735 0.532575
vt 0.732344 0.532684
vt 0.721998 0.532633
vt 0.744816 0.532598
vt 0.656825 0.523092
vt 0.623165 0.523203
vt 0.681338 0.523265
vt 0.696086 0.523239
vt 0.688373 0.523240
vt 0.712896 0.523337
vt 0.703822 0.523307
vt 0.732435 0.523544
vt 0.722078 0.523438
vt 0.744879 0.523975
vt 0.620729 0.526710
vt 0.621913 0.526198
vt 0.621893 0.527936
vt 0.621949 0.529665
vt 0.620758 0.529190
vt 0.620249 0.527958
vt 0.621668 0.511634
vt 0.621664 0.512818
vt 0.587907 0.512932
vt 0.587912 0.511740
vt 0.646264 0.511824
vt 0.646331 0.512989
vt 0.660938 0.511818
vt 0.660954 0.512991
vt 0.653297 0.512993
vt 0.653274 0.511814
vt 0.677700 0.511916
vt 0.677678 0.513089
vt 0.668671 0.513047
vt 0.668656 0.511892
vt 0.686858 0.512006
vt 0.697200 0.512109
vt 0.697117 0.513253
vt 0.686809 0.513141
vt 0.710028 0.512519
vt 0.710898 0.513520
vt 0.621659 0.514021
vt 0.587906 0.514130
vt 0.646383 0.514138
vt 0.660963 0.514151
vt 0.653310 0.514148
vt 0.677652 0.514232
vt 0.668685 0.514188
vt 0.697034 0.514376
vt 0.686765 0.514266
vt 0.711774 0.514534
vt 0.621653 0.515288
vt 0.588210 0.515311
vt 0.646399 0.515290
vt 0.660961 0.515301
vt 0.653314 0.515288
vt 0.677630 0.515356
vt 0.668686 0.515328
vt 0.696991 0.515500
vt 0.686744 0.515417
vt 0.712135 0.515712
vt 0.621650 0.516542
vt 0.587929 0.516496
vt 0.646366 0.516436
vt 0.660944 0.516449
vt 0.653300 0.516432
vt 0.677617 0.516480
vt 0.668666 0.516470
vt 0.697003 0.516627
vt 0.686749 0.516558
vt 0.711769 0.516869
vt 0.621647 0.517743
vt 0.587921 0.517693
vt 0.646299 0.517565
vt 0.660918 0.517604
vt 0.653276 0.517579
vt 0.677613 0.517625
vt 0.668633 0.517603
vt 0.697069 0.517744
vt 0.686771 0.517682
vt 0.710892 0.517852
vt 0.621643 0.518922
vt 0.587929 0.518874
vt 0.646225 0.518714
vt 0.660883 0.518771
vt 0.653241 0.518740
vt 0.677615 0.518806
vt 0.668595 0.518750
vt 0.686794 0.518825
vt 0.697138 0.518881
vt 0.710014 0.518831
vt 0.621610 0.520073
vt 0.587999 0.520009
vt 0.646114 0.519889
vt 0.660810 0.519973
vt 0.653147 0.519933
vt 0.677616 0.520010
vt 0.668529 0.519958
vt 0.697168 0.520073
vt 0.686814 0.520019
vt 0.709645 0.519987
vt 0.621640 0.510482
vt 0.587974 0.510593
vt 0.646162 0.510654
vt 0.660905 0.510622
vt 0.653196 0.510625
vt 0.677706 0.510718
vt 0.668636 0.510689
vt 0.697252 0.510927
vt 0.686890 0.510819
vt 0.709695 0.511361
vt 0.585547 0.514105
vt 0.586730 0.513594
vt 0.586714 0.515332
vt 0.586775 0.517062
vt 0.585582 0.516586
vt 0.585069 0.515353
vt 0.671901 0.542185
vt 0.671804 0.543339
vt 0.656077 0.543402
vt 0.656137 0.542213
vt 0.707234 0.542179
vt 0.707176 0.543338
vt 0.713612 0.542202
vt 0.719136 0.542183
vt 0.719244 0.543294
vt 0.713540 0.543310
vt 0.734594 0.542069
vt 0.734937 0.543195
vt 0.726008 0.543261
vt 0.725781 0.542152
vt 0.671706 0.544507
vt 0.656017 0.544592
vt 0.707157 0.544459
vt 0.719336 0.544347
vt 0.713484 0.544371
vt 0.735289 0.544342
vt 0.726232 0.544328
vt 0.671605 0.545686
vt 0.655957 0.545783
vt 0.707264 0.545525
vt 0.719436 0.545391
vt 0.713513 0.545405
vt 0.735553 0.545471
vt 0.726447 0.545434
vt 0.671495 0.536337
vt 0.671617 0.537526
vt 0.655905 0.537497
vt 0.655833 0.536303
vt 0.707574 0.536480
vt 0.707471 0.537568
vt 0.719592 0.536441
vt 0.719492 0.537510
vt 0.713533 0.537590
vt 0.713556 0.536534
vt 0.735666 0.536422
vt 0.735373 0.537563
vt 0.726547 0.537439
vt 0.726809 0.536303
vt 0.671735 0.538699
vt 0.655978 0.538690
vt 0.707395 0.538688
vt 0.719395 0.538588
vt 0.713597 0.538669
vt 0.734998 0.538713
vt 0.726229 0.538569
vt 0.671852 0.539859
vt 0.656050 0.539880
vt 0.707341 0.539833
vt 0.713670 0.539801
vt 0.719243 0.539738
vt 0.734630 0.539848
vt 0.725896 0.539742
vt 0.671966 0.541017
vt 0.656483 0.541040
vt 0.707307 0.540998
vt 0.719023 0.540993
vt 0.713663 0.541007
vt 0.734370 0.540967
vt 0.725629 0.540978
vt 0.654873 0.542791
vt 0.654887 0.541071
vt 0.653613 0.542329
vt 0.653117 0.541103
vt 0.653551 0.539858
vt 0.654771 0.539347
s 0
usemtl Material.004
f 1/1/1 2/2/1 3/3/1
f 3/3/1 4/4/1 1/1/1
f 2/2/1 5/5/2 6/6/2
f 6/6/2 3/3/1 2/2/1
f 5/5/2 7/7/3 8/8/3
f 8/8/3 6/6/4 5/5/5
f 7/7/6 9/9/7 10/10/7
f 10/10/7 8/8/6 7/7/6
f 9/9/7 11/11/8 12/12/8
f 12/12/9 10/10/7 9/9/7
f 11/11/9 13/13/10 14/14/10
f 14/14/11 12/12/9 11/11/8
f 13/13/10 15/15/12 16/16/12
f 16/16/12 14/14/11 13/13/11
f 17/17/12 18/18/13 19/19/13
f 19/19/13 20/20/14 17/17/14
f 18/18/15 21/21/16 22/22/16
f 22/22/17 19/19/15 18/18/15
f 21/21/18 1/1/1 4/4/1
f 4/4/1 22/22/17 21/21/16
f 23/23/19 24/24/20 25/25/21
f 26/26/22 23/23/1 25/25/21
f 27/27/3 26/26/2 25/25/21
f 28/28/23 27/27/6 25/25/21
f 29/29/24 28/28/7 25/25/21
f 30/30/25 29/29/8 25/25/21
f 31/31/26 30/30/10 25/25/21
f 32/32/15 31/31/14 25/25/21
f 33/33/27 32/32/28 25/25/21
f 24/24/1 33/33/29 25/25/21
f 34/34/30 35/35/30 36/36/30
f 34/34/30 36/36/30 37/37/30
f 34/34/30 37/37/30 38/38/30
f 34/34/30 38/38/30 39/39/30
f 34/34/30 39/39/30 40/40/30
f 34/34/30 40/40/30 41/41/30
f 34/34/30 41/41/30 42/42/30
f 34/34/30 42/42/30 43/43/30
f 34/34/30 43/43/30 44/44/30
f 34/34/30 44/44/30 35/35/30
f 45/45/31 46/46/32 47/47/32
f 47/47/32 48/48/30 45/45/30
f 49/49/31 50/50/33 46/46/32
f 46/46/32 45/45/30 49/49/30
f 51/51/31 52/52/34 50/50/33
f 50/50/33 49/49/30 51/51/30
f 53/53/35 54/54/36 52/52/34
f 52/52/34 51/51/30 53/53/30
f 55/55/37 56/56/38 57/57/39
f 57/57/36 58/58/30 55/55/30
f 59/59/30 60/60/40 56/56/38
f 56/56/38 55/55/31 59/59/31
f 61/61/30 62/62/41 60/60/42
f 60/60/40 59/59/31 61/61/31
f 63/63/30 64/64/43 62/62/41
f 62/62/41 61/61/31 63/63/31
f 65/65/44 66/66/45 64/64/46
f 64/64/43 63/63/30 65/65/30
f 48/48/47 47/47/48 66/66/45
f 66/66/45 65/65/30 48/48/30
f 67/67/49 68/68/50 69/69/50
f 69/69/50 70/70/51 67/67/52
f 71/71/53 72/72/53 67/67/51
f 67/67/51 70/70/52 71/71/54
f 73/73/55 74/74/55 72/72/53
f 72/72/54 71/71/53 73/73/55
f 75/75/56 76/76/56 74/74/55
f 74/74/55 73/73/55 75/75/56
f 77/77/57 78/78/57 79/79/58
f 79/79/56 80/80/58 77/77/57
f 81/81/59 82/82/60 78/78/57
f 78/78/57 77/77/57 81/81/60
f 83/83/61 84/84/61 82/82/60
f 82/82/60 81/81/60 83/83/61
f 85/85/62 86/86/62 84/84/63
f 84/84/63 83/83/61 85/85/62
f 87/87/64 88/88/64 86/86/62
f 86/86/62 85/85/62 87/87/64
f 69/69/50 68/68/50 88/88/64
f 88/88/64 87/87/64 69/69/50
f 89/89/32 90/90/51 91/91/50
f 91/91/65 92/92/66 89/89/67
f 93/93/33 94/94/54 90/90/52
f 90/90/68 89/89/66 93/93/33
f 95/95/69 96/96/70 94/94/71
f 94/94/72 93/93/73 95/95/34
f 97/97/74 98/98/58 96/96/55
f 96/96/75 95/95/76 97/97/77
f 99/99/78 100/100/57 98/98/79
f 98/98/80 97/97/81 99/99/38
f 101/101/40 102/102/82 100/100/57
f 100/100/83 99/99/84 101/101/85
f 103/103/41 104/104/61 102/102/86
f 102/102/87 101/101/85 103/103/41
f 105/105/46 106/106/88 104/104/63
f 104/104/89 103/103/90 105/105/43
f 107/107/91 108/108/64 106/106/92
f 106/106/93 105/105/94 107/107/95
f 92/92/32 91/91/96 108/108/97
f 108/108/98 107/107/99 92/92/66
f 67/67/100 4/4/1 3/3/1
f 3/3/1 68/68/50 67/67/52
f 4/4/1 67/67/52 72/72/54
f 72/72/101 22/22/18 4/4/1
f 22/22/17 72/72/53 74/74/55
f 74/74/102 19/19/15 22/22/17
f 19/19/28 74/74/55 76/76/56
f 76/76/103 20/20/14 19/19/13
f 16/16/104 79/79/58 78/78/57
f 78/78/105 14/14/10 16/16/12
f 14/14/10 78/78/57 82/82/60
f 82/82/59 12/12/8 14/14/10
f 12/12/24 82/82/82 84/84/63
f 84/84/63 10/10/7 12/12/8
f 10/10/7 84/84/63 86/86/62
f 86/86/62 8/8/3 10/10/7
f 8/8/3 86/86/62 88/88/64
f 88/88/106 6/6/5 8/8/3
f 6/6/22 88/88/97 68/68/50
f 68/68/107 3/3/1 6/6/5
f 109/109/30 110/110/30 111/111/30
f 111/111/30 112/112/30 109/109/30
f 113/113/108 114/114/108 115/115/108
f 115/115/108 116/116/108 113/113/108
f 117/117/109 118/118/109 119/119/109
f 119/119/109 120/120/109 117/117/109
f 121/121/110 122/122/110 123/123/110
f 123/123/110 124/124/110 121/121/110
f 125/125/21 126/126/21 127/127/21
f 127/127/21 128/128/21 125/125/21
f 129/129/111 130/130/111 131/131/21
f 131/131/21 132/132/21 129/129/111
f 112/112/30 133/133/112 134/134/113
f 134/134/114 109/109/30 112/112/30
f 135/135/21 136/136/21 137/137/115
f 137/137/115 138/138/115 135/135/21
f 139/139/111 140/140/111 141/141/111
f 141/141/111 142/142/111 139/139/111
f 126/126/21 117/117/116 120/120/109
f 120/120/109 127/127/21 126/126/21
f 143/143/115 144/144/115 145/145/115
f 145/145/115 146/146/115 143/143/115
f 133/133/117 147/147/118 148/148/119
f 148/148/119 134/134/114 133/133/117
f 132/132/120 113/113/108 116/116/108
f 116/116/121 129/129/111 132/132/120
f 149/149/122 150/150/108 151/151/123
f 151/151/108 125/125/21 149/149/122
f 110/110/31 109/109/31 152/152/31
f 152/152/31 153/153/31 110/110/31
f 154/154/124 128/128/21 155/155/125
f 155/155/125 156/156/110 154/154/124
f 138/138/115 122/122/110 121/121/126
f 121/121/110 135/135/21 138/138/127
f 111/111/30 157/157/30 158/158/30
f 158/158/30 112/112/30 111/111/30
f 159/159/111 139/139/111 142/142/128
f 142/142/111 160/160/120 159/159/128
f 161/161/119 162/162/129 163/163/129
f 163/163/130 164/164/114 161/161/119
f 165/165/116 141/141/128 140/140/128
f 140/140/111 166/166/109 165/165/109
f 160/160/21 142/142/111 141/141/128
f 141/141/128 165/165/116 160/160/21
f 167/167/127 168/168/21 144/144/115
f 144/144/127 143/143/115 167/167/115
f 169/169/116 145/145/115 144/144/131
f 144/144/115 168/168/21 169/169/116
f 169/169/116 170/170/116 146/146/115
f 146/146/115 145/145/132 169/169/116
f 171/171/118 172/172/117 173/173/133
f 173/173/134 174/174/134 171/171/135
f 175/175/108 176/176/108 177/177/30
f 177/177/30 178/178/30 175/175/108
f 179/179/33 175/175/108 178/178/31
f 178/178/31 180/180/30 179/179/33
f 179/179/33 180/180/30 181/181/136
f 181/181/113 182/182/111 179/179/33
f 183/183/111 164/164/114 163/163/137
f 163/163/130 184/184/138 183/183/111
f 184/184/138 163/163/139 162/162/130
f 162/162/130 185/185/111 184/184/140
f 186/186/141 185/185/111 162/162/130
f 162/162/129 161/161/119 186/186/142
f 187/187/141 148/148/119 147/147/135
f 147/147/118 188/188/143 187/187/141
f 189/189/143 171/171/135 174/174/133
f 174/174/134 190/190/144 189/189/143
f 191/191/115 190/190/145 174/174/134
f 174/174/134 173/173/146 191/191/115
f 192/192/147 191/191/127 173/173/134
f 173/173/146 172/172/117 192/192/147
f 193/193/115 194/194/147 195/195/112
f 195/195/148 196/196/30 193/193/115
f 193/193/127 196/196/31 197/197/30
f 197/197/30 198/198/33 193/193/115
f 198/198/149 197/197/30 199/199/30
f 199/199/30 200/200/110 198/198/150
f 116/116/108 115/115/108 176/176/108
f 176/176/108 175/175/108 116/116/108
f 129/129/128 116/116/108 175/175/151
f 175/175/152 179/179/33 129/129/111
f 129/129/111 179/179/33 182/182/111
f 182/182/111 130/130/111 129/129/111
f 159/159/111 183/183/111 184/184/138
f 184/184/138 139/139/128 159/159/128
f 139/139/111 184/184/138 185/185/111
f 185/185/111 140/140/111 139/139/111
f 186/186/141 166/166/116 140/140/128
f 140/140/128 185/185/111 186/186/153
f 118/118/154 187/187/141 188/188/143
f 188/188/155 119/119/109 118/118/116
f 146/146/115 170/170/109 189/189/143
f 189/189/156 190/190/144 146/146/115
f 143/143/115 146/146/115 190/190/144
f 190/190/144 191/191/115 143/143/115
f 167/167/115 143/143/115 191/191/115
f 191/191/115 192/192/147 167/167/115
f 138/138/115 137/137/115 194/194/147
f 194/194/147 193/193/115 138/138/115
f 138/138/127 193/193/115 198/198/33
f 198/198/33 122/122/157 138/138/115
f 122/122/110 198/198/33 200/200/110
f 200/200/110 123/123/110 122/122/110
f 125/125/21 128/128/21 154/154/124
f 154/154/124 149/149/124 125/125/21
f 201/201/32 202/202/32 203/203/158
f 203/203/158 204/204/159 201/201/32
f 205/205/160 206/206/161 202/202/32
f 202/202/32 201/201/32 205/205/161
f 207/207/162 208/208/162 206/206/160
f 206/206/161 205/205/160 207/207/162
f 209/209/111 210/210/111 208/208/163
f 208/208/162 207/207/162 209/209/111
f 211/211/45 212/212/45 210/210/111
f 210/210/111 209/209/111 211/211/91
f 213/213/164 214/214/165 212/212/45
f 212/212/45 211/211/45 213/213/165
f 215/215/43 216/216/43 214/214/164
f 214/214/165 213/213/164 215/215/43
f 217/217/166 218/218/166 216/216/43
f 216/216/43 215/215/43 217/217/166
f 219/219/41 220/220/41 218/218/166
f 218/218/166 217/217/166 219/219/41
f 221/221/167 222/222/167 220/220/41
f 220/220/41 219/219/41 221/221/167
f 223/223/40 224/224/42 222/222/167
f 222/222/167 221/221/167 223/223/40
f 225/225/168 226/226/169 224/224/40
f 224/224/40 223/223/40 225/225/169
f 227/227/38 228/228/170 226/226/168
f 226/226/169 225/225/168 227/227/38
f 229/229/115 230/230/115 228/228/171
f 228/228/171 227/227/38 229/229/115
f 231/231/36 232/232/36 233/233/115
f 233/233/115 234/234/115 231/231/36
f 235/235/172 236/236/173 232/232/36
f 232/232/36 231/231/36 235/235/173
f 237/237/34 238/238/34 236/236/173
f 236/236/173 235/235/172 237/237/34
f 239/239/174 240/240/175 238/238/34
f 238/238/34 237/237/34 239/239/174
f 241/241/33 242/242/176 240/240/174
f 240/240/174 239/239/174 241/241/33
f 204/204/158 203/203/158 242/242/177
f 242/242/176 241/241/33 204/204/158
f 243/243/32 244/244/158 245/245/21
f 246/246/161 243/243/32 245/245/21
f 247/247/162 246/246/160 245/245/21
f 248/248/111 247/247/162 245/245/21
f 249/249/45 248/248/111 245/245/21
f 250/250/164 249/249/45 245/245/21
f 251/251/43 250/250/165 245/245/21
f 252/252/166 251/251/43 245/245/21
f 253/253/41 252/252/166 245/245/21
f 254/254/167 253/253/41 245/245/21
f 255/255/40 254/254/167 245/245/21
f 256/256/168 255/255/40 245/245/21
f 257/257/38 256/256/168 245/245/21
f 258/258/115 257/257/38 245/245/21
f 259/259/36 258/258/115 245/245/21
f 260/260/172 259/259/36 245/245/21
f 261/261/34 260/260/172 245/245/21
f 262/262/174 261/261/34 245/245/21
f 263/263/33 262/262/174 245/245/21
f 244/244/158 263/263/33 245/245/21
f 264/264/30 265/265/30 266/266/30
f 265/265/31 267/267/31 266/266/31
f 267/267/30 268/268/30 266/266/30
f 268/268/30 269/269/30 266/266/30
f 269/269/30 270/270/30 266/266/30
f 270/270/30 271/271/30 266/266/30
f 271/271/31 272/272/31 266/266/31
f 272/272/30 273/273/30 266/266/30
f 273/273/30 274/274/30 266/266/30
f 274/274/30 275/275/30 266/266/30
f 275/275/30 276/276/30 266/266/30
f 276/276/31 277/277/31 266/266/31
f 277/277/30 278/278/30 266/266/30
f 278/278/30 279/279/30 266/266/30
f 279/279/30 280/280/30 266/266/30
f 280/280/30 281/281/30 266/266/30
f 281/281/31 282/282/31 266/266/31
f 282/282/30 283/283/30 266/266/30
f 283/283/30 284/284/30 266/266/30
f 284/284/30 264/264/30 266/266/30
f 285/285/32 286/286/32 287/287/158
f 287/287/158 288/288/158 285/285/32
f 288/288/158 287/287/158 289/289/33
f 289/289/33 290/290/176 288/288/158
f 290/290/176 289/289/149 291/291/174
f 291/291/174 292/292/174 290/290/176
f 292/292/174 291/291/174 293/293/34
f 293/293/34 294/294/34 292/292/174
f 294/294/34 293/293/34 295/295/172
f 295/295/172 296/296/172 294/294/34
f 296/296/172 295/295/173 297/297/36
f 297/297/36 298/298/36 296/296/173
f 298/298/36 297/297/36 299/299/115
f 299/299/115 300/300/115 298/298/36
f 301/301/115 302/302/115 303/303/38
f 303/303/38 304/304/171 301/301/115
f 304/304/171 303/303/38 305/305/168
f 305/305/168 306/306/168 304/304/171
f 306/306/168 305/305/169 307/307/40
f 307/307/40 308/308/40 306/306/169
f 308/308/40 307/307/40 309/309/167
f 309/309/167 310/310/167 308/308/40
f 310/310/167 309/309/178 311/311/41
f 311/311/41 312/312/41 310/310/167
f 312/312/41 311/311/41 313/313/166
f 313/313/166 314/314/179 312/312/41
f 314/314/166 313/313/166 315/315/43
f 315/315/43 316/316/43 314/314/166
f 316/316/43 315/315/43 317/317/164
f 317/317/165 318/318/164 316/316/43
f 318/318/165 317/317/165 319/319/45
f 319/319/45 320/320/45 318/318/165
f 320/320/45 319/319/45 321/321/111
f 321/321/111 322/322/111 320/320/45
f 322/322/111 321/321/111 323/323/162
f 323/323/162 324/324/162 322/322/111
f 324/324/162 323/323/162 325/325/160
f 325/325/161 326/326/160 324/324/162
f 326/326/161 325/325/161 286/286/32
f 286/286/32 285/285/32 326/326/161
f 327/327/176 328/328/176 329/329/174
f 329/329/174 330/330/174 327/327/176
f 330/330/174 329/329/174 331/331/34
f 331/331/34 332/332/34 330/330/174
f 332/332/34 331/331/34 333/333/172
f 333/333/172 334/334/172 332/332/34
f 334/334/173 333/333/173 335/335/36
f 335/335/36 336/336/36 334/334/172
f 336/336/36 335/335/36 337/337/115
f 337/337/115 338/338/115 336/336/36
f 339/339/115 340/340/115 341/341/171
f 341/341/171 342/342/171 339/339/115
f 343/343/158 344/344/21 345/345/21
f 345/345/21 346/346/32 343/343/158
f 347/347/176 348/348/21 344/344/21
f 344/344/21 343/343/158 347/347/180
f 349/349/168 350/350/21 351/351/21
f 351/351/21 352/352/171 349/349/181
f 353/353/40 354/354/21 350/350/21
f 350/350/21 349/349/168 353/353/40
f 355/355/167 356/356/21 354/354/21
f 354/354/21 353/353/40 355/355/167
f 357/357/41 358/358/21 356/356/21
f 356/356/21 355/355/167 357/357/41
f 359/359/166 360/360/21 358/358/21
f 358/358/21 357/357/41 359/359/166
f 361/361/43 362/362/21 360/360/21
f 360/360/21 359/359/166 361/361/43
f 363/363/164 364/364/21 362/362/21
f 362/362/21 361/361/43 363/363/164
f 365/365/45 366/366/21 364/364/21
f 364/364/21 363/363/164 365/365/45
f 367/367/111 368/368/21 366/366/21
f 366/366/21 365/365/45 367/367/111
f 369/369/162 370/370/21 368/368/21
f 368/368/21 367/367/111 369/369/162
f 371/371/160 372/372/21 370/370/21
f 370/370/21 369/369/162 371/371/161
f 346/346/32 345/345/21 372/372/21
f 372/372/21 371/371/160 346/346/32
f 373/373/32 374/374/30 375/375/30
f 375/375/37 376/376/158 373/373/32
f 377/377/180 378/378/111 348/348/21
f 348/348/182 379/379/180 377/377/183
f 376/376/184 375/375/37 378/378/111
f 378/378/185 380/380/176 376/376/158
f 381/381/171 382/382/21 383/383/166
f 383/383/166 384/384/170 381/381/170
f 385/385/186 386/386/166 387/387/31
f 387/387/31 388/388/169 385/385/170
f 388/388/169 387/387/35 389/389/35
f 389/389/30 390/390/40 388/388/168
f 390/390/40 389/389/30 391/391/30
f 391/391/37 392/392/167 390/390/42
f 392/392/167 391/391/37 393/393/37
f 393/393/30 394/394/41 392/392/167
f 394/394/41 393/393/30 395/395/30
f 395/395/47 396/396/166 394/394/41
f 396/396/179 395/395/47 397/397/47
f 397/397/30 398/398/43 396/396/166
f 398/398/43 397/397/30 399/399/30
f 399/399/31 400/400/164 398/398/43
f 400/400/164 399/399/31 401/401/31
f 401/401/31 402/402/45 400/400/165
f 402/402/45 401/401/31 403/403/31
f 403/403/187 404/404/111 402/402/45
f 404/404/111 403/403/188 405/405/188
f 405/405/35 406/406/162 404/404/111
f 406/406/162 405/405/31 407/407/31
f 407/407/31 408/408/160 406/406/162
f 408/408/160 407/407/35 374/374/35
f 374/374/30 373/373/32 408/408/160
f 409/409/189 348/348/21 378/378/111
f 378/378/111 410/410/189 409/409/189
f 411/411/43 409/409/189 410/410/190
f 410/410/189 412/412/43 411/411/43
f 413/413/165 411/411/43 412/412/43
f 412/412/43 414/414/165 413/413/164
f 415/415/45 413/413/165 414/414/165
f 414/414/165 416/416/45 415/415/45
f 417/417/191 415/415/45 416/416/45
f 416/416/45 418/418/191 417/417/191
f 351/351/192 417/417/191 418/418/191
f 418/418/191 386/386/166 351/351/21
f 345/345/21 344/344/21 419/419/21
f 344/344/21 348/348/21 419/419/21
f 351/351/21 350/350/21 419/419/21
f 350/350/21 354/354/21 419/419/21
f 354/354/21 356/356/21 419/419/21
f 356/356/21 358/358/21 419/419/21
f 358/358/21 360/360/21 419/419/21
f 360/360/21 362/362/21 419/419/21
f 362/362/21 364/364/21 419/419/21
f 364/364/21 366/366/21 419/419/21
f 366/366/21 368/368/21 419/419/21
f 368/368/21 370/370/21 419/419/21
f 370/370/21 372/372/21 419/419/21
f 372/372/21 345/345/21 419/419/21
f 348/348/21 409/409/193 419/419/21
f 409/409/189 411/411/194 419/419/21
f 411/411/43 413/413/195 419/419/21
f 413/413/196 415/415/197 419/419/21
f 415/415/45 417/417/198 419/419/21
f 417/417/191 351/351/21 419/419/21
f 375/375/30 374/374/30 420/420/30
f 378/378/185 375/375/30 420/420/30
f 387/387/30 386/386/199 420/420/30
f 389/389/30 387/387/30 420/420/30
f 391/391/30 389/389/30 420/420/30
f 393/393/30 391/391/30 420/420/30
f 395/395/30 393/393/30 420/420/30
f 397/397/30 395/395/30 420/420/30
f 399/399/30 397/397/30 420/420/30
f 401/401/30 399/399/30 420/420/30
f 403/403/30 401/401/30 420/420/30
f 405/405/30 403/403/30 420/420/30
f 407/407/30 405/405/30 420/420/30
f 374/374/30 407/407/30 420/420/30
f 410/410/189 378/378/111 420/420/30
f 412/412/43 410/410/193 420/420/30
f 414/414/164 412/412/194 420/420/30
f 416/416/200 414/414/201 420/420/30
f 418/418/191 416/416/197 420/420/30
f 386/386/166 418/418/198 420/420/30
f 421/421/202 422/422/203 423/423/204
f 423/423/205 424/424/206 421/421/202
f 424/424/207 423/423/205 425/425/208
f 425/425/208 426/426/209 424/424/207
f 426/426/210 425/425/208 427/427/211
f 427/427/212 428/428/213 426/426/209
f 428/428/214 427/427/212 429/429/215
f 429/429/215 430/430/216 428/428/213
f 430/430/217 429/429/215 431/431/218
f 431/431/218 432/432/219 430/430/217
f 432/432/219 431/431/220 433/433/221
f 433/433/222 434/434/223 432/432/219
f 434/434/224 433/433/221 435/435/225
f 435/435/225 436/436/226 434/434/224
f 437/437/226 438/438/227 439/439/228
f 439/439/228 440/440/229 437/437/226
f 440/440/229 439/439/228 441/441/230
f 441/441/230 442/442/231 440/440/229
f 442/442/231 441/441/230 443/443/232
f 443/443/232 444/444/233 442/442/231
f 444/444/234 443/443/232 445/445/235
f 445/445/235 446/446/236 444/444/234
f 446/446/236 445/445/235 447/447/237
f 447/447/237 448/448/238 446/446/236
f 448/448/238 447/447/237 449/449/239
f 449/449/240 450/450/241 448/448/238
f 450/450/241 449/449/240 451/451/242
f 451/451/242 452/452/243 450/450/241
f 452/452/243 451/451/244 453/453/245
f 453/453/245 454/454/246 452/452/243
f 454/454/246 453/453/245 455/455/247
f 455/455/247 456/456/248 454/454/246
f 456/456/248 455/455/247 457/457/249
f 457/457/249 458/458/250 456/456/251
f 458/458/250 457/457/249 459/459/252
f 459/459/252 460/460/253 458/458/250
f 460/460/253 459/459/252 461/461/254
f 461/461/255 462/462/256 460/460/257
f 421/421/202 462/462/256 461/461/254
f 461/461/254 422/422/203 421/421/202
f 463/463/258 464/464/258 465/465/259
f 465/465/259 466/466/259 463/463/258
f 466/466/259 465/465/259 467/467/260
f 467/467/260 468/468/260 466/466/259
f 468/468/260 467/467/260 469/469/261
f 469/469/262 470/470/262 468/468/260
f 470/470/261 469/469/261 471/471/263
f 471/471/263 472/472/263 470/470/264
f 472/472/263 471/471/265 473/473/266
f 473/473/267 474/474/267 472/472/263
f 474/474/266 473/473/266 475/475/268
f 475/475/268 476/476/268 474/474/266
f 476/476/268 475/475/268 477/477/269
f 477/477/269 478/478/269 476/476/268
f 479/479/269 480/480/269 481/481/270
f 481/481/270 482/482/270 479/479/269
f 482/482/271 481/481/271 483/483/272
f 483/483/272 484/484/272 482/482/270
f 484/484/273 483/483/273 485/485/274
f 485/485/274 486/486/274 484/484/275
f 486/486/276 485/485/274 487/487/277
f 487/487/278 488/488/278 486/486/274
f 488/488/277 487/487/277 489/489/279
f 489/489/279 490/490/279 488/488/278
f 490/490/279 489/489/279 491/491/280
f 491/491/280 492/492/280 490/490/279
f 492/492/280 491/491/280 493/493/281
f 493/493/281 494/494/281 492/492/280
f 494/494/281 493/493/281 495/495/282
f 495/495/282 496/496/282 494/494/281
f 496/496/283 495/495/282 497/497/284
f 497/497/284 498/498/284 496/496/283
f 498/498/284 497/497/284 499/499/285
f 499/499/285 500/500/285 498/498/284
f 500/500/285 499/499/285 501/501/286
f 501/501/286 502/502/286 500/500/285
f 502/502/286 501/501/286 503/503/287
f 503/503/287 504/504/287 502/502/286
f 504/504/288 503/503/288 464/464/258
f 464/464/258 463/463/258 504/504/288
f 505/505/289 463/463/290 466/466/259
f 466/466/291 506/506/204 505/505/292
f 507/507/293 508/508/294 509/509/295
f 509/509/296 510/510/297 507/507/293
f 506/506/298 466/466/259 468/468/260
f 468/468/299 511/511/208 506/506/205
f 512/512/300 513/513/301 508/508/291
f 508/508/302 507/507/303 512/512/300
f 511/511/304 468/468/305 470/470/261
f 470/470/306 514/514/212 511/511/208
f 515/515/307 516/516/262 513/513/299
f 513/513/308 512/512/300 515/515/307
f 514/514/309 470/470/264 472/472/265
f 472/472/310 517/517/215 514/514/212
f 518/518/311 519/519/310 516/516/264
f 516/516/261 515/515/307 518/518/311
f 517/517/312 472/472/263 474/474/266
f 474/474/266 520/520/218 517/517/215
f 521/521/313 522/522/267 519/519/314
f 519/519/315 518/518/311 521/521/313
f 520/520/316 474/474/266 476/476/268
f 476/476/317 523/523/221 520/520/218
f 524/524/318 525/525/319 522/522/266
f 522/522/267 521/521/313 524/524/318
f 523/523/320 476/476/268 478/478/269
f 478/478/321 526/526/225 523/523/222
f 527/527/322 528/528/269 525/525/323
f 525/525/324 524/524/318 527/527/322
f 529/529/325 479/479/269 482/482/326
f 482/482/327 530/530/228 529/529/227
f 531/531/328 532/532/329 528/528/330
f 528/528/321 527/527/322 531/531/328
f 530/530/331 482/482/271 484/484/275
f 484/484/332 533/533/230 530/530/228
f 534/534/333 535/535/272 532/532/334
f 532/532/335 531/531/328 534/534/336
f 533/533/337 484/484/275 486/486/338
f 486/486/276 536/536/232 533/533/339
f 537/537/340 538/538/276 535/535/341
f 535/535/342 534/534/333 537/537/340
f 536/536/343 486/486/344 488/488/278
f 488/488/345 539/539/346 536/536/232
f 540/540/347 541/541/277 538/538/274
f 538/538/344 537/537/340 540/540/347
f 539/539/348 488/488/278 490/490/279
f 490/490/349 542/542/237 539/539/235
f 543/543/350 544/544/351 541/541/352
f 541/541/277 540/540/347 543/543/353
f 542/542/354 490/490/279 492/492/280
f 492/492/355 545/545/240 542/542/237
f 546/546/356 547/547/357 544/544/358
f 544/544/351 543/543/353 546/546/356
f 545/545/359 492/492/280 494/494/281
f 494/494/360 548/548/244 545/545/239
f 549/549/361 550/550/362 547/547/355
f 547/547/363 546/546/364 549/549/361
f 548/548/365 494/494/360 496/496/283
f 496/496/282 551/551/245 548/548/366
f 552/552/367 553/553/282 550/550/360
f 550/550/368 549/549/361 552/552/367
f 551/551/369 496/496/283 498/498/284
f 498/498/370 554/554/371 551/551/245
f 555/555/372 556/556/373 553/553/282
f 553/553/374 552/552/367 555/555/375
f 554/554/376 498/498/284 500/500/285
f 500/500/377 557/557/249 554/554/378
f 558/558/379 559/559/285 556/556/380
f 556/556/380 555/555/372 558/558/379
f 557/557/381 500/500/285 502/502/286
f 502/502/382 560/560/383 557/557/249
f 561/561/384 562/562/385 559/559/386
f 559/559/377 558/558/379 561/561/387
f 560/560/388 502/502/389 504/504/390
f 504/504/390 563/563/254 560/560/252
f 564/564/391 565/565/287 562/562/389
f 562/562/392 561/561/387 564/564/391
f 563/563/393 504/504/390 463/463/290
f 463/463/394 505/505/395 563/563/255
f 510/510/297 509/509/258 565/565/288
f 565/565/396 564/564/391 510/510/397
f 287/287/158 566/566/398 567/567/399
f 567/567/399 289/289/33 287/287/158
f 289/289/33 567/567/399 568/568/400
f 568/568/400 291/291/174 289/289/33
f 291/291/401 568/568/400 569/569/402
f 569/569/402 293/293/403 291/291/174
f 293/293/34 569/569/402 570/570/404
f 570/570/404 295/295/172 293/293/34
f 295/295/172 570/570/404 571/571/405
f 571/571/405 297/297/81 295/295/172
f 297/297/36 571/571/405 572/572/406
f 572/572/406 299/299/115 297/297/36
f 302/302/115 573/573/406 574/574/407
f 574/574/407 303/303/38 302/302/115
f 303/303/408 574/574/407 575/575/409
f 575/575/409 305/305/410 303/303/38
f 305/305/168 575/575/409 576/576/411
f 576/576/411 307/307/40 305/305/168
f 307/307/40 576/576/411 577/577/412
f 577/577/412 309/309/413 307/307/40
f 309/309/167 577/577/414 578/578/415
f 578/578/415 311/311/41 309/309/167
f 311/311/41 578/578/415 579/579/416
f 579/579/416 313/313/166 311/311/41
f 313/313/417 579/579/416 580/580/418
f 580/580/418 315/315/419 313/313/166
f 315/315/43 580/580/418 581/581/420
f 581/581/420 317/317/164 315/315/43
f 317/317/164 581/581/420 582/582/421
f 582/582/421 319/319/422 317/317/165
f 319/319/45 582/582/421 583/583/423
f 583/583/423 321/321/111 319/319/45
f 321/321/111 583/583/423 584/584/424
f 584/584/424 323/323/162 321/321/111
f 323/323/425 584/584/424 585/585/426
f 585/585/426 325/325/427 323/323/162
f 325/325/160 585/585/426 586/586/428
f 586/586/428 286/286/32 325/325/160
f 286/286/32 586/586/428 566/566/398
f 566/566/398 287/287/184 286/286/32
f 587/587/429 424/424/207 426/426/430
f 426/426/430 588/588/431 587/587/398
f 588/588/432 426/426/433 428/428/213
f 428/428/213 589/589/434 588/588/399
f 589/589/435 428/428/214 430/430/217
f 430/430/217 590/590/402 589/589/400
f 590/590/436 430/430/217 432/432/219
f 432/432/219 591/591/404 590/590/402
f 591/591/437 432/432/219 434/434/438
f 434/434/223 592/592/439 591/591/437
f 592/592/440 434/434/441 436/436/226
f 436/436/226 593/593/442 592/592/439
f 594/594/442 437/437/226 440/440/443
f 440/440/444 595/595/445 594/594/406
f 595/595/446 440/440/443 442/442/231
f 442/442/231 596/596/447 595/595/446
f 596/596/409 442/442/231 444/444/234
f 444/444/233 597/597/448 596/596/409
f 597/597/411 444/444/234 446/446/449
f 446/446/449 598/598/414 597/597/411
f 598/598/414 446/446/236 448/448/450
f 448/448/450 599/599/451 598/598/414
f 599/599/452 448/448/453 450/450/241
f 450/450/241 600/600/454 599/599/415
f 600/600/455 450/450/456 452/452/243
f 452/452/243 601/601/457 600/600/416
f 601/601/418 452/452/243 454/454/246
f 454/454/246 602/602/458 601/601/418
f 602/602/459 454/454/246 456/456/460
f 456/456/460 603/603/461 602/602/462
f 603/603/461 456/456/463 458/458/250
f 458/458/250 604/604/423 603/603/421
f 604/604/464 458/458/250 460/460/465
f 460/460/465 605/605/424 604/604/423
f 605/605/424 460/460/466 462/462/256
f 462/462/256 606/606/467 605/605/424
f 606/606/468 462/462/256 421/421/202
f 421/421/469 607/607/428 606/606/468
f 607/607/470 421/421/202 424/424/206
f 424/424/206 587/587/429 607/607/428
f 510/510/297 265/265/30 264/264/30
f 264/264/30 507/507/471 510/510/397
f 564/564/391 267/267/30 265/265/30
f 265/265/30 510/510/297 564/564/391
f 561/561/384 268/268/30 267/267/30
f 267/267/30 564/564/391 561/561/472
f 558/558/473 269/269/30 268/268/30
f 268/268/31 561/561/384 558/558/474
f 555/555/375 270/270/30 269/269/30
f 269/269/30 558/558/379 555/555/475
f 552/552/367 271/271/30 270/270/31
f 270/270/30 555/555/372 552/552/367
f 549/549/476 272/272/30 271/271/35
f 271/271/30 552/552/367 549/549/361
f 546/546/364 273/273/30 272/272/31
f 272/272/30 549/549/477 546/546/364
f 543/543/350 274/274/30 273/273/31
f 273/273/30 546/546/356 543/543/353
f 540/540/478 275/275/30 274/274/31
f 274/274/30 543/543/350 540/540/347
f 537/537/340 276/276/30 275/275/30
f 275/275/30 540/540/347 537/537/479
f 534/534/480 277/277/30 276/276/31
f 276/276/30 537/537/340 534/534/480
f 531/531/328 278/278/30 277/277/31
f 277/277/30 534/534/480 531/531/328
f 527/527/322 279/279/30 278/278/30
f 278/278/30 531/531/328 527/527/481
f 524/524/318 280/280/30 279/279/30
f 279/279/30 527/527/322 524/524/482
f 521/521/483 281/281/30 280/280/30
f 280/280/30 524/524/318 521/521/483
f 518/518/311 282/282/30 281/281/30
f 281/281/30 521/521/483 518/518/311
f 515/515/307 283/283/30 282/282/30
f 282/282/30 518/518/484 515/515/485
f 512/512/300 284/284/30 283/283/30
f 283/283/30 515/515/307 512/512/486
f 507/507/303 264/264/30 284/284/30
f 284/284/30 512/512/300 507/507/303
f 608/608/487 609/609/487 610/610/488
f 610/610/488 611/611/488 608/608/487
f 611/611/488 610/610/488 612/612/489
f 612/612/489 613/613/489 611/611/488
f 613/613/489 612/612/490 614/614/491
f 614/614/491 615/615/491 613/613/489
f 615/615/492 614/614/492 616/616/493
f 616/616/493 617/617/493 615/615/492
f 617/617/494 616/616/494 618/618/495
f 618/618/495 619/619/495 617/617/494
f 619/619/496 618/618/496 620/620/497
f 620/620/497 621/621/497 619/619/496
f 622/622/498 623/623/499 624/624/499
f 624/624/499 625/625/500 622/622/501
f 626/626/497 627/627/502 628/628/502
f 628/628/502 629/629/497 626/626/503
f 630/630/504 624/624/499 623/623/499
f 623/623/499 631/631/504 630/630/504
f 632/632/505 630/630/504 631/631/504
f 631/631/504 633/633/505 632/632/505
f 634/634/506 632/632/505 633/633/505
f 633/633/505 635/635/506 634/634/506
f 636/636/507 634/634/508 635/635/508
f 635/635/508 637/637/507 636/636/507
f 638/638/509 636/636/510 637/637/510
f 637/637/510 639/639/509 638/638/509
f 627/627/511 638/638/509 639/639/509
f 639/639/509 628/628/511 627/627/502
f 640/640/30 641/641/30 642/642/30
f 642/642/30 643/643/30 640/640/30
f 644/644/512 645/645/512 646/646/512
f 646/646/512 647/647/512 644/644/512
f 645/645/513 648/648/115 649/649/115
f 649/649/115 646/646/514 645/645/514
f 650/650/515 651/651/514 652/652/516
f 652/652/516 653/653/115 650/650/512
f 654/654/512 655/655/115 656/656/517
f 656/656/517 657/657/514 654/654/515
f 658/658/518 659/659/518 660/660/518
f 660/660/518 661/661/518 658/658/518
f 662/662/519 663/663/519 664/664/519
f 664/664/519 665/665/519 662/662/519
f 666/666/520 667/667/520 668/668/520
f 668/668/520 669/669/520 666/666/520
f 648/648/127 670/670/521 671/671/521
f 671/671/521 649/649/127 648/648/127
f 672/672/33 673/673/33 674/674/21
f 674/674/120 675/675/115 672/672/33
f 643/643/187 676/676/522 677/677/523
f 677/677/523 640/640/187 643/643/187
f 678/678/524 679/679/21 680/680/41
f 680/680/41 681/681/41 678/678/127
f 682/682/33 683/683/33 684/684/33
f 684/684/33 685/685/33 682/682/33
f 670/670/21 662/662/525 665/665/525
f 665/665/526 671/671/21 670/670/21
f 686/686/41 687/687/41 688/688/41
f 688/688/41 689/689/41 686/686/41
f 676/676/522 690/690/527 691/691/528
f 691/691/528 677/677/523 676/676/522
f 675/675/115 658/658/518 661/661/529
f 661/661/530 672/672/33 675/675/115
f 652/652/516 692/692/518 693/693/531
f 693/693/531 653/653/532 652/652/516
f 641/641/30 640/640/30 694/694/30
f 694/694/30 695/695/30 641/641/30
f 696/696/517 697/697/132 698/698/533
f 698/698/533 699/699/520 696/696/517
f 681/681/41 667/667/534 666/666/520
f 666/666/535 678/678/115 681/681/536
f 642/642/30 700/700/30 701/701/30
f 701/701/30 643/643/30 642/642/30
f 702/702/33 682/682/33 685/685/33
f 685/685/149 703/703/21 702/702/33
f 704/704/528 705/705/537 706/706/537
f 706/706/538 707/707/523 704/704/528
f 708/708/519 684/684/539 683/683/33
f 683/683/33 709/709/519 708/708/525
f 703/703/120 685/685/33 684/684/33
f 684/684/33 708/708/519 703/703/21
f 710/710/41 711/711/21 687/687/540
f 687/687/41 686/686/41 710/710/41
f 712/712/519 688/688/41 687/687/541
f 687/687/41 711/711/21 712/712/542
f 712/712/525 713/713/519 689/689/41
f 689/689/41 688/688/90 712/712/519
f 714/714/543 715/715/522 716/716/544
f 716/716/545 717/717/545 714/714/543
f 718/718/518 719/719/518 720/720/31
f 720/720/30 721/721/31 718/718/518
f 722/722/127 718/718/518 721/721/30
f 721/721/30 723/723/30 722/722/127
f 722/722/115 723/723/31 724/724/546
f 724/724/523 725/725/33 722/722/115
f 726/726/33 707/707/546 706/706/547
f 706/706/547 727/727/548 726/726/33
f 727/727/548 706/706/547 705/705/549
f 705/705/549 728/728/33 727/727/548
f 729/729/550 728/728/33 705/705/551
f 705/705/551 704/704/528 729/729/552
f 730/730/553 691/691/528 690/690/543
f 690/690/543 731/731/554 730/730/553
f 732/732/555 714/714/543 717/717/556
f 717/717/556 733/733/557 732/732/558
f 734/734/41 733/733/559 717/717/560
f 717/717/560 716/716/561 734/734/41
f 735/735/562 734/734/540 716/716/561
f 716/716/561 715/715/563 735/735/564
f 736/736/41 737/737/562 738/738/522
f 738/738/563 739/739/31 736/736/41
f 736/736/540 739/739/30 740/740/30
f 740/740/30 741/741/127 736/736/41
f 741/741/115 740/740/31 742/742/30
f 742/742/31 743/743/520 741/741/127
f 661/661/518 660/660/518 719/719/518
f 719/719/518 718/718/518 661/661/518
f 672/672/33 661/661/518 718/718/529
f 718/718/518 722/722/115 672/672/150
f 672/672/33 722/722/524 725/725/33
f 725/725/33 673/673/33 672/672/33
f 702/702/33 726/726/33 727/727/548
f 727/727/548 682/682/33 702/702/33
f 682/682/33 727/727/548 728/728/33
f 728/728/33 683/683/33 682/682/33
f 729/729/553 709/709/565 683/683/33
f 683/683/149 728/728/33 729/729/553
f 663/663/566 730/730/553 731/731/555
f 731/731/567 664/664/519 663/663/519
f 689/689/41 713/713/565 732/732/555
f 732/732/555 733/733/568 689/689/540
f 686/686/41 689/689/41 733/733/568
f 733/733/568 734/734/41 686/686/41
f 710/710/41 686/686/41 734/734/41
f 734/734/41 735/735/562 710/710/41
f 681/681/41 680/680/41 737/737/562
f 737/737/564 736/736/41 681/681/41
f 681/681/536 736/736/41 741/741/115
f 741/741/115 667/667/535 681/681/41
f 667/667/520 741/741/115 743/743/520
f 743/743/520 668/668/520 667/667/520
f 744/744/569 745/745/570 746/746/571
f 746/746/572 747/747/573 744/744/569
f 748/748/574 749/749/575 746/746/576
f 746/746/571 745/745/577 748/748/574
f 750/750/578 751/751/579 749/749/580
f 749/749/581 748/748/574 750/750/578
f 752/752/582 753/753/583 751/751/579
f 751/751/584 750/750/578 752/752/585
f 754/754/586 755/755/587 753/753/583
f 753/753/583 752/752/582 754/754/586
f 754/754/586 756/756/588 757/757/589
f 757/757/589 755/755/590 754/754/591
f 756/756/588 758/758/592 759/759/593
f 759/759/594 757/757/589 756/756/588
f 758/758/595 744/744/596 747/747/573
f 747/747/573 760/760/594 758/758/597
f 761/761/598 762/762/599 747/747/573
f 747/747/573 746/746/571 761/761/598
f 749/749/580 763/763/600 761/761/601
f 761/761/598 746/746/571 749/749/580
f 751/751/579 764/764/602 763/763/600
f 763/763/600 749/749/580 751/751/579
f 753/753/603 765/765/604 764/764/602
f 764/764/602 751/751/579 753/753/583
f 755/755/587 766/766/605 765/765/606
f 765/765/604 753/753/607 755/755/587
f 767/767/608 766/766/605 755/755/609
f 755/755/587 757/757/589 767/767/610
f 768/768/611 767/767/610 757/757/612
f 757/757/612 759/759/593 768/768/613
f 762/762/599 769/769/613 760/760/594
f 760/760/614 747/747/615 762/762/599
f 770/770/616 771/771/617 762/762/599
f 762/762/599 761/761/598 770/770/616
f 763/763/618 772/772/619 770/770/620
f 770/770/620 761/761/601 763/763/600
f 764/764/621 773/773/622 772/772/619
f 772/772/619 763/763/600 764/764/602
f 765/765/623 774/774/624 773/773/625
f 773/773/626 764/764/627 765/765/604
f 766/766/605 775/775/628 774/774/624
f 774/774/624 765/765/604 766/766/605
f 776/776/629 775/775/628 766/766/605
f 766/766/630 767/767/610 776/776/629
f 777/777/631 776/776/629 767/767/610
f 767/767/632 768/768/613 777/777/633
f 771/771/617 778/778/631 769/769/634
f 769/769/635 762/762/599 771/771/617
f 779/779/636 780/780/637 771/771/617
f 771/771/617 770/770/616 779/779/636
f 772/772/619 781/781/638 779/779/639
f 779/779/639 770/770/640 772/772/619
f 773/773/641 782/782/642 781/781/643
f 781/781/638 772/772/619 773/773/622
f 774/774/624 783/783/644 782/782/642
f 782/782/642 773/773/625 774/774/645
f 775/775/628 784/784/646 783/783/647
f 783/783/647 774/774/624 775/775/628
f 785/785/648 784/784/649 775/775/628
f 775/775/650 776/776/651 785/785/648
f 786/786/652 785/785/648 776/776/653
f 776/776/654 777/777/655 786/786/656
f 780/780/657 787/787/656 778/778/658
f 778/778/655 771/771/617 780/780/657
f 788/788/659 789/789/660 780/780/657
f 780/780/657 779/779/636 788/788/659
f 781/781/643 790/790/661 788/788/659
f 788/788/662 779/779/636 781/781/638
f 782/782/663 791/791/664 790/790/661
f 790/790/661 781/781/665 782/782/642
f 783/783/647 792/792/666 791/791/667
f 791/791/664 782/782/668 783/783/669
f 784/784/649 793/793/670 792/792/666
f 792/792/666 783/783/644 784/784/646
f 794/794/671 793/793/670 784/784/672
f 784/784/672 785/785/648 794/794/671
f 795/795/673 794/794/671 785/785/648
f 785/785/674 786/786/656 795/795/675
f 789/789/676 796/796/677 787/787/678
f 787/787/656 780/780/637 789/789/679
f 797/797/680 798/798/681 789/789/682
f 789/789/660 788/788/659 797/797/680
f 790/790/661 799/799/683 797/797/680
f 797/797/684 788/788/659 790/790/661
f 791/791/667 800/800/602 799/799/685
f 799/799/685 790/790/661 791/791/664
f 792/792/666 801/801/623 800/800/602
f 800/800/621 791/791/667 792/792/686
f 793/793/687 802/802/688 801/801/689
f 801/801/623 792/792/666 793/793/670
f 803/803/690 802/802/688 793/793/691
f 793/793/670 794/794/692 803/803/690
f 804/804/693 803/803/690 794/794/671
f 794/794/671 795/795/675 804/804/611
f 798/798/694 805/805/611 796/796/673
f 796/796/673 789/789/660 798/798/681
f 806/806/695 807/807/696 798/798/697
f 798/798/694 797/797/680 806/806/695
f 799/799/685 808/808/698 806/806/695
f 806/806/695 797/797/680 799/799/683
f 800/800/621 809/809/641 808/808/698
f 808/808/698 799/799/685 800/800/602
f 801/801/689 810/810/624 809/809/699
f 809/809/641 800/800/627 801/801/700
f 802/802/701 811/811/702 810/810/624
f 810/810/624 801/801/689 802/802/703
f 812/812/704 811/811/702 802/802/688
f 802/802/688 803/803/705 812/812/704
f 813/813/655 812/812/704 803/803/705
f 803/803/690 804/804/611 813/813/633
f 807/807/706 814/814/633 805/805/693
f 805/805/611 798/798/707 807/807/706
f 815/815/708 816/816/709 807/807/696
f 807/807/710 806/806/695 815/815/708
f 808/808/698 817/817/711 815/815/708
f 815/815/712 806/806/695 808/808/698
f 809/809/699 818/818/663 817/817/711
f 817/817/711 808/808/713 809/809/641
f 810/810/624 819/819/644 818/818/663
f 818/818/663 809/809/714 810/810/624
f 811/811/702 820/820/646 819/819/647
f 819/819/715 810/810/645 811/811/716
f 821/821/648 820/820/649 811/811/702
f 811/811/716 812/812/717 821/821/648
f 822/822/656 821/821/648 812/812/704
f 812/812/718 813/813/655 822/822/652
f 816/816/709 823/823/652 814/814/655
f 814/814/633 807/807/696 816/816/709
f 816/816/709 815/815/708 824/824/719
f 824/824/719 825/825/720 816/816/721
f 817/817/722 826/826/723 824/824/719
f 824/824/719 815/815/708 817/817/711
f 818/818/663 827/827/724 826/826/725
f 826/826/725 817/817/726 818/818/663
f 819/819/727 828/828/728 827/827/724
f 827/827/724 818/818/663 819/819/644
f 820/820/672 829/829/729 828/828/730
f 828/828/731 819/819/644 820/820/646
f 820/820/672 821/821/648 830/830/732
f 830/830/732 829/829/733 820/820/734
f 821/821/648 822/822/652 831/831/735
f 831/831/736 830/830/737 821/821/738
f 823/823/739 816/816/740 825/825/741
f 825/825/720 831/831/742 823/823/652
f 832/832/743 833/833/744 834/834/745
f 834/834/746 835/835/747 832/832/743
f 836/836/748 837/837/749 833/833/744
f 833/833/744 832/832/743 836/836/748
f 838/838/750 839/839/751 837/837/749
f 837/837/749 836/836/748 838/838/750
f 840/840/752 841/841/753 839/839/754
f 839/839/754 838/838/750 840/840/752
f 842/842/755 843/843/756 841/841/753
f 841/841/753 840/840/752 842/842/755
f 844/844/757 845/845/758 843/843/759
f 843/843/759 842/842/755 844/844/757
f 846/846/760 847/847/761 845/845/758
f 845/845/758 844/844/757 846/846/762
f 835/835/747 834/834/746 847/847/763
f 847/847/761 846/846/762 835/835/764
f 833/833/744 848/848/765 849/849/765
f 849/849/765 834/834/746 833/833/744
f 837/837/766 850/850/767 848/848/768
f 848/848/765 833/833/744 837/837/749
f 839/839/754 851/851/769 850/850/767
f 850/850/770 837/837/749 839/839/754
f 841/841/753 852/852/771 851/851/772
f 851/851/772 839/839/754 841/841/753
f 843/843/756 853/853/773 852/852/774
f 852/852/774 841/841/753 843/843/756
f 845/845/758 854/854/775 853/853/773
f 853/853/773 843/843/756 845/845/758
f 847/847/776 855/855/777 854/854/775
f 854/854/775 845/845/758 847/847/763
f 834/834/746 849/849/768 855/855/777
f 855/855/778 847/847/763 834/834/746
f 848/848/768 856/856/779 857/857/779
f 857/857/779 849/849/780 848/848/768
f 850/850/770 858/858/781 856/856/779
f 856/856/782 848/848/765 850/850/770
f 851/851/769 859/859/783 858/858/781
f 858/858/784 850/850/767 851/851/769
f 852/852/771 860/860/785 859/859/783
f 859/859/783 851/851/772 852/852/771
f 853/853/773 861/861/786 860/860/785
f 860/860/787 852/852/771 853/853/773
f 854/854/775 862/862/788 861/861/789
f 861/861/790 853/853/773 854/854/775
f 855/855/791 863/863/792 862/862/793
f 862/862/794 854/854/775 855/855/791
f 849/849/765 857/857/779 863/863/795
f 863/863/795 855/855/796 849/849/797
f 832/832/743 835/835/747 864/864/21
f 836/836/748 832/832/743 864/864/21
f 838/838/798 836/836/748 864/864/21
f 840/840/752 838/838/798 864/864/21
f 842/842/755 840/840/752 864/864/21
f 844/844/757 842/842/755 864/864/21
f 846/846/762 844/844/757 864/864/21
f 835/835/747 846/846/762 864/864/21
f 865/865/779 866/866/779 867/867/30
f 866/866/779 868/868/781 867/867/30
f 868/868/781 869/869/783 867/867/30
f 869/869/799 870/870/785 867/867/30
f 870/870/800 871/871/789 867/867/30
f 871/871/786 872/872/793 867/867/30
f 872/872/788 873/873/801 867/867/30
f 873/873/792 865/865/779 867/867/30
f 874/874/802 875/875/803 876/876/804
f 876/876/804 877/877/804 874/874/802
f 878/878/805 879/879/805 875/875/806
f 875/875/803 874/874/806 878/878/807
f 880/880/808 881/881/809 882/882/810
f 882/882/810 883/883/811 880/880/808
f 884/884/812 885/885/812 886/886/813
f 886/886/813 887/887/814 884/884/815
f 875/875/803 888/888/816 889/889/817
f 889/889/817 876/876/804 875/875/803
f 879/879/805 890/890/818 888/888/819
f 888/888/820 875/875/806 879/879/821
f 883/883/822 882/882/810 891/891/823
f 891/891/824 892/892/825 883/883/811
f 885/885/812 893/893/826 894/894/827
f 894/894/827 886/886/828 885/885/829
f 888/888/830 895/895/831 896/896/832
f 896/896/832 889/889/817 888/888/830
f 890/890/818 897/897/833 895/895/831
f 895/895/831 888/888/819 890/890/818
f 892/892/834 891/891/824 898/898/835
f 898/898/835 899/899/836 892/892/825
f 893/893/837 900/900/838 901/901/839
f 901/901/840 894/894/827 893/893/826
f 902/902/831 903/903/841 904/904/842
f 904/904/842 905/905/832 902/902/831
f 906/906/833 907/907/843 903/903/841
f 903/903/841 902/902/831 906/906/844
f 908/908/835 909/909/845 910/910/846
f 910/910/846 911/911/847 908/908/835
f 912/912/838 913/913/848 914/914/849
f 914/914/850 915/915/839 912/912/851
f 903/903/852 916/916/853 917/917/854
f 917/917/854 904/904/842 903/903/855
f 903/903/841 907/907/856 918/918/857
f 918/918/858 916/916/859 903/903/841
f 909/909/845 919/919/860 920/920/861
f 920/920/861 910/910/846 909/909/845
f 914/914/849 913/913/848 921/921/862
f 921/921/863 922/922/864 914/914/865
f 916/916/859 923/923/866 924/924/867
f 924/924/867 917/917/868 916/916/859
f 916/916/859 918/918/869 925/925/870
f 925/925/871 923/923/866 916/916/859
f 926/926/872 920/920/861 919/919/860
f 919/919/873 927/927/874 926/926/872
f 922/922/875 921/921/863 928/928/876
f 928/928/877 929/929/878 922/922/864
f 923/923/866 930/930/879 931/931/880
f 931/931/880 924/924/867 923/923/881
f 925/925/871 932/932/882 930/930/883
f 930/930/883 923/923/866 925/925/884
f 927/927/885 933/933/886 934/934/887
f 934/934/887 926/926/872 927/927/874
f 928/928/877 935/935/888 936/936/889
f 936/936/890 929/929/891 928/928/892
f 930/930/879 874/874/806 877/877/893
f 877/877/893 931/931/880 930/930/883
f 932/932/882 878/878/894 874/874/806
f 874/874/806 930/930/879 932/932/882
f 934/934/887 933/933/886 881/881/809
f 881/881/895 880/880/896 934/934/887
f 935/935/897 884/884/815 887/887/898
f 887/887/898 936/936/890 935/935/888
f 910/910/899 920/920/900 918/918/869
f 918/918/858 907/907/843 910/910/846
f 911/911/901 910/910/846 907/907/843
f 907/907/843 906/906/833 911/911/836
f 890/890/818 892/892/825 899/899/836
f 899/899/836 897/897/833 890/890/818
f 879/879/821 883/883/811 892/892/825
f 892/892/825 890/890/818 879/879/805
f 878/878/807 880/880/896 883/883/822
f 883/883/902 879/879/805 878/878/807
f 932/932/903 934/934/887 880/880/808
f 880/880/904 878/878/807 932/932/882
f 926/926/872 934/934/887 932/932/882
f 932/932/882 925/925/884 926/926/905
f 920/920/861 926/926/872 925/925/906
f 925/925/884 918/918/858 920/920/861
f 909/909/845 914/914/907 922/922/864
f 922/922/864 919/919/860 909/909/845
f 915/915/839 914/914/907 909/909/908
f 909/909/845 908/908/909 915/915/839
f 894/894/827 901/901/839 898/898/910
f 898/898/910 891/891/911 894/894/827
f 886/886/813 894/894/827 891/891/824
f 891/891/824 882/882/810 886/886/813
f 887/887/912 886/886/813 882/882/810
f 882/882/810 881/881/809 887/887/912
f 936/936/913 887/887/814 881/881/809
f 881/881/914 933/933/915 936/936/890
f 927/927/874 929/929/878 936/936/889
f 936/936/889 933/933/915 927/927/916
f 919/919/873 922/922/864 929/929/878
f 929/929/891 927/927/874 919/919/860
f 877/877/804 937/937/804 938/938/917
f 937/937/804 939/939/817 938/938/918
f 939/939/817 940/940/832 938/938/919
f 940/940/832 941/941/842 938/938/919
f 941/941/842 942/942/854 938/938/920
f 942/942/854 924/924/867 938/938/921
f 924/924/867 931/931/880 938/938/919
f 931/931/880 877/877/804 938/938/922
f 943/943/923 944/944/924 945/945/804
f 945/945/925 946/946/925 943/943/923
f 947/947/926 948/948/926 944/944/927
f 944/944/927 943/943/923 947/947/928
f 949/949/929 950/950/929 951/951/930
f 951/951/931 952/952/931 949/949/932
f 953/953/933 954/954/934 955/955/935
f 955/955/936 956/956/936 953/953/937
f 957/957/938 958/958/939 959/959/940
f 959/959/940 960/960/941 957/957/942
f 961/961/943 962/962/944 959/959/945
f 959/959/946 958/958/939 961/961/947
f 944/944/927 963/963/948 964/964/949
f 964/964/817 945/945/925 944/944/924
f 948/948/950 965/965/951 963/963/948
f 963/963/952 944/944/927 948/948/953
f 950/950/954 966/966/955 967/967/956
f 967/967/957 951/951/930 950/950/954
f 954/954/934 968/968/958 969/969/959
f 969/969/960 955/955/935 954/954/934
f 960/960/941 959/959/961 970/970/962
f 970/970/962 971/971/963 960/960/941
f 962/962/964 972/972/965 970/970/962
f 970/970/962 959/959/945 962/962/964
f 963/963/948 973/973/966 974/974/967
f 974/974/967 964/964/817 963/963/948
f 965/965/968 975/975/969 973/973/970
f 973/973/966 963/963/948 965/965/968
f 966/966/971 976/976/972 977/977/973
f 977/977/974 967/967/975 966/966/971
f 968/968/976 978/978/977 979/979/978
f 979/979/979 969/969/980 968/968/958
f 970/970/962 980/980/981 981/981/982
f 981/981/983 971/971/963 970/970/962
f 972/972/984 982/982/985 980/980/981
f 980/980/981 970/970/962 972/972/965
f 973/973/970 983/983/986 984/984/842
f 984/984/842 974/974/967 973/973/966
f 975/975/987 985/985/988 983/983/986
f 983/983/986 973/973/966 975/975/987
f 976/976/989 986/986/990 987/987/991
f 987/987/992 977/977/993 976/976/989
f 978/978/977 988/988/994 989/989/995
f 989/989/996 979/979/997 978/978/998
f 980/980/999 990/990/1000 991/991/1001
f 991/991/1002 981/981/1003 980/980/999
f 980/980/999 982/982/1004 992/992/1005
f 992/992/1005 990/990/1000 980/980/981
f 983/983/986 993/993/1006 994/994/1007
f 994/994/854 984/984/842 983/983/986
f 983/983/986 985/985/1008 995/995/1009
f 995/995/1010 993/993/1011 983/983/986
f 986/986/1012 996/996/1013 997/997/1014
f 997/997/1014 987/987/991 986/986/1012
f 989/989/995 988/988/1015 998/998/1016
f 998/998/1017 999/999/1018 989/989/1019
f 990/990/1000 1000/1000/1020 1001/1001/1021
f 1001/1001/1021 991/991/1002 990/990/1022
f 990/990/1000 992/992/1023 1002/1002/1024
f 1002/1002/1024 1000/1000/1020 990/990/1000
f 993/993/1006 1003/1003/1025 1004/1004/867
f 1004/1004/1026 994/994/854 993/993/1006
f 993/993/1011 995/995/1010 1005/1005/1027
f 1005/1005/1028 1003/1003/1029 993/993/1006
f 997/997/1030 996/996/1031 1006/1006/1032
f 1006/1006/1033 1007/1007/1034 997/997/1035
f 999/999/1036 998/998/1037 1008/1008/1038
f 1008/1008/1039 1009/1009/1040 999/999/1041
f 1010/1010/1042 1001/1001/1021 1000/1000/1043
f 1000/1000/1020 1011/1011/1044 1010/1010/1042
f 1000/1000/1020 1002/1002/1045 1012/1012/1046
f 1012/1012/1046 1011/1011/1044 1000/1000/1020
f 1003/1003/1025 1013/1013/1047 1014/1014/880
f 1014/1014/880 1004/1004/1026 1003/1003/1029
f 1005/1005/1028 1015/1015/1048 1013/1013/1047
f 1013/1013/1047 1003/1003/1029 1005/1005/1028
f 1006/1006/1033 1016/1016/1049 1017/1017/1050
f 1017/1017/1051 1007/1007/1052 1006/1006/1053
f 1008/1008/1039 1018/1018/1054 1019/1019/1055
f 1019/1019/1056 1009/1009/1057 1008/1008/1058
f 1011/1011/1044 1020/1020/1059 1021/1021/1060
f 1021/1021/1061 1010/1010/1062 1011/1011/1044
f 1011/1011/1063 1012/1012/1064 1022/1022/1065
f 1022/1022/1065 1020/1020/1059 1011/1011/1066
f 1023/1023/1067 943/943/923 946/946/925
f 946/946/1068 1024/1024/1069 1023/1023/1067
f 1025/1025/1070 947/947/1071 943/943/1072
f 943/943/923 1023/1023/1047 1025/1025/1073
f 1026/1026/1074 949/949/932 952/952/1075
f 952/952/931 1027/1027/1050 1026/1026/1049
f 1028/1028/1076 953/953/937 956/956/1077
f 956/956/1077 1029/1029/1078 1028/1028/1076
f 1030/1030/1059 958/958/939 957/957/938
f 957/957/942 1031/1031/1060 1030/1030/1059
f 1032/1032/1065 961/961/947 958/958/1079
f 958/958/939 1030/1030/1059 1032/1032/1080
f 987/987/1081 997/997/1030 995/995/1010
f 995/995/1010 985/985/1008 987/987/991
f 977/977/973 987/987/991 985/985/1008
f 985/985/1008 975/975/987 977/977/973
f 967/967/956 977/977/973 975/975/987
f 975/975/987 965/965/968 967/967/956
f 951/951/930 967/967/956 965/965/968
f 965/965/968 948/948/1082 951/951/930
f 952/952/931 951/951/930 948/948/1082
f 948/948/1082 947/947/928 952/952/931
f 1027/1027/1050 952/952/931 947/947/1083
f 947/947/928 1025/1025/1048 1027/1027/1084
f 1007/1007/1052 1017/1017/1050 1015/1015/1048
f 1015/1015/1070 1005/1005/1028 1007/1007/1085
f 997/997/1086 1007/1007/1052 1005/1005/1028
f 1005/1005/1028 995/995/1010 997/997/1030
f 986/986/1012 989/989/1019 999/999/1087
f 999/999/1088 996/996/1031 986/986/1012
f 979/979/997 989/989/995 986/986/1012
f 986/986/1012 976/976/989 979/979/1089
f 969/969/980 979/979/997 976/976/989
f 976/976/989 966/966/1090 969/969/980
f 955/955/935 969/969/959 966/966/1090
f 966/966/1090 950/950/954 955/955/935
f 956/956/1077 955/955/935 950/950/954
f 950/950/954 949/949/932 956/956/1077
f 1029/1029/1078 956/956/1077 949/949/932
f 949/949/1091 1026/1026/1049 1029/1029/1078
f 1009/1009/1092 1019/1019/1093 1016/1016/1049
f 1016/1016/1074 1006/1006/1033 1009/1009/1040
f 996/996/1094 999/999/1095 1009/1009/1092
f 1009/1009/1096 1006/1006/1053 996/996/1031
f 991/991/1002 1001/1001/1021 998/998/1017
f 998/998/1017 988/988/994 991/991/1002
f 981/981/982 991/991/1001 988/988/994
f 988/988/994 978/978/977 981/981/982
f 971/971/1097 981/981/982 978/978/977
f 978/978/977 968/968/958 971/971/963
f 954/954/934 960/960/1098 971/971/1099
f 971/971/1099 968/968/958 954/954/934
f 953/953/937 957/957/942 960/960/1098
f 960/960/1100 954/954/934 953/953/1101
f 1031/1031/1060 957/957/942 953/953/937
f 953/953/1102 1028/1028/1076 1031/1031/1060
f 1010/1010/1062 1021/1021/1060 1018/1018/1076
f 1018/1018/1076 1008/1008/1039 1010/1010/1042
f 1001/1001/1021 1010/1010/1042 1008/1008/1039
f 1008/1008/1039 998/998/1037 1001/1001/1021
f 1033/1033/925 1034/1034/804 1035/1035/918
f 1034/1034/925 964/964/1103 1035/1035/917
f 964/964/817 974/974/967 1035/1035/919
f 974/974/967 984/984/842 1035/1035/1104
f 984/984/842 1036/1036/854 1035/1035/918
f 1036/1036/868 1037/1037/867 1035/1035/917
f 1037/1037/1026 1038/1038/880 1035/1035/919
f 1038/1038/880 1033/1033/925 1035/1035/919
f 1039/1039/923 1040/1040/924 1041/1041/804
f 1041/1041/925 1042/1042/925 1039/1039/923
f 1043/1043/1105 1044/1044/926 1040/1040/927
f 1040/1040/927 1039/1039/923 1043/1043/928
f 1045/1045/932 1046/1046/954 1047/1047/930
f 1047/1047/1106 1048/1048/1107 1045/1045/932
f 1049/1049/933 1050/1050/934 1051/1051/1108
f 1051/1051/1109 1052/1052/1077 1049/1049/1102
f 1053/1053/942 1054/1054/1110 1055/1055/961
f 1055/1055/961 1056/1056/1098 1053/1053/1111
f 1057/1057/943 1058/1058/1112 1055/1055/961
f 1055/1055/961 1054/1054/1110 1057/1057/943
f 1040/1040/927 1059/1059/948 1060/1060/949
f 1060/1060/817 1041/1041/804 1040/1040/924
f 1044/1044/1082 1061/1061/968 1059/1059/948
f 1059/1059/952 1040/1040/927 1044/1044/953
f 1046/1046/1113 1062/1062/1090 1063/1063/957
f 1063/1063/1114 1047/1047/930 1046/1046/1115
f 1050/1050/934 1064/1064/1116 1065/1065/960
f 1065/1065/1117 1051/1051/935 1050/1050/1118
f 1056/1056/1098 1055/1055/945 1066/1066/1119
f 1066/1066/962 1067/1067/963 1056/1056/1098
f 1058/1058/1112 1068/1068/1120 1066/1066/1119
f 1066/1066/1119 1055/1055/961 1058/1058/944
f 1059/1059/948 1069/1069/1121 1070/1070/832
f 1070/1070/832 1060/1060/817 1059/1059/948
f 1061/1061/968 1071/1071/987 1069/1069/1121
f 1069/1069/1122 1059/1059/948 1061/1061/968
f 1062/1062/1090 1072/1072/972 1073/1073/973
f 1073/1073/1123 1063/1063/956 1062/1062/1090
f 1064/1064/976 1074/1074/977 1075/1075/979
f 1075/1075/1124 1065/1065/980 1064/1064/1116
f 1066/1066/962 1076/1076/999 1077/1077/1125
f 1077/1077/1125 1067/1067/963 1066/1066/962
f 1068/1068/984 1078/1078/985 1076/1076/999
f 1076/1076/999 1066/1066/1119 1068/1068/1126
f 1069/1069/1121 1079/1079/986 1080/1080/842
f 1080/1080/842 1070/1070/967 1069/1069/1121
f 1071/1071/987 1081/1081/1008 1079/1079/986
f 1079/1079/986 1069/1069/1121 1071/1071/987
f 1072/1072/972 1082/1082/1127 1083/1083/991
f 1083/1083/1128 1073/1073/974 1072/1072/1129
f 1074/1074/1130 1084/1084/1015 1085/1085/1131
f 1085/1085/1132 1075/1075/997 1074/1074/977
f 1076/1076/999 1086/1086/1133 1087/1087/1001
f 1087/1087/1002 1077/1077/1134 1076/1076/999
f 1076/1076/999 1078/1078/1004 1088/1088/1005
f 1088/1088/1135 1086/1086/1133 1076/1076/999
f 1079/1079/986 1089/1089/1006 1090/1090/1007
f 1090/1090/854 1080/1080/1136 1079/1079/986
f 1079/1079/986 1081/1081/1008 1091/1091/1137
f 1091/1091/1010 1089/1089/1006 1079/1079/986
f 1082/1082/1127 1092/1092/1013 1093/1093/1030
f 1093/1093/1138 1083/1083/991 1082/1082/1127
f 1085/1085/1131 1084/1084/1139 1094/1094/1140
f 1094/1094/1017 1095/1095/1088 1085/1085/1141
f 1086/1086/1142 1096/1096/1020 1097/1097/1143
f 1097/1097/1144 1087/1087/1001 1086/1086/1133
f 1086/1086/1133 1088/1088/1135 1098/1098/1024
f 1098/1098/1145 1096/1096/1020 1086/1086/1133
f 1089/1089/1006 1099/1099/1029 1100/1100/867
f 1100/1100/1026 1090/1090/868 1089/1089/1006
f 1089/1089/1011 1091/1091/1010 1101/1101/1146
f 1101/1101/1028 1099/1099/1029 1089/1089/1006
f 1093/1093/1014 1092/1092/1013 1102/1102/1147
f 1102/1102/1053 1103/1103/1034 1093/1093/1148
f 1095/1095/1036 1094/1094/1149 1104/1104/1150
f 1104/1104/1039 1105/1105/1040 1095/1095/1088
f 1106/1106/1151 1097/1097/1152 1096/1096/1153
f 1096/1096/1020 1107/1107/1044 1106/1106/1042
f 1096/1096/1043 1098/1098/1154 1108/1108/1064
f 1108/1108/1064 1107/1107/1044 1096/1096/1020
f 1099/1099/1029 1109/1109/1047 1110/1110/880
f 1110/1110/880 1100/1100/1026 1099/1099/1029
f 1101/1101/1028 1111/1111/1048 1109/1109/1047
f 1109/1109/1047 1099/1099/1029 1101/1101/1028
f 1102/1102/1147 1112/1112/1155 1113/1113/1050
f 1113/1113/1050 1103/1103/1156 1102/1102/1147
f 1104/1104/1039 1114/1114/1054 1115/1115/1157
f 1115/1115/1157 1105/1105/1040 1104/1104/1039
f 1107/1107/1044 1116/1116/1158 1117/1117/1159
f 1117/1117/1060 1106/1106/1160 1107/1107/1044
f 1107/1107/1063 1108/1108/1161 1118/1118/1065
f 1118/1118/1065 1116/1116/1158 1107/1107/1044
f 1119/1119/1067 1039/1039/923 1042/1042/925
f 1042/1042/1162 1120/1120/1163 1119/1119/1067
f 1121/1121/1070 1043/1043/1083 1039/1039/1164
f 1039/1039/923 1119/1119/1047 1121/1121/1048
f 1122/1122/1165 1045/1045/932 1048/1048/1075
f 1048/1048/1166 1123/1123/1050 1122/1122/1155
f 1124/1124/1076 1049/1049/937 1052/1052/1077
f 1052/1052/1077 1125/1125/1078 1124/1124/1054
f 1126/1126/1158 1054/1054/1167 1053/1053/942
f 1053/1053/942 1127/1127/1159 1126/1126/1168
f 1128/1128/1065 1057/1057/943 1054/1054/1169
f 1054/1054/1110 1126/1126/1168 1128/1128/1065
f 1083/1083/991 1093/1093/1030 1091/1091/1010
f 1091/1091/1010 1081/1081/1008 1083/1083/991
f 1073/1073/974 1083/1083/991 1081/1081/1008
f 1081/1081/1008 1071/1071/1170 1073/1073/993
f 1063/1063/956 1073/1073/973 1071/1071/987
f 1071/1071/987 1061/1061/1171 1063/1063/1172
f 1047/1047/1173 1063/1063/956 1061/1061/968
f 1061/1061/968 1044/1044/1082 1047/1047/1174
f 1048/1048/1107 1047/1047/930 1044/1044/1175
f 1044/1044/926 1043/1043/928 1048/1048/1107
f 1123/1123/1176 1048/1048/1107 1043/1043/1083
f 1043/1043/928 1121/1121/1070 1123/1123/1084
f 1103/1103/1034 1113/1113/1050 1111/1111/1070
f 1111/1111/1048 1101/1101/1028 1103/1103/1085
f 1093/1093/1035 1103/1103/1034 1101/1101/1028
f 1101/1101/1028 1091/1091/1010 1093/1093/1030
f 1082/1082/1127 1085/1085/1141 1095/1095/1088
f 1095/1095/1088 1092/1092/1013 1082/1082/1127
f 1075/1075/997 1085/1085/1177 1082/1082/1127
f 1082/1082/1127 1072/1072/989 1075/1075/997
f 1065/1065/1178 1075/1075/978 1072/1072/972
f 1072/1072/972 1062/1062/1090 1065/1065/980
f 1051/1051/935 1065/1065/960 1062/1062/1090
f 1062/1062/1090 1046/1046/1115 1051/1051/935
f 1052/1052/1077 1051/1051/935 1046/1046/1113
f 1046/1046/1113 1045/1045/932 1052/1052/1077
f 1125/1125/1179 1052/1052/1180 1045/1045/932
f 1045/1045/932 1122/1122/1155 1125/1125/1078
f 1105/1105/1040 1115/1115/1181 1112/1112/1155
f 1112/1112/1165 1102/1102/1053 1105/1105/1040
f 1092/1092/1013 1095/1095/1036 1105/1105/1040
f 1105/1105/1096 1102/1102/1147 1092/1092/1013
f 1087/1087/1182 1097/1097/1152 1094/1094/1017
f 1094/1094/1017 1084/1084/1183 1087/1087/1001
f 1077/1077/1125 1087/1087/1001 1084/1084/1139
f 1084/1084/1015 1074/1074/977 1077/1077/1125
f 1067/1067/1184 1077/1077/1125 1074/1074/977
f 1074/1074/977 1064/1064/1116 1067/1067/1099
f 1050/1050/934 1056/1056/1098 1067/1067/963
f 1067/1067/963 1064/1064/1116 1050/1050/1101
f 1049/1049/937 1053/1053/942 1056/1056/1098
f 1056/1056/1185 1050/1050/934 1049/1049/1118
f 1127/1127/1159 1053/1053/942 1049/1049/937
f 1049/1049/937 1124/1124/1076 1127/1127/1060
f 1106/1106/1062 1117/1117/1159 1114/1114/1054
f 1114/1114/1054 1104/1104/1039 1106/1106/1042
f 1097/1097/1143 1106/1106/1042 1104/1104/1039
f 1104/1104/1039 1094/1094/1186 1097/1097/1144
f 1129/1129/925 1130/1130/804 1131/1131/917
f 1130/1130/1162 1060/1060/817 1131/1131/918
f 1060/1060/817 1070/1070/832 1131/1131/1104
f 1070/1070/832 1080/1080/842 1131/1131/919
f 1080/1080/842 1132/1132/854 1131/1131/128
f 1132/1132/854 1133/1133/1026 1131/1131/128
f 1133/1133/1026 1134/1134/880 1131/1131/919
f 1134/1134/880 1129/1129/925 1131/1131/1104
f 1135/1135/806 1136/1136/806 1137/1137/804
f 1137/1137/804 1138/1138/804 1135/1135/806
f 1139/1139/821 1140/1140/821 1136/1136/806
f 1136/1136/806 1135/1135/806 1139/1139/1187
f 1141/1141/896 1142/1142/914 1143/1143/810
f 1143/1143/810 1144/1144/1188 1141/1141/896
f 1145/1145/1189 1146/1146/1190 1147/1147/813
f 1147/1147/1191 1148/1148/1191 1145/1145/815
f 1136/1136/806 1149/1149/819 1150/1150/817
f 1150/1150/817 1137/1137/925 1136/1136/806
f 1140/1140/1192 1151/1151/1193 1149/1149/819
f 1149/1149/1194 1136/1136/806 1140/1140/805
f 1144/1144/822 1143/1143/810 1152/1152/824
f 1152/1152/824 1153/1153/1195 1144/1144/1188
f 1146/1146/812 1154/1154/1196 1155/1155/827
f 1155/1155/1197 1147/1147/813 1146/1146/1198
f 1149/1149/819 1156/1156/831 1157/1157/967
f 1157/1157/967 1150/1150/817 1149/1149/1194
f 1151/1151/818 1158/1158/1199 1156/1156/831
f 1156/1156/1200 1149/1149/1194 1151/1151/1201
f 1153/1153/834 1152/1152/824 1159/1159/1202
f 1159/1159/1203 1160/1160/1204 1153/1153/825
f 1154/1154/826 1161/1161/1205 1162/1162/1206
f 1162/1162/1206 1155/1155/827 1154/1154/1207
f 1163/1163/1200 1164/1164/1208 1165/1165/842
f 1165/1165/842 1166/1166/967 1163/1163/831
f 1167/1167/833 1168/1168/1209 1164/1164/1208
f 1164/1164/1208 1163/1163/831 1167/1167/1210
f 1169/1169/1203 1170/1170/908 1171/1171/846
f 1171/1171/846 1172/1172/901 1169/1169/835
f 1173/1173/1205 1174/1174/1211 1175/1175/849
f 1175/1175/1212 1176/1176/1213 1173/1173/1214
f 1164/1164/1215 1177/1177/859 1178/1178/854
f 1178/1178/854 1165/1165/842 1164/1164/1216
f 1164/1164/1208 1168/1168/843 1179/1179/1217
f 1179/1179/869 1177/1177/1218 1164/1164/1208
f 1170/1170/845 1180/1180/860 1181/1181/861
f 1181/1181/861 1171/1171/846 1170/1170/1219
f 1175/1175/849 1174/1174/1220 1182/1182/1221
f 1182/1182/863 1183/1183/1222 1175/1175/907
f 1177/1177/859 1184/1184/866 1185/1185/867
f 1185/1185/867 1178/1178/1007 1177/1177/1223
f 1177/1177/859 1179/1179/869 1186/1186/871
f 1186/1186/884 1184/1184/866 1177/1177/859
f 1187/1187/872 1181/1181/861 1180/1180/873
f 1180/1180/873 1188/1188/1224 1187/1187/872
f 1183/1183/1225 1182/1182/863 1189/1189/1226
f 1189/1189/877 1190/1190/1227 1183/1183/1225
f 1184/1184/866 1191/1191/1228 1192/1192/880
f 1192/1192/880 1185/1185/1026 1184/1184/1229
f 1186/1186/884 1193/1193/882 1191/1191/1228
f 1191/1191/1230 1184/1184/1231 1186/1186/884
f 1188/1188/885 1194/1194/915 1195/1195/887
f 1195/1195/887 1187/1187/872 1188/1188/874
f 1189/1189/877 1196/1196/1232 1197/1197/890
f 1197/1197/889 1190/1190/1233 1189/1189/877
f 1191/1191/1228 1135/1135/806 1138/1138/893
f 1138/1138/804 1192/1192/1234 1191/1191/1230
f 1193/1193/882 1139/1139/1187 1135/1135/806
f 1135/1135/1235 1191/1191/1228 1193/1193/1236
f 1195/1195/887 1194/1194/1237 1142/1142/895
f 1142/1142/1238 1141/1141/896 1195/1195/1239
f 1196/1196/1240 1145/1145/1190 1148/1148/912
f 1148/1148/912 1197/1197/890 1196/1196/1232
f 1171/1171/846 1181/1181/861 1179/1179/858
f 1179/1179/869 1168/1168/843 1171/1171/846
f 1172/1172/1204 1171/1171/846 1168/1168/1241
f 1168/1168/1242 1167/1167/833 1172/1172/836
f 1151/1151/818 1153/1153/834 1160/1160/901
f 1160/1160/1204 1158/1158/833 1151/1151/818
f 1140/1140/805 1144/1144/822 1153/1153/825
f 1153/1153/825 1151/1151/818 1140/1140/807
f 1139/1139/1187 1141/1141/896 1144/1144/822
f 1144/1144/1243 1140/1140/805 1139/1139/1187
f 1193/1193/1236 1195/1195/1244 1141/1141/808
f 1141/1141/896 1139/1139/1187 1193/1193/1236
f 1187/1187/872 1195/1195/1244 1193/1193/1236
f 1193/1193/1236 1186/1186/1245 1187/1187/872
f 1181/1181/861 1187/1187/872 1186/1186/884
f 1186/1186/884 1179/1179/858 1181/1181/861
f 1170/1170/908 1175/1175/849 1183/1183/1225
f 1183/1183/864 1180/1180/873 1170/1170/908
f 1176/1176/839 1175/1175/849 1170/1170/845
f 1170/1170/845 1169/1169/1246 1176/1176/1206
f 1155/1155/827 1162/1162/1206 1159/1159/835
f 1159/1159/1203 1152/1152/824 1155/1155/1247
f 1147/1147/813 1155/1155/827 1152/1152/824
f 1152/1152/824 1143/1143/1248 1147/1147/813
f 1148/1148/912 1147/1147/813 1143/1143/810
f 1143/1143/810 1142/1142/895 1148/1148/912
f 1197/1197/890 1148/1148/814 1142/1142/1238
f 1142/1142/895 1194/1194/915 1197/1197/890
f 1188/1188/874 1190/1190/891 1197/1197/890
f 1197/1197/1249 1194/1194/915 1188/1188/874
f 1180/1180/1250 1183/1183/864 1190/1190/891
f 1190/1190/878 1188/1188/874 1180/1180/1251
f 1138/1138/925 1198/1198/893 1199/1199/918
f 1198/1198/804 1200/1200/949 1199/1199/918
f 1200/1200/817 1201/1201/832 1199/1199/919
f 1201/1201/967 1202/1202/842 1199/1199/919
f 1202/1202/842 1203/1203/854 1199/1199/918
f 1203/1203/868 1185/1185/867 1199/1199/917
f 1185/1185/867 1192/1192/880 1199/1199/919
f 1192/1192/880 1138/1138/804 1199/1199/919
