# Blender 3.4.1
# www.blender.org
mtllib pblauncher_3jars.mtl
o pblauncher_3jars
v 0.997215 0.844253 1.862350
v 1.212480 0.815855 1.862350
v 1.230320 0.853226 1.775970
v 0.989679 0.884971 1.775970
v 1.369950 0.666349 1.862350
v 1.406350 0.686098 1.775970
v 1.409460 0.452841 1.862350
v 1.450520 0.447425 1.775970
v 1.315930 0.256883 1.862350
v 1.345960 0.228371 1.775970
v 1.125080 0.153325 1.862350
v 1.132620 0.112607 1.775970
v 0.909816 0.181723 1.862350
v 0.891979 0.144352 1.775970
v 0.752351 0.331229 1.862350
v 0.715955 0.311480 1.775970
v 0.752351 0.331229 1.862350
v 0.712837 0.544737 1.862350
v 0.671784 0.550153 1.775970
v 0.715955 0.311480 1.775970
v 0.806367 0.740695 1.862350
v 0.776337 0.769207 1.775970
v 1.212480 0.815855 1.862350
v 0.997215 0.844253 1.862350
v 1.061150 0.498789 1.815030
v 1.369950 0.666349 1.862350
v 1.409460 0.452841 1.862350
v 1.315930 0.256883 1.862350
v 1.125080 0.153325 1.862350
v 0.909816 0.181723 1.862350
v 0.752351 0.331229 1.862350
v 0.712837 0.544737 1.862350
v 0.806367 0.740695 1.862350
v 1.061150 0.498789 0.912121
v 0.990598 0.880005 0.912121
v 1.228150 0.848669 0.912121
v 1.401910 0.683690 0.912121
v 1.445510 0.448085 0.912121
v 1.342300 0.231848 0.912121
v 1.131700 0.117573 0.912121
v 0.894155 0.148909 0.912121
v 0.720394 0.313888 0.912121
v 0.676790 0.549492 0.912121
v 0.779999 0.765730 0.912121
v 0.990598 0.880005 0.912121
v 0.990598 0.880005 1.075650
v 1.228150 0.848669 1.075650
v 1.228150 0.848669 0.912121
v 0.779999 0.765730 0.912121
v 0.779999 0.765730 1.075650
v 0.676790 0.549492 0.912121
v 0.676790 0.549492 1.075650
v 0.720394 0.313888 0.912121
v 0.720394 0.313888 1.075650
v 0.894155 0.148909 0.912121
v 0.894155 0.148909 1.075650
v 0.720394 0.313888 1.075650
v 0.720394 0.313888 0.912121
v 1.131700 0.117573 0.912121
v 1.131700 0.117573 1.075650
v 1.342300 0.231848 0.912121
v 1.342300 0.231848 1.075650
v 1.445510 0.448085 0.912121
v 1.445510 0.448085 1.075650
v 1.401910 0.683690 0.912121
v 1.401910 0.683690 1.075650
v 0.990598 0.880005 1.123870
v 1.228150 0.848669 1.123870
v 1.211270 0.813309 1.074460
v 0.997728 0.841479 1.074460
v 0.808413 0.738752 1.074460
v 0.779999 0.765730 1.123870
v 0.715634 0.544368 1.074460
v 0.676790 0.549492 1.123870
v 0.754831 0.332574 1.074460
v 0.720394 0.313888 1.123870
v 0.911031 0.184269 1.074460
v 0.894155 0.148909 1.123870
v 0.720394 0.313888 1.123870
v 0.754831 0.332574 1.074460
v 1.124570 0.156099 1.074460
v 1.131700 0.117573 1.123870
v 1.313890 0.258825 1.074460
v 1.342300 0.231848 1.123870
v 1.406670 0.453210 1.074460
v 1.445510 0.448085 1.123870
v 1.367470 0.665004 1.074460
v 1.401910 0.683690 1.123870
v 0.990598 0.880005 1.075650
v 0.997728 0.841479 1.074460
v 1.211270 0.813309 1.074460
v 1.228150 0.848669 1.075650
v 0.779999 0.765730 1.075650
v 0.808413 0.738752 1.074460
v 0.676790 0.549492 1.075650
v 0.715634 0.544368 1.074460
v 0.720394 0.313888 1.075650
v 0.754831 0.332574 1.074460
v 0.894155 0.148909 1.075650
v 0.911031 0.184269 1.074460
v 1.131700 0.117573 1.075650
v 1.124570 0.156099 1.074460
v 1.342300 0.231848 1.075650
v 1.313890 0.258825 1.074460
v 1.445510 0.448085 1.075650
v 1.406670 0.453210 1.074460
v 1.401910 0.683690 1.075650
v 1.367470 0.665004 1.074460
v 0.423370 -0.078636 1.862350
v 0.550999 0.097029 1.862350
v 0.526659 0.130529 1.775970
v 0.383988 -0.065840 1.775970
v 0.757505 0.164127 1.862350
v 0.757505 0.205536 1.775970
v 0.964012 0.097029 1.862350
v 0.988352 0.130529 1.775970
v 1.091640 -0.078636 1.862350
v 1.131020 -0.065840 1.775970
v 1.091640 -0.295771 1.862350
v 1.131020 -0.308567 1.775970
v 0.964012 -0.471436 1.862350
v 0.988352 -0.504936 1.775970
v 0.757505 -0.538534 1.862350
v 0.757505 -0.579943 1.775970
v 0.757505 -0.538534 1.862350
v 0.550999 -0.471436 1.862350
v 0.526659 -0.504936 1.775970
v 0.757505 -0.579943 1.775970
v 0.423371 -0.295771 1.862350
v 0.383988 -0.308567 1.775970
v 0.550999 0.097029 1.862350
v 0.423370 -0.078636 1.862350
v 0.757505 -0.187204 1.815030
v 0.757505 0.164127 1.862350
v 0.964012 0.097029 1.862350
v 1.091640 -0.078636 1.862350
v 1.091640 -0.295771 1.862350
v 0.964012 -0.471436 1.862350
v 0.757505 -0.538534 1.862350
v 0.550999 -0.471436 1.862350
v 0.423371 -0.295771 1.862350
v 0.757505 -0.187204 0.912121
v 0.388791 -0.067401 0.912121
v 0.529627 0.126444 0.912121
v 0.757505 0.200486 0.912121
v 0.985384 0.126444 0.912121
v 1.126220 -0.067401 0.912121
v 1.126220 -0.307006 0.912121
v 0.985384 -0.500851 0.912121
v 0.757505 -0.574893 0.912121
v 0.529627 -0.500851 0.912121
v 0.388791 -0.307006 0.912121
v 0.388791 -0.067401 0.912121
v 0.388791 -0.067401 1.075650
v 0.529627 0.126444 1.075650
v 0.529627 0.126444 0.912121
v 0.388791 -0.307006 0.912121
v 0.388791 -0.307006 1.075650
v 0.529627 -0.500851 0.912121
v 0.529627 -0.500851 1.075650
v 0.757505 -0.574893 0.912121
v 0.757505 -0.574893 1.075650
v 0.985384 -0.500851 0.912121
v 0.985384 -0.500851 1.075650
v 0.757505 -0.574893 1.075650
v 0.757505 -0.574893 0.912121
v 1.126220 -0.307006 0.912121
v 1.126220 -0.307006 1.075650
v 1.126220 -0.067401 0.912121
v 1.126220 -0.067401 1.075650
v 0.985384 0.126444 0.912121
v 0.985384 0.126444 1.075650
v 0.757505 0.200486 0.912121
v 0.757505 0.200486 1.075650
v 0.388791 -0.067401 1.123870
v 0.529627 0.126444 1.123870
v 0.552657 0.094746 1.074460
v 0.426054 -0.079508 1.074460
v 0.426054 -0.294899 1.074460
v 0.388791 -0.307006 1.123870
v 0.552657 -0.469153 1.074460
v 0.529627 -0.500851 1.123870
v 0.757505 -0.535712 1.074460
v 0.757505 -0.574893 1.123870
v 0.962354 -0.469153 1.074460
v 0.985384 -0.500851 1.123870
v 0.757505 -0.574893 1.123870
v 0.757505 -0.535712 1.074460
v 1.088960 -0.294899 1.074460
v 1.126220 -0.307006 1.123870
v 1.088960 -0.079509 1.074460
v 1.126220 -0.067401 1.123870
v 0.962354 0.094746 1.074460
v 0.985384 0.126444 1.123870
v 0.757505 0.161306 1.074460
v 0.757505 0.200486 1.123870
v 0.388791 -0.067401 1.075650
v 0.426054 -0.079508 1.074460
v 0.552657 0.094746 1.074460
v 0.529627 0.126444 1.075650
v 0.388791 -0.307006 1.075650
v 0.426054 -0.294899 1.074460
v 0.529627 -0.500851 1.075650
v 0.552657 -0.469153 1.074460
v 0.757505 -0.574893 1.075650
v 0.757505 -0.535712 1.074460
v 0.985384 -0.500851 1.075650
v 0.962354 -0.469153 1.074460
v 1.126220 -0.307006 1.075650
v 1.088960 -0.294899 1.074460
v 1.126220 -0.067401 1.075650
v 1.088960 -0.079509 1.074460
v 0.985384 0.126444 1.075650
v 0.962354 0.094746 1.074460
v 0.757505 0.200486 1.075650
v 0.757505 0.161306 1.074460
v -0.315985 -0.106433 1.862350
v -0.188357 0.069232 1.862350
v -0.212697 0.102733 1.775970
v -0.355368 -0.093637 1.775970
v 0.018150 0.136330 1.862350
v 0.018150 0.177740 1.775970
v 0.224657 0.069232 1.862350
v 0.248997 0.102733 1.775970
v 0.352285 -0.106433 1.862350
v 0.391668 -0.093637 1.775970
v 0.352285 -0.323567 1.862350
v 0.391668 -0.336363 1.775970
v 0.224657 -0.499232 1.862350
v 0.248997 -0.532733 1.775970
v 0.018150 -0.566330 1.862350
v 0.018150 -0.607739 1.775970
v 0.018150 -0.566330 1.862350
v -0.188357 -0.499232 1.862350
v -0.212696 -0.532733 1.775970
v 0.018150 -0.607739 1.775970
v -0.315985 -0.323567 1.862350
v -0.355367 -0.336363 1.775970
v -0.188357 0.069232 1.862350
v -0.315985 -0.106433 1.862350
v 0.018150 -0.215000 1.815030
v 0.018150 0.136330 1.862350
v 0.224657 0.069232 1.862350
v 0.352285 -0.106433 1.862350
v 0.352285 -0.323567 1.862350
v 0.224657 -0.499232 1.862350
v 0.018150 -0.566330 1.862350
v -0.188357 -0.499232 1.862350
v -0.315985 -0.323567 1.862350
v 0.018150 -0.215000 0.912121
v -0.350565 -0.095197 0.912121
v -0.209728 0.098648 0.912121
v 0.018150 0.172690 0.912121
v 0.246028 0.098648 0.912121
v 0.386865 -0.095197 0.912121
v 0.386865 -0.334803 0.912121
v 0.246028 -0.528647 0.912121
v 0.018150 -0.602690 0.912121
v -0.209728 -0.528647 0.912121
v -0.350565 -0.334803 0.912121
v -0.350565 -0.095197 0.912121
v -0.350565 -0.095197 1.075650
v -0.209728 0.098648 1.075650
v -0.209728 0.098648 0.912121
v -0.350565 -0.334803 0.912121
v -0.350565 -0.334803 1.075650
v -0.209728 -0.528647 0.912121
v -0.209728 -0.528647 1.075650
v 0.018150 -0.602690 0.912121
v 0.018150 -0.602690 1.075650
v 0.246028 -0.528647 0.912121
v 0.246028 -0.528647 1.075650
v 0.018150 -0.602690 1.075650
v 0.018150 -0.602690 0.912121
v 0.386865 -0.334803 0.912121
v 0.386865 -0.334803 1.075650
v 0.386865 -0.095197 0.912121
v 0.386865 -0.095197 1.075650
v 0.246028 0.098648 0.912121
v 0.246028 0.098648 1.075650
v 0.018150 0.172690 0.912121
v 0.018150 0.172690 1.075650
v -0.350565 -0.095197 1.123870
v -0.209728 0.098648 1.123870
v -0.186698 0.066950 1.074460
v -0.313302 -0.107305 1.074460
v -0.313302 -0.322695 1.074460
v -0.350565 -0.334803 1.123870
v -0.186698 -0.496950 1.074460
v -0.209728 -0.528647 1.123870
v 0.018150 -0.563509 1.074460
v 0.018150 -0.602690 1.123870
v 0.222999 -0.496950 1.074460
v 0.246028 -0.528647 1.123870
v 0.018150 -0.602690 1.123870
v 0.018150 -0.563509 1.074460
v 0.349602 -0.322695 1.074460
v 0.386865 -0.334803 1.123870
v 0.349602 -0.107305 1.074460
v 0.386865 -0.095197 1.123870
v 0.222999 0.066950 1.074460
v 0.246028 0.098648 1.123870
v 0.018150 0.133509 1.074460
v 0.018150 0.172689 1.123870
v -0.350565 -0.095197 1.075650
v -0.313302 -0.107305 1.074460
v -0.186698 0.066950 1.074460
v -0.209728 0.098648 1.075650
v -0.350565 -0.334803 1.075650
v -0.313302 -0.322695 1.074460
v -0.209728 -0.528647 1.075650
v -0.186698 -0.496950 1.074460
v 0.018150 -0.602690 1.075650
v 0.018150 -0.563509 1.074460
v 0.246028 -0.528647 1.075650
v 0.222999 -0.496950 1.074460
v 0.386865 -0.334803 1.075650
v 0.349602 -0.322695 1.074460
v 0.386865 -0.095197 1.075650
v 0.349602 -0.107305 1.074460
v 0.246028 0.098648 1.075650
v 0.222999 0.066950 1.074460
v 0.018150 0.172690 1.075650
v 0.018150 0.133509 1.074460
v -0.803930 -0.139489 -2.337850
v -0.321906 -0.113226 -2.337850
v -0.321906 -0.316774 -2.337850
v -0.803930 -0.290511 -2.337850
v -0.803930 -0.065462 -1.761420
v -0.321906 -0.013452 -1.656360
v -0.321906 -0.013452 -1.733420
v -0.803930 -0.065462 -1.826590
v -1.358730 -0.139489 -1.621520
v -1.434550 -0.139489 -1.661300
v -1.434550 -0.290511 -1.661300
v -1.358730 -0.290511 -1.621520
v -0.803930 -0.364538 -1.761420
v -0.803930 -0.364538 -1.826590
v -0.321906 -0.416548 -1.733420
v -0.321906 -0.416548 -1.656360
v -0.803930 -0.139489 -1.761420
v -0.875232 -0.139489 -1.761420
v -0.875232 -0.290511 -1.761420
v -0.803930 -0.290511 -1.761420
v -0.803930 -0.139489 -1.826590
v -0.875232 -0.139489 -1.826590
v -0.875232 -0.139489 -1.761420
v -0.803930 -0.139489 -1.761420
v -0.875232 -0.290511 -2.337850
v -0.875232 -0.139489 -2.337850
v -0.803930 -0.290511 -1.761420
v -0.875232 -0.290511 -1.761420
v -0.875232 -0.290511 -1.826590
v -0.803930 -0.290511 -1.826590
v -0.923007 -0.059134 -1.849560
v -1.398430 -0.059134 -1.709060
v -1.333980 -0.059134 -1.675240
v -0.923007 -0.059134 -1.794160
v -0.923007 -0.370866 -1.849560
v -0.923007 -0.370866 -1.794160
v -1.333980 -0.370866 -1.675240
v -1.398430 -0.370866 -1.709060
v -1.471850 -0.290511 -2.207000
v -1.471850 -0.139489 -2.207000
v -0.321906 -0.113226 -1.656360
v -0.321906 -0.013452 -1.656360
v -0.803930 -0.065462 -1.761420
v -0.803930 -0.065462 -2.337850
v -0.321906 -0.013452 -2.337850
v -0.321906 -0.316774 -1.656360
v -0.803930 -0.364538 -1.761420
v -0.321906 -0.416548 -1.656360
v -0.321906 -0.416548 -2.337850
v -0.803930 -0.364538 -2.337850
v -0.875232 -0.139489 -1.826590
v -0.875232 -0.139489 -1.761420
v -1.471850 -0.139489 -2.207000
v -1.430130 -0.059134 -2.172900
v -0.923007 -0.059134 -2.284130
v -0.875232 -0.139489 -2.337850
v -1.358730 -0.139489 -1.621520
v -1.434550 -0.139489 -1.661300
v -0.875232 -0.290511 -1.826590
v -0.875232 -0.290511 -1.761420
v -1.358730 -0.290511 -1.621520
v -1.434550 -0.290511 -1.661300
v -1.471850 -0.290511 -2.207000
v -0.875232 -0.290511 -2.337850
v -0.923007 -0.370866 -2.284130
v -1.430130 -0.370866 -2.172900
v -0.803930 -0.065462 -2.275480
v -0.321906 -0.013452 -2.264110
v -0.321906 -0.013452 -2.337850
v -0.803930 -0.065462 -2.337850
v -0.803930 -0.139489 -2.275480
v -0.803930 -0.139489 -2.337850
v -0.875232 -0.139489 -2.337850
v -0.875232 -0.139489 -2.275480
v -0.875232 -0.139489 -2.275480
v -0.923007 -0.059134 -2.231110
v -1.464460 -0.059134 -2.111330
v -1.512240 -0.139489 -2.134560
v -1.512240 -0.139489 -2.134560
v -1.512240 -0.290511 -2.134560
v -1.512240 -0.290511 -2.134560
v -1.464460 -0.370866 -2.111330
v -0.923007 -0.370866 -2.231110
v -0.875232 -0.290511 -2.275480
v -0.803930 -0.290511 -2.275480
v -0.875232 -0.290511 -2.275480
v -0.875232 -0.290511 -2.337850
v -0.803930 -0.290511 -2.337850
v -0.803930 -0.364538 -2.337850
v -0.803930 -0.364538 -2.275480
v -0.321906 -0.416548 -2.337850
v -0.321906 -0.416548 -2.264110
v -0.435329 0.114471 3.119140
v -0.435329 0.114472 1.847300
v -0.514946 -0.041786 1.847300
v -0.514946 -0.041786 3.119140
v -0.311322 0.238478 3.119140
v -0.311322 0.238479 1.847300
v -0.155063 0.318096 3.119140
v -0.155063 0.318096 1.847300
v 0.018150 0.345530 3.119140
v 0.018150 0.345531 1.847300
v 0.191363 0.318096 3.119140
v 0.191363 0.318096 1.847300
v 0.347622 0.238478 3.119140
v 0.347622 0.238479 1.847300
v 0.471629 0.114471 3.119140
v 0.471629 0.114472 1.847300
v 0.551246 -0.041787 3.119140
v 0.551246 -0.041787 1.847300
v 0.578680 -0.215001 3.119140
v 0.578680 -0.215000 1.847300
v 0.551246 -0.388214 3.119140
v 0.551246 -0.388213 1.847300
v 0.471629 -0.544473 3.119140
v 0.471629 -0.544472 1.847300
v 0.347622 -0.668480 3.119140
v 0.347622 -0.668479 1.847300
v 0.191363 -0.748097 3.119140
v 0.191363 -0.748096 1.847300
v 0.018150 -0.775531 3.119140
v 0.018150 -0.775530 1.847300
v -0.155063 -0.748097 3.119140
v -0.155063 -0.748096 1.847300
v 0.018150 -0.775530 1.847300
v 0.018150 -0.775531 3.119140
v -0.311321 -0.668480 3.119140
v -0.311321 -0.668479 1.847300
v -0.435329 -0.544472 3.119140
v -0.435329 -0.544471 1.847300
v -0.514946 -0.388214 3.119140
v -0.514946 -0.388213 1.847300
v -0.542380 -0.215001 3.119140
v -0.542380 -0.215000 1.847300
v -0.435329 0.114471 3.119140
v -0.514946 -0.041786 3.119140
v 0.018150 -0.215001 3.119140
v -0.311322 0.238478 3.119140
v -0.155063 0.318096 3.119140
v 0.018150 0.345530 3.119140
v 0.191363 0.318096 3.119140
v 0.347622 0.238478 3.119140
v 0.471629 0.114471 3.119140
v 0.551246 -0.041787 3.119140
v 0.578680 -0.215001 3.119140
v 0.551246 -0.388214 3.119140
v 0.471629 -0.544473 3.119140
v 0.347622 -0.668480 3.119140
v 0.191363 -0.748097 3.119140
v 0.018150 -0.775531 3.119140
v -0.155063 -0.748097 3.119140
v -0.311321 -0.668480 3.119140
v -0.435329 -0.544472 3.119140
v -0.514946 -0.388214 3.119140
v -0.542380 -0.215001 3.119140
v -0.482278 -0.052401 -3.676360
v -0.407540 0.094282 -3.676360
v 0.018150 -0.214999 -3.676360
v -0.291132 0.210691 -3.676360
v -0.144449 0.285429 -3.676360
v 0.018150 0.311182 -3.676360
v 0.180749 0.285429 -3.676360
v 0.327432 0.210690 -3.676360
v 0.443839 0.094282 -3.676360
v 0.518578 -0.052401 -3.676360
v 0.544331 -0.214999 -3.676360
v 0.518578 -0.377598 -3.676360
v 0.443839 -0.524281 -3.676360
v 0.327431 -0.640688 -3.676360
v 0.180749 -0.715427 -3.676360
v 0.018150 -0.741180 -3.676360
v -0.144449 -0.715427 -3.676360
v -0.291131 -0.640688 -3.676360
v -0.407539 -0.524280 -3.676360
v -0.482278 -0.377598 -3.676360
v -0.508031 -0.214999 -3.676360
v -0.435329 0.114472 0.941214
v -0.435329 0.114472 -0.134239
v -0.514946 -0.041786 -0.134239
v -0.514946 -0.041786 0.941214
v -0.542380 -0.215000 -0.134239
v -0.542380 -0.215000 0.941214
v -0.514946 -0.388213 -0.134239
v -0.514946 -0.388213 0.941214
v -0.435329 -0.544471 -0.134239
v -0.435329 -0.544471 0.941214
v -0.311321 -0.668479 -0.134239
v -0.311321 -0.668479 0.941214
v -0.155063 -0.748096 -0.134239
v -0.155063 -0.748096 0.941214
v 0.018150 -0.775530 -0.134239
v 0.018150 -0.775530 0.941214
v 0.018150 -0.775530 0.941214
v 0.018150 -0.775530 -0.134239
v 0.191363 -0.748096 -0.134239
v 0.191363 -0.748096 0.941214
v 0.347622 -0.668479 -0.134239
v 0.347622 -0.668479 0.941214
v 0.471629 -0.544472 -0.134239
v 0.471629 -0.544472 0.941214
v 0.551246 -0.388213 -0.134239
v 0.551246 -0.388213 0.941214
v 0.578680 -0.215000 -0.134239
v 0.578680 -0.215000 0.941214
v 0.551246 -0.041787 -0.134239
v 0.551246 -0.041787 0.941214
v 0.471629 0.114472 -0.134239
v 0.471629 0.114472 0.941214
v 0.347622 0.238479 -0.134239
v 0.347622 0.238479 0.941214
v 0.191363 0.318096 -0.134239
v 0.191363 0.318096 0.941214
v 0.018150 0.345531 -0.134239
v 0.018150 0.345531 0.941214
v -0.155063 0.318096 -0.134239
v -0.155063 0.318096 0.941214
v -0.311322 0.238479 -0.134239
v -0.311322 0.238479 0.941214
v -0.542380 -0.215000 1.847300
v -0.542380 -0.215000 0.941214
v -0.514946 -0.388213 0.941214
v -0.514946 -0.388213 1.847300
v -0.435329 -0.544471 0.941214
v -0.435329 -0.544471 1.847300
v -0.311321 -0.668479 0.941214
v -0.311321 -0.668479 1.847300
v -0.155063 -0.748096 0.941214
v -0.155063 -0.748096 1.847300
v 0.018150 -0.775530 0.941214
v 0.018150 -0.775530 1.847300
v 0.018150 -0.775530 1.847300
v 0.018150 -0.775530 0.941214
v 0.191363 -0.748096 0.941214
v 0.191363 -0.748096 1.847300
v -0.514946 -0.041786 0.941214
v -0.449150 -0.063165 0.941214
v -0.379359 0.073807 0.941214
v -0.435329 0.114472 0.941214
v -0.542380 -0.215000 0.941214
v -0.473850 -0.215000 0.941214
v 0.347622 -0.668479 0.941214
v 0.306957 -0.612509 0.941214
v 0.170187 -0.682920 0.941214
v 0.191363 -0.748096 0.941214
v 0.471629 -0.544472 0.941214
v 0.415659 -0.503807 0.941214
v 0.551246 -0.388213 0.941214
v 0.485450 -0.366835 0.941214
v 0.578680 -0.215000 0.941214
v 0.509498 -0.215000 0.941214
v 0.551246 -0.041787 0.941214
v 0.485450 -0.063165 0.941214
v 0.471629 0.114472 0.941214
v 0.415659 0.073807 0.941214
v 0.347622 0.238479 0.941214
v 0.306957 0.182509 0.941214
v 0.191363 0.318096 0.941214
v 0.169985 0.252300 0.941214
v 0.018150 0.345531 0.941214
v 0.018150 0.276348 0.941214
v -0.155063 0.318096 0.941214
v -0.133685 0.252300 0.941214
v -0.311322 0.238479 0.941214
v -0.270657 0.182509 0.941214
v -0.435329 0.114472 1.847300
v -0.379359 0.073807 1.847300
v -0.449150 -0.063165 1.847300
v -0.514946 -0.041786 1.847300
v -0.542380 -0.215000 1.847300
v -0.473850 -0.215000 1.847300
v -0.542380 -0.215000 0.941214
v -0.542380 -0.215000 1.847300
v 0.191363 -0.748096 0.941214
v 0.170187 -0.682920 0.941214
v 0.170187 -0.682920 1.847300
v 0.191363 -0.748096 1.847300
v 0.191363 -0.748096 1.847300
v 0.170187 -0.682920 1.847300
v 0.306957 -0.612509 1.847300
v 0.347622 -0.668479 1.847300
v 0.415659 -0.503807 1.847300
v 0.471629 -0.544472 1.847300
v 0.485450 -0.366835 1.847300
v 0.551246 -0.388213 1.847300
v 0.509498 -0.215000 1.847300
v 0.578680 -0.215000 1.847300
v 0.485450 -0.063165 1.847300
v 0.551246 -0.041787 1.847300
v 0.415659 0.073807 1.847300
v 0.471629 0.114472 1.847300
v 0.306957 0.182509 1.847300
v 0.347622 0.238479 1.847300
v 0.169985 0.252300 1.847300
v 0.191363 0.318096 1.847300
v 0.018150 0.276348 1.847300
v 0.018150 0.345531 1.847300
v -0.133685 0.252300 1.847300
v -0.155063 0.318096 1.847300
v -0.270657 0.182509 1.847300
v -0.311322 0.238479 1.847300
v -0.450391 -0.367238 0.941214
v -0.450391 -0.367238 1.847300
v -0.380415 -0.504574 0.941214
v -0.380415 -0.504574 1.847300
v -0.271424 -0.613565 0.941214
v -0.271424 -0.613565 1.847300
v -0.134088 -0.683541 0.941214
v -0.134088 -0.683541 1.847300
v 0.018150 -0.707653 0.941214
v 0.018150 -0.707653 1.847300
v 0.017824 -0.215652 0.941214
v 0.017824 -0.215652 1.847300
v -0.319440 0.030273 -2.825220
v -0.527372 0.181346 -3.821880
v -0.623149 -0.006629 -3.821880
v -0.378711 -0.086052 -2.825220
v -0.656152 -0.214999 -3.821880
v -0.399134 -0.215000 -2.825220
v -0.623149 -0.423370 -3.821880
v -0.378710 -0.343948 -2.825220
v -0.527371 -0.611344 -3.821880
v -0.319440 -0.460273 -2.825220
v -0.378195 -0.760521 -3.821880
v -0.227123 -0.552590 -2.825220
v -0.190221 -0.856298 -3.821880
v -0.110798 -0.611860 -2.825220
v 0.018150 -0.889301 -3.821880
v 0.018150 -0.632284 -2.825220
v 0.018150 -0.632284 -2.825220
v 0.018150 -0.889301 -3.821880
v 0.226521 -0.856298 -3.821880
v 0.147098 -0.611860 -2.825220
v 0.414495 -0.760521 -3.821880
v 0.263423 -0.552590 -2.825220
v 0.563672 -0.611344 -3.821880
v 0.355740 -0.460273 -2.825220
v 0.659449 -0.423370 -3.821880
v 0.415011 -0.343948 -2.825220
v 0.692452 -0.214999 -3.821880
v 0.435434 -0.215000 -2.825220
v 0.659449 -0.006629 -3.821880
v 0.415011 -0.086052 -2.825220
v 0.563672 0.181346 -3.821880
v 0.355740 0.030273 -2.825220
v 0.414495 0.330523 -3.821880
v 0.263423 0.122590 -2.825220
v 0.226521 0.426300 -3.821880
v 0.147098 0.181861 -2.825220
v 0.018150 0.459303 -3.821880
v 0.018150 0.202284 -2.825220
v -0.190221 0.426300 -3.821880
v -0.110798 0.181861 -2.825220
v -0.378195 0.330523 -3.821880
v -0.227123 0.122590 -2.825220
v -0.664494 0.280971 -3.819050
v -0.675597 0.289038 -3.889210
v -0.797398 0.049988 -3.889210
v -0.784346 0.045747 -3.819050
v -0.839368 -0.214999 -3.889210
v -0.825644 -0.214999 -3.819050
v -0.797398 -0.479987 -3.889210
v -0.784345 -0.475745 -3.819050
v -0.675596 -0.719035 -3.889210
v -0.664493 -0.710968 -3.819050
v -0.485886 -0.908746 -3.889210
v -0.477819 -0.897643 -3.819050
v -0.246838 -1.030549 -3.889210
v -0.242597 -1.017499 -3.819050
v 0.018150 -1.072519 -3.889210
v 0.018150 -1.058789 -3.819050
v 0.018150 -1.058789 -3.819050
v 0.018150 -1.072519 -3.889210
v 0.283138 -1.030549 -3.889210
v 0.278897 -1.017499 -3.819050
v 0.522186 -0.908746 -3.889210
v 0.514120 -0.897643 -3.819050
v 0.711896 -0.719036 -3.889210
v 0.700794 -0.710969 -3.819050
v 0.833698 -0.479987 -3.889210
v 0.820645 -0.475746 -3.819050
v 0.875668 -0.214999 -3.889210
v 0.861944 -0.214999 -3.819050
v 0.833698 0.049988 -3.889210
v 0.820645 0.045747 -3.819050
v 0.711897 0.289038 -3.889210
v 0.700794 0.280971 -3.819050
v 0.522186 0.478747 -3.889210
v 0.514120 0.467645 -3.819050
v 0.283138 0.600549 -3.889210
v 0.278897 0.587497 -3.819050
v 0.018150 0.642519 -3.889210
v 0.018150 0.628795 -3.819050
v -0.246838 0.600549 -3.889210
v -0.242597 0.587497 -3.819050
v -0.485887 0.478748 -3.889210
v -0.477820 0.467645 -3.819050
v -0.527372 0.181346 -3.821880
v -0.623149 -0.006629 -3.821880
v -0.634582 -0.002914 -3.892040
v -0.797398 0.049988 -3.889210
v -0.675597 0.289038 -3.889210
v -0.537097 0.188412 -3.892040
v -0.656152 -0.214999 -3.821880
v -0.668173 -0.214999 -3.892040
v -0.839368 -0.214999 -3.889210
v -0.623149 -0.423370 -3.821880
v -0.634582 -0.427085 -3.892040
v -0.797398 -0.479987 -3.889210
v -0.527371 -0.611344 -3.821880
v -0.537097 -0.618410 -3.892040
v -0.675596 -0.719035 -3.889210
v -0.378195 -0.760521 -3.821880
v -0.385261 -0.770246 -3.892040
v -0.485886 -0.908746 -3.889210
v -0.190221 -0.856298 -3.821880
v -0.193936 -0.867731 -3.892040
v -0.246838 -1.030549 -3.889210
v 0.018150 -0.889301 -3.821880
v 0.018150 -0.901322 -3.892040
v 0.018150 -1.072519 -3.889210
v 0.018150 -0.889301 -3.821880
v 0.226521 -0.856298 -3.821880
v 0.230236 -0.867731 -3.892040
v 0.283138 -1.030549 -3.889210
v 0.414495 -0.760521 -3.821880
v 0.421561 -0.770246 -3.892040
v 0.522186 -0.908746 -3.889210
v 0.563672 -0.611344 -3.821880
v 0.573397 -0.618410 -3.892040
v 0.711896 -0.719036 -3.889210
v 0.659449 -0.423370 -3.821880
v 0.670882 -0.427085 -3.892040
v 0.833698 -0.479987 -3.889210
v 0.692452 -0.214999 -3.821880
v 0.704473 -0.214999 -3.892040
v 0.875668 -0.214999 -3.889210
v 0.659449 -0.006629 -3.821880
v 0.670882 -0.002914 -3.892040
v 0.833698 0.049988 -3.889210
v 0.563672 0.181346 -3.821880
v 0.573397 0.188412 -3.892040
v 0.711897 0.289038 -3.889210
v 0.414495 0.330523 -3.821880
v 0.421561 0.340248 -3.892040
v 0.522186 0.478747 -3.889210
v 0.226521 0.426300 -3.821880
v 0.230236 0.437733 -3.892040
v 0.283138 0.600549 -3.889210
v 0.018150 0.459303 -3.821880
v 0.018150 0.471324 -3.892040
v 0.018150 0.642519 -3.889210
v -0.190221 0.426300 -3.821880
v -0.193936 0.437733 -3.892040
v -0.246838 0.600549 -3.889210
v -0.378195 0.330523 -3.821880
v -0.385261 0.340248 -3.892040
v -0.485887 0.478748 -3.889210
v -0.378711 -0.086052 -0.260327
v -0.399134 -0.215000 -0.260327
v -0.378710 -0.343948 -0.260327
v -0.319440 -0.460273 -0.260327
v -0.227123 -0.552590 -0.260327
v -0.110798 -0.611860 -0.260327
v 0.018150 -0.632284 -0.260327
v 0.018150 -0.632284 -0.260327
v 0.147098 -0.611860 -0.260327
v 0.263423 -0.552590 -0.260327
v 0.355740 -0.460273 -0.260327
v 0.415011 -0.343948 -0.260327
v 0.435434 -0.215000 -0.260327
v 0.415011 -0.086052 -0.260327
v 0.355740 0.030273 -0.260327
v 0.263423 0.122590 -0.260327
v 0.147098 0.181861 -0.260327
v 0.018150 0.202284 -0.260327
v -0.110798 0.181861 -0.260327
v -0.227123 0.122590 -0.260327
v -0.319440 0.030273 -0.260327
v -0.378711 -0.086052 -0.260327
v -0.399134 -0.215000 -0.260327
v -0.378710 -0.343948 -0.260327
v -0.319440 -0.460273 -0.260327
v -0.227123 -0.552590 -0.260327
v -0.110798 -0.611860 -0.260327
v 0.018150 -0.632284 -0.260327
v 0.018150 -0.632284 -0.260327
v 0.147098 -0.611860 -0.260327
v 0.263423 -0.552590 -0.260327
v 0.355740 -0.460273 -0.260327
v 0.415011 -0.343948 -0.260327
v 0.435434 -0.215000 -0.260327
v 0.415011 -0.086052 -0.260327
v 0.355740 0.030273 -0.260327
v 0.263423 0.122590 -0.260327
v 0.147098 0.181861 -0.260327
v 0.018150 0.202284 -0.260327
v -0.110798 0.181861 -0.260327
v -0.227123 0.122590 -0.260327
v -0.319440 0.030273 -0.260327
v -0.038000 0.275476 1.857140
v -0.038000 0.275476 0.931372
v -0.186818 0.234119 0.931372
v -0.186818 0.234119 1.857140
v -0.315571 0.148799 0.931372
v -0.315571 0.148799 1.857140
v -0.411658 0.027868 0.931372
v -0.411658 0.027868 1.857140
v -0.465672 -0.116837 0.931372
v -0.465672 -0.116837 1.857140
v -0.472326 -0.271150 0.931372
v -0.472326 -0.271150 1.857140
v -0.430969 -0.419968 0.931372
v -0.430969 -0.419968 1.857140
v -0.038000 0.275476 1.857140
v -0.031136 0.215511 1.857140
v -0.031136 0.215511 0.931372
v -0.038000 0.275476 0.931372
v -0.430969 -0.419968 0.931372
v -0.376060 -0.394909 0.931372
v -0.376060 -0.394909 1.857140
v -0.430969 -0.419968 1.857140
v -0.161997 0.179733 0.931372
v -0.161997 0.179733 1.857140
v -0.275160 0.104745 0.931372
v -0.275160 0.104745 1.857140
v -0.359611 -0.001542 0.931372
v -0.359611 -0.001542 1.857140
v -0.407084 -0.128724 0.931372
v -0.407084 -0.128724 1.857140
v -0.412932 -0.264351 0.931372
v -0.412932 -0.264351 1.857140
v -0.057361 -1.207950 2.007930
v -0.083624 -0.725927 2.007930
v 0.119924 -0.725927 2.007930
v 0.093661 -1.207950 2.007930
v -0.083624 -0.725927 3.090480
v -0.057361 -1.207950 2.912410
v 0.093661 -1.207950 2.912410
v 0.119924 -0.725927 3.090480
v -0.057361 -1.207950 2.584360
v 0.093661 -1.207950 2.584360
v -0.057361 -1.207950 2.912410
v -0.083624 -0.725927 3.090480
v -0.083624 -0.725927 2.689420
v -0.057361 -1.207950 2.584360
v 0.093661 -1.207950 2.912410
v 0.093661 -1.207950 2.584360
v 0.119924 -0.725927 2.689420
v 0.119924 -0.725927 3.090480
v -0.131388 -1.207950 2.584360
v -0.183398 -0.725927 2.689420
v -0.183398 -0.725927 2.612360
v -0.131388 -1.207950 2.519190
v -0.057361 -1.762751 2.724260
v -0.057361 -1.838570 2.684480
v 0.093661 -1.838570 2.684480
v 0.093661 -1.762751 2.724260
v 0.167688 -1.207950 2.584360
v 0.167688 -1.207950 2.519190
v 0.219698 -0.725927 2.612360
v 0.219698 -0.725927 2.689420
v -0.057361 -1.279251 2.584360
v 0.093661 -1.279251 2.584360
v -0.057361 -1.207950 2.519190
v -0.057361 -1.279250 2.519190
v -0.057361 -1.279251 2.584360
v -0.057361 -1.207950 2.584360
v 0.093661 -1.279250 2.007930
v -0.057361 -1.279250 2.007930
v 0.093661 -1.207950 2.584360
v 0.093661 -1.279251 2.584360
v 0.093661 -1.279250 2.519190
v 0.093661 -1.207950 2.519190
v -0.137716 -1.327030 2.496220
v -0.137716 -1.802450 2.636720
v -0.137716 -1.738001 2.670540
v -0.137716 -1.327030 2.551620
v 0.174016 -1.327030 2.496220
v 0.174016 -1.327030 2.551620
v 0.174016 -1.738001 2.670540
v 0.174016 -1.802450 2.636720
v 0.093661 -1.875870 2.138780
v -0.057361 -1.875870 2.138780
v -0.183398 -0.725927 2.689420
v -0.131388 -1.207950 2.584360
v -0.131388 -1.207950 2.007930
v -0.183398 -0.725927 2.007930
v 0.119924 -0.725927 2.689420
v 0.093661 -1.207950 2.584360
v 0.167688 -1.207950 2.584360
v 0.219698 -0.725927 2.689420
v 0.219698 -0.725927 2.007930
v 0.167688 -1.207950 2.007930
v -0.057361 -1.279250 2.519190
v -0.057361 -1.279251 2.584360
v -0.057361 -1.875870 2.138780
v -0.137716 -1.834150 2.172880
v -0.137716 -1.327030 2.061650
v -0.057361 -1.279250 2.007930
v -0.057361 -1.762751 2.724260
v -0.057361 -1.838570 2.684480
v 0.093661 -1.279250 2.519190
v 0.093661 -1.279251 2.584360
v 0.093661 -1.762751 2.724260
v 0.093661 -1.838570 2.684480
v 0.093661 -1.875870 2.138780
v 0.093661 -1.279250 2.007930
v 0.174016 -1.327030 2.061650
v 0.174016 -1.834150 2.172880
v -0.131388 -1.207950 2.070300
v -0.183398 -0.725927 2.081670
v -0.183398 -0.725927 2.007930
v -0.131388 -1.207950 2.007930
v -0.057361 -1.207950 2.070300
v -0.057361 -1.207950 2.007930
v -0.057361 -1.279250 2.007930
v -0.057361 -1.279250 2.070300
v -0.057361 -1.279250 2.070300
v -0.137716 -1.327030 2.114670
v -0.137716 -1.868480 2.234450
v -0.057361 -1.916260 2.211220
v -0.057361 -1.916260 2.211220
v 0.093661 -1.916260 2.211220
v 0.093661 -1.916260 2.211220
v 0.174016 -1.868480 2.234450
v 0.174016 -1.327030 2.114670
v 0.093661 -1.279250 2.070300
v 0.093661 -1.207950 2.070300
v 0.093661 -1.279250 2.070300
v 0.093661 -1.279250 2.007930
v 0.093661 -1.207950 2.007930
v 0.167688 -1.207950 2.007930
v 0.167688 -1.207950 2.070300
v 0.219698 -0.725927 2.007930
v 0.219698 -0.725927 2.081670
v -0.417205 -0.215001 3.664870
v -0.381850 -0.215001 3.678610
v -0.264693 0.067843 3.643410
v -0.289693 0.092843 3.629670
v -0.346495 -0.215001 3.664870
v -0.239693 0.042843 3.629670
v -0.331850 -0.215001 3.631680
v -0.229337 0.032487 3.596480
v -0.346495 -0.215001 3.598500
v -0.239693 0.042843 3.563300
v -0.381850 -0.215001 3.584750
v -0.264693 0.067843 3.549550
v -0.417205 -0.215001 3.598500
v -0.289693 0.092843 3.563300
v -0.431850 -0.215001 3.631680
v -0.300048 0.103197 3.596480
v -0.300048 0.103197 3.596480
v 0.300993 0.067843 3.573020
v 0.325993 0.092843 3.559270
v 0.275993 0.042843 3.559270
v 0.265637 0.032487 3.526080
v 0.275993 0.042843 3.492900
v 0.300993 0.067843 3.479150
v 0.325993 0.092843 3.492900
v 0.336348 0.103197 3.526080
v 0.336348 0.103197 3.526080
v 0.300993 -0.497844 3.502620
v 0.325993 -0.522844 3.488870
v 0.275993 -0.472844 3.488870
v 0.265637 -0.462488 3.455690
v 0.275993 -0.472844 3.422500
v 0.300993 -0.497844 3.408750
v 0.325993 -0.522844 3.422500
v 0.336348 -0.533199 3.455690
v 0.336348 -0.533199 3.455690
v -0.264693 -0.497844 3.432220
v -0.289693 -0.522844 3.418470
v -0.239693 -0.472844 3.418470
v -0.229337 -0.462488 3.385290
v -0.239693 -0.472844 3.352100
v -0.264693 -0.497844 3.338350
v -0.289693 -0.522844 3.352100
v -0.300048 -0.533199 3.385290
v -0.300048 -0.533199 3.385290
v -0.264693 0.067843 3.361820
v -0.289693 0.092843 3.348070
v -0.239693 0.042843 3.348070
v -0.229338 0.032487 3.314890
v -0.239693 0.042843 3.281700
v -0.264693 0.067843 3.267950
v -0.289693 0.092843 3.281700
v -0.300048 0.103197 3.314890
v -0.300048 0.103197 3.314890
v 0.300993 0.067843 3.291420
v 0.325993 0.092843 3.277680
v 0.275993 0.042843 3.277680
v 0.265637 0.032487 3.244490
v 0.275993 0.042843 3.211300
v 0.300993 0.067843 3.197560
v 0.325993 0.092843 3.211300
v 0.336348 0.103197 3.244490
v 0.336348 0.103197 3.244490
v 0.300993 -0.497844 3.221020
v 0.325993 -0.522844 3.207280
v 0.275993 -0.472844 3.207280
v 0.265637 -0.462488 3.174090
v 0.275993 -0.472843 3.140900
v 0.300993 -0.497844 3.127160
v 0.325993 -0.522844 3.140900
v 0.336348 -0.533199 3.174090
v 0.336348 -0.533199 3.174090
v -0.264693 -0.497843 3.150620
v -0.289693 -0.522843 3.136880
v -0.239693 -0.472843 3.136880
v -0.229338 -0.462488 3.103690
v -0.239693 -0.472843 3.070510
v -0.264693 -0.497843 3.056760
v -0.289693 -0.522842 3.070510
v -0.300048 -0.533198 3.103690
v -0.300048 -0.533198 3.103690
v -0.381850 -0.215000 3.115420
v -0.417205 -0.215000 3.101680
v -0.346495 -0.215001 3.101680
v -0.331850 -0.215001 3.068490
v -0.346495 -0.215000 3.035310
v -0.381850 -0.214999 3.021560
v -0.417205 -0.214999 3.035310
v -0.431850 -0.215000 3.068490
v 0.018150 -0.003051 3.868090
v 0.018150 0.176630 3.799900
v -0.258775 0.061925 3.799900
v -0.131721 -0.065129 3.868090
v 0.168021 -0.065129 3.868090
v 0.295075 0.061925 3.799900
v 0.230099 -0.215001 3.868090
v 0.409781 -0.215001 3.799900
v 0.168021 -0.364872 3.868090
v 0.295075 -0.491926 3.799900
v 0.018150 -0.426950 3.868090
v 0.018150 -0.606632 3.799900
v -0.131721 -0.364872 3.868090
v -0.258775 -0.491926 3.799900
v -0.193799 -0.215001 3.868090
v -0.373481 -0.215001 3.799900
v 0.018150 0.296690 3.697840
v -0.343670 0.146819 3.697840
v 0.379970 0.146819 3.697840
v 0.529841 -0.215001 3.697840
v 0.379970 -0.576821 3.697840
v 0.018150 -0.726692 3.697840
v -0.343670 -0.576821 3.697840
v -0.493541 -0.215001 3.697840
v 0.018150 0.338849 3.577460
v -0.373481 0.176630 3.577460
v 0.409781 0.176630 3.577460
v 0.572000 -0.215001 3.577460
v 0.409781 -0.606632 3.577460
v 0.018150 -0.768851 3.577460
v -0.373481 -0.606632 3.577460
v -0.535700 -0.215001 3.577460
v 0.018150 -0.215001 3.892040
v -0.373481 0.176630 3.577460
v 0.018150 0.338849 3.577460
v 0.018150 -0.215001 3.577460
v 0.409781 0.176630 3.577460
v 0.572000 -0.215001 3.577460
v 0.409781 -0.606632 3.577460
v 0.018150 -0.768851 3.577460
v -0.373481 -0.606632 3.577460
v -0.535700 -0.215001 3.577460
v 1.127790 0.934152 1.862350
v 0.912993 0.965923 1.862350
v 0.894573 0.928837 1.775970
v 1.134690 0.893320 1.775970
v 0.757902 1.117890 1.862350
v 0.721200 1.098710 1.775970
v 0.721735 1.331990 1.862350
v 0.680772 1.338050 1.775970
v 0.818332 1.526460 1.862350
v 0.788751 1.555430 1.775970
v 1.010780 1.627000 1.862350
v 1.003890 1.667840 1.775970
v 1.225580 1.595230 1.862350
v 1.244000 1.632320 1.775970
v 1.380680 1.443270 1.862350
v 1.417380 1.462450 1.775970
v 1.380680 1.443270 1.862350
v 1.416840 1.229170 1.862350
v 1.457800 1.223110 1.775970
v 1.417380 1.462450 1.775970
v 1.320240 1.034700 1.862350
v 1.349820 1.005720 1.775970
v 0.912993 0.965923 1.862350
v 1.127790 0.934152 1.862350
v 1.069290 1.280580 1.815030
v 0.757902 1.117890 1.862350
v 0.721735 1.331990 1.862350
v 0.818332 1.526460 1.862350
v 1.010780 1.627000 1.862350
v 1.225580 1.595230 1.862350
v 1.380680 1.443270 1.862350
v 1.416840 1.229170 1.862350
v 1.320240 1.034700 1.862350
v 1.069290 1.280580 0.912121
v 1.133840 0.898299 0.912121
v 0.896824 0.933362 0.912121
v 0.725676 1.101050 0.912121
v 0.685773 1.337310 0.912121
v 0.792356 1.551900 0.912121
v 1.004730 1.662860 0.912121
v 1.241750 1.627790 0.912121
v 1.412910 1.460110 0.912121
v 1.452800 1.223850 0.912121
v 1.346220 1.009260 0.912121
v 1.133840 0.898299 0.912121
v 1.133840 0.898299 1.075650
v 0.896824 0.933362 1.075650
v 0.896824 0.933362 0.912121
v 1.346220 1.009260 0.912121
v 1.346220 1.009260 1.075650
v 1.452800 1.223850 0.912121
v 1.452800 1.223850 1.075650
v 1.412910 1.460110 0.912121
v 1.412910 1.460110 1.075650
v 1.241750 1.627790 0.912121
v 1.241750 1.627790 1.075650
v 1.412910 1.460110 1.075650
v 1.412910 1.460110 0.912121
v 1.004730 1.662860 0.912121
v 1.004730 1.662860 1.075650
v 0.792356 1.551900 0.912121
v 0.792356 1.551900 1.075650
v 0.685773 1.337310 0.912121
v 0.685773 1.337310 1.075650
v 0.725676 1.101050 0.912121
v 0.725676 1.101050 1.075650
v 1.133840 0.898299 1.123870
v 0.896824 0.933362 1.123870
v 0.914255 0.968453 1.074450
v 1.127320 0.936934 1.074450
v 1.318230 1.036680 1.074450
v 1.346220 1.009260 1.123870
v 1.414050 1.229580 1.074450
v 1.452800 1.223850 1.123870
v 1.378180 1.441960 1.074450
v 1.412910 1.460110 1.123870
v 1.224330 1.592710 1.074450
v 1.241750 1.627790 1.123870
v 1.412910 1.460110 1.123870
v 1.378180 1.441960 1.074450
v 1.011250 1.624220 1.074450
v 1.004730 1.662860 1.123870
v 0.820349 1.524470 1.074450
v 0.792356 1.551900 1.123870
v 0.724533 1.331580 1.074450
v 0.685773 1.337310 1.123870
v 0.760401 1.119190 1.074450
v 0.725676 1.101050 1.123870
v 1.133840 0.898299 1.075650
v 1.127320 0.936934 1.074450
v 0.914255 0.968453 1.074450
v 0.896824 0.933362 1.075650
v 1.346220 1.009260 1.075650
v 1.318230 1.036680 1.074450
v 1.452800 1.223850 1.075650
v 1.414050 1.229580 1.074450
v 1.412910 1.460110 1.075650
v 1.378180 1.441960 1.074450
v 1.241750 1.627790 1.075650
v 1.224330 1.592710 1.074450
v 1.004730 1.662860 1.075650
v 1.011250 1.624220 1.074450
v 0.792356 1.551900 1.075650
v 0.820349 1.524470 1.074450
v 0.685773 1.337310 1.075650
v 0.724533 1.331580 1.074450
v 0.725676 1.101050 1.075650
v 0.760401 1.119190 1.074450
v 0.648325 1.490850 0.923776
v 0.678649 1.490650 0.936337
v 0.678635 1.916260 0.936337
v 0.648310 1.916260 0.923776
v 0.640048 0.516119 0.923776
v 0.669722 0.509871 0.936337
v 0.583870 0.347494 0.923776
v 0.491087 0.236829 0.923776
v 0.510834 0.213814 0.936337
v 0.611989 0.337146 0.936337
v 0.092320 0.096845 0.923776
v 0.094144 0.066575 0.936337
v 0.345903 0.115219 0.936337
v 0.338023 0.143939 0.923776
v 0.708973 1.490450 0.923776
v 0.708960 1.916260 0.923776
v 0.699397 0.503623 0.923776
v 0.530580 0.190799 0.923776
v 0.640109 0.326798 0.923776
v 0.095968 0.036304 0.923776
v 0.353783 0.086499 0.923776
v 0.721534 1.490360 0.893451
v 0.721521 1.916260 0.893451
v 0.711688 0.501035 0.893451
v 0.538759 0.181266 0.893451
v 0.651757 0.322512 0.893451
v 0.096724 0.023766 0.893451
v 0.357047 0.074602 0.893451
v 0.721534 1.490360 0.893451
v 0.708973 1.490450 0.863126
v 0.708960 1.916260 0.863126
v 0.721521 1.916260 0.893451
v 0.711688 0.501035 0.893451
v 0.699397 0.503623 0.863126
v 0.538759 0.181266 0.893451
v 0.530580 0.190799 0.863126
v 0.640109 0.326798 0.863126
v 0.651757 0.322512 0.893451
v 0.096724 0.023766 0.893451
v 0.095968 0.036304 0.863126
v 0.353783 0.086499 0.863126
v 0.357047 0.074602 0.893451
v 0.678649 1.490650 0.850565
v 0.678635 1.916260 0.850565
v 0.669722 0.509871 0.850565
v 0.510834 0.213814 0.850565
v 0.611989 0.337146 0.850565
v 0.094144 0.066575 0.850565
v 0.345903 0.115219 0.850565
v 0.648325 1.490850 0.863126
v 0.648310 1.916260 0.863126
v 0.640048 0.516119 0.863126
v 0.583870 0.347494 0.863126
v 0.491087 0.236829 0.863126
v 0.092320 0.096845 0.863126
v 0.338023 0.143939 0.863126
v 0.635764 1.490940 0.893451
v 0.635749 1.916260 0.893451
v 0.627756 0.518707 0.893451
v 0.482908 0.246362 0.893451
v 0.572222 0.351780 0.893451
v 0.091565 0.109383 0.893451
v 0.334759 0.155836 0.893451
v 0.678635 1.916260 0.936337
v 0.678635 1.916260 0.893451
v 0.708960 1.916260 0.923776
v 0.721521 1.916260 0.893451
v 0.708960 1.916260 0.863126
v 0.678635 1.916260 0.850565
v 1.439030 0.960750 1.918280
v 1.469350 0.960550 1.930840
v 1.469340 1.916260 1.930840
v 1.439010 1.916260 1.918280
v 1.430750 0.270781 1.918280
v 1.460420 0.264533 1.930840
v 1.293670 -0.112004 1.918280
v 1.320020 -0.127005 1.930840
v 1.408330 0.072081 1.930840
v 1.380210 0.082429 1.918280
v 1.001870 -0.472973 1.918280
v 1.020770 -0.496692 1.930840
v 1.198800 -0.312160 1.930840
v 1.175840 -0.293190 1.918280
v 0.785880 -0.601310 1.918280
v 0.512566 -0.684800 1.918280
v 0.519129 -0.714407 1.930840
v 0.798820 -0.627872 1.930840
v 0.158378 -0.696873 1.918280
v 0.134528 -0.721653 1.930840
v 1.499680 0.960350 1.918280
v 1.499660 1.916260 1.918280
v 1.490100 0.258285 1.918280
v 1.346380 -0.142006 1.918280
v 1.436450 0.061733 1.918280
v 1.039660 -0.520412 1.918280
v 1.221760 -0.331130 1.918280
v 0.525692 -0.744013 1.918280
v 0.811760 -0.654434 1.918280
v 0.110678 -0.746432 1.918280
v 1.512240 0.960260 1.887950
v 1.512220 1.916260 1.887950
v 1.502390 0.255697 1.887950
v 1.357290 -0.148219 1.887950
v 1.448090 0.057447 1.887950
v 1.047490 -0.530237 1.887950
v 1.231270 -0.338987 1.887950
v 0.528410 -0.756277 1.887950
v 0.817120 -0.665437 1.887950
v 0.100799 -0.756697 1.887950
v 1.499680 0.960350 1.857630
v 1.499660 1.916260 1.857630
v 1.490100 0.258285 1.857630
v 1.346380 -0.142006 1.857630
v 1.436450 0.061733 1.857630
v 1.039660 -0.520412 1.857630
v 1.221760 -0.331130 1.857630
v 0.525692 -0.744013 1.857630
v 0.811760 -0.654434 1.857630
v 0.110678 -0.746433 1.857630
v 1.469350 0.960550 1.845070
v 1.469340 1.916260 1.845070
v 1.460420 0.264533 1.845070
v 1.320020 -0.127005 1.845070
v 1.408330 0.072081 1.845070
v 1.020770 -0.496692 1.845070
v 1.198800 -0.312160 1.845070
v 0.519129 -0.714407 1.845070
v 0.798820 -0.627872 1.845070
v 0.134528 -0.721653 1.845070
v 1.439030 0.960750 1.857630
v 1.439010 1.916260 1.857630
v 1.430750 0.270781 1.857630
v 1.293670 -0.112004 1.857630
v 1.380210 0.082429 1.857630
v 1.001870 -0.472973 1.857630
v 1.175840 -0.293190 1.857630
v 0.785880 -0.601310 1.857630
v 0.512566 -0.684800 1.857630
v 0.158378 -0.696873 1.857630
v 1.426470 0.960840 1.887950
v 1.426450 1.916260 1.887950
v 1.418460 0.273369 1.887950
v 1.282750 -0.105791 1.887950
v 1.368560 0.086715 1.887950
v 0.994048 -0.463148 1.887950
v 1.166340 -0.285332 1.887950
v 0.509848 -0.672537 1.887950
v 0.780520 -0.590308 1.887950
v 0.168257 -0.686609 1.887950
v 1.426470 0.960840 1.887950
v 1.426450 1.916260 1.887950
v 1.418460 0.273369 1.887950
v 1.282750 -0.105791 1.887950
v 1.368560 0.086715 1.887950
v 0.994048 -0.463148 1.887950
v 1.166340 -0.285332 1.887950
v 0.509848 -0.672537 1.887950
v 0.780520 -0.590308 1.887950
v 0.168257 -0.686609 1.887950
v 1.439010 1.916260 1.918280
v 1.469340 1.916260 1.930840
v 1.469340 1.916260 1.887950
v 1.469340 1.916260 1.845070
v 1.439010 1.916260 1.857630
v 1.426450 1.916260 1.887950
v 1.439030 0.960750 0.923776
v 1.469350 0.960550 0.936337
v 1.469340 1.916260 0.936337
v 1.439010 1.916260 0.923776
v 1.430750 0.270781 0.923776
v 1.460420 0.264533 0.936337
v 1.293670 -0.112004 0.923776
v 1.320020 -0.127005 0.936337
v 1.408330 0.072081 0.936337
v 1.380210 0.082429 0.923776
v 1.001870 -0.472973 0.923776
v 1.020770 -0.496692 0.936337
v 1.198800 -0.312160 0.936337
v 1.175840 -0.293190 0.923776
v 0.785880 -0.601310 0.923776
v 0.512566 -0.684800 0.923776
v 0.519129 -0.714407 0.936337
v 0.798820 -0.627872 0.936337
v 0.158378 -0.696873 0.923776
v 0.134528 -0.721653 0.936337
v 1.499680 0.960350 0.923776
v 1.499660 1.916260 0.923776
v 1.490100 0.258285 0.923776
v 1.346380 -0.142006 0.923776
v 1.436450 0.061733 0.923776
v 1.039660 -0.520412 0.923776
v 1.221760 -0.331130 0.923776
v 0.525692 -0.744013 0.923776
v 0.811760 -0.654434 0.923776
v 0.110678 -0.746432 0.923776
v 1.512240 0.960260 0.893451
v 1.512220 1.916260 0.893451
v 1.502390 0.255697 0.893451
v 1.357290 -0.148219 0.893451
v 1.448090 0.057447 0.893451
v 1.047490 -0.530237 0.893451
v 1.231270 -0.338987 0.893451
v 0.528410 -0.756277 0.893451
v 0.817120 -0.665437 0.893451
v 0.100799 -0.756696 0.893451
v 1.499680 0.960350 0.863126
v 1.499660 1.916260 0.863126
v 1.490100 0.258285 0.863126
v 1.346380 -0.142006 0.863126
v 1.436450 0.061733 0.863126
v 1.039660 -0.520412 0.863126
v 1.221760 -0.331130 0.863126
v 0.525692 -0.744013 0.863126
v 0.811760 -0.654434 0.863126
v 0.110678 -0.746432 0.863126
v 1.469350 0.960550 0.850565
v 1.469340 1.916260 0.850565
v 1.460420 0.264533 0.850565
v 1.320020 -0.127005 0.850565
v 1.408330 0.072081 0.850565
v 1.020770 -0.496692 0.850565
v 1.198800 -0.312160 0.850565
v 0.519129 -0.714407 0.850565
v 0.798820 -0.627872 0.850565
v 0.134528 -0.721653 0.850565
v 1.439030 0.960750 0.863126
v 1.439010 1.916260 0.863126
v 1.430750 0.270781 0.863126
v 1.293670 -0.112004 0.863126
v 1.380210 0.082429 0.863126
v 1.001870 -0.472973 0.863126
v 1.175840 -0.293190 0.863126
v 0.785880 -0.601310 0.863126
v 0.512566 -0.684800 0.863126
v 0.158378 -0.696873 0.863126
v 1.426470 0.960840 0.893451
v 1.426450 1.916260 0.893451
v 1.418460 0.273369 0.893451
v 1.282750 -0.105791 0.893451
v 1.368560 0.086715 0.893451
v 0.994048 -0.463148 0.893451
v 1.166340 -0.285332 0.893451
v 0.509848 -0.672537 0.893451
v 0.780520 -0.590308 0.893451
v 0.168257 -0.686609 0.893451
v 1.426470 0.960840 0.893451
v 1.426450 1.916260 0.893451
v 1.418460 0.273369 0.893451
v 1.282750 -0.105791 0.893451
v 1.368560 0.086715 0.893451
v 0.994048 -0.463148 0.893451
v 1.166340 -0.285332 0.893451
v 0.509848 -0.672537 0.893451
v 0.780520 -0.590308 0.893451
v 0.168257 -0.686609 0.893451
v 1.439010 1.916260 0.923776
v 1.469340 1.916260 0.936337
v 1.469340 1.916260 0.893451
v 1.469340 1.916260 0.850565
v 1.439010 1.916260 0.863126
v 1.426450 1.916260 0.893451
v 0.648325 1.490850 1.918280
v 0.678649 1.490650 1.930840
v 0.678635 1.916260 1.930840
v 0.648310 1.916260 1.918280
v 0.640048 0.516119 1.918280
v 0.669722 0.509871 1.930840
v 0.583870 0.347494 1.918280
v 0.491087 0.236829 1.918280
v 0.510834 0.213814 1.930840
v 0.611989 0.337146 1.930840
v 0.092320 0.096845 1.918280
v 0.094144 0.066575 1.930840
v 0.345903 0.115219 1.930840
v 0.338023 0.143939 1.918280
v 0.708973 1.490450 1.918280
v 0.708960 1.916260 1.918280
v 0.699397 0.503623 1.918280
v 0.530580 0.190799 1.918280
v 0.640109 0.326798 1.918280
v 0.095968 0.036304 1.918280
v 0.353783 0.086499 1.918280
v 0.721534 1.490360 1.887950
v 0.721521 1.916260 1.887950
v 0.711688 0.501035 1.887950
v 0.538759 0.181266 1.887950
v 0.651757 0.322512 1.887950
v 0.096724 0.023766 1.887950
v 0.357047 0.074602 1.887950
v 0.721534 1.490360 1.887950
v 0.708973 1.490450 1.857630
v 0.708960 1.916260 1.857630
v 0.721521 1.916260 1.887950
v 0.711688 0.501035 1.887950
v 0.699397 0.503623 1.857630
v 0.538759 0.181266 1.887950
v 0.530580 0.190799 1.857630
v 0.640109 0.326798 1.857630
v 0.651757 0.322512 1.887950
v 0.096724 0.023766 1.887950
v 0.095968 0.036304 1.857630
v 0.353783 0.086499 1.857630
v 0.357047 0.074602 1.887950
v 0.678649 1.490650 1.845070
v 0.678635 1.916260 1.845070
v 0.669722 0.509871 1.845070
v 0.510834 0.213814 1.845070
v 0.611989 0.337146 1.845070
v 0.094144 0.066575 1.845070
v 0.345903 0.115219 1.845070
v 0.648325 1.490850 1.857630
v 0.648310 1.916260 1.857630
v 0.640048 0.516119 1.857630
v 0.583870 0.347494 1.857630
v 0.491087 0.236829 1.857630
v 0.092320 0.096845 1.857630
v 0.338023 0.143939 1.857630
v 0.635764 1.490940 1.887950
v 0.635749 1.916260 1.887950
v 0.627756 0.518707 1.887950
v 0.482908 0.246362 1.887950
v 0.572222 0.351780 1.887950
v 0.091565 0.109383 1.887950
v 0.334759 0.155836 1.887950
v 0.678635 1.916260 1.930840
v 0.678635 1.916260 1.887950
v 0.708960 1.916260 1.918280
v 0.721521 1.916260 1.887950
v 0.708960 1.916260 1.857630
v 0.678635 1.916260 1.845070
vn 0.1190 0.9021 0.4148
vn 0.1190 0.9021 0.4149
vn 0.6265 0.6599 0.4149
vn 0.6265 0.6599 0.4148
vn 0.8947 0.1656 0.4149
vn 0.8212 -0.3919 0.4148
vn 0.8211 -0.3919 0.4149
vn 0.8947 0.1656 0.4148
vn 0.4339 -0.7997 0.4149
vn 0.4340 -0.7997 0.4148
vn 0.4340 -0.7997 0.4149
vn -0.1190 -0.9021 0.4148
vn 0.4340 -0.7998 0.4148
vn -0.1190 -0.9021 0.4149
vn -0.6265 -0.6599 0.4148
vn -0.6265 -0.6598 0.4148
vn -0.6265 -0.6599 0.4149
vn -0.8947 -0.1656 0.4148
vn -0.8947 -0.1656 0.4149
vn -0.8212 0.3919 0.4148
vn -0.8212 0.3919 0.4149
vn 0.1191 0.9021 0.4148
vn 0.1189 0.9021 0.4148
vn -0.0000 -0.0000 1.0000
vn 0.6265 0.6598 0.4148
vn 0.8947 0.1655 0.4148
vn 0.8211 -0.3920 0.4148
vn 0.4339 -0.7998 0.4148
vn -0.1191 -0.9021 0.4148
vn -0.6266 -0.6598 0.4148
vn -0.8947 -0.1655 0.4148
vn -0.8211 0.3920 0.4148
vn -0.0000 -0.0000 -1.0000
vn 0.0001 -0.0000 -1.0000
vn 0.1308 0.9914 -0.0000
vn -0.4769 0.8789 -0.0000
vn -0.0000 0.0001 -1.0000
vn -0.9025 0.4307 -0.0000
vn -0.9833 -0.1820 -0.0000
vn -0.9025 0.4308 -0.0000
vn -0.0001 0.0001 -1.0000
vn -0.6885 -0.7252 -0.0000
vn -0.0001 -0.0000 -1.0000
vn -0.1308 -0.9914 -0.0000
vn 0.4769 -0.8789 -0.0000
vn -0.0000 -0.0001 -1.0000
vn 0.9025 -0.4307 -0.0000
vn 0.9833 0.1820 -0.0000
vn 0.9025 -0.4308 -0.0000
vn 0.0001 -0.0001 -1.0000
vn -0.1426 0.7705 -0.6212
vn 0.3375 0.7072 -0.6213
vn -0.1426 0.7705 -0.6213
vn -0.5682 0.5395 -0.6213
vn -0.5683 0.5396 -0.6213
vn -0.7769 0.1025 -0.6213
vn -0.7769 0.1025 -0.6212
vn -0.5683 0.5395 -0.6213
vn -0.6887 -0.3737 -0.6213
vn -0.6888 -0.3737 -0.6212
vn -0.3375 -0.7072 -0.6213
vn -0.3376 -0.7072 -0.6212
vn -0.6887 -0.3737 -0.6212
vn 0.1426 -0.7705 -0.6213
vn 0.1426 -0.7705 -0.6212
vn -0.3375 -0.7072 -0.6212
vn 0.5682 -0.5396 -0.6213
vn 0.5683 -0.5396 -0.6213
vn 0.7769 -0.1025 -0.6213
vn 0.5683 -0.5395 -0.6213
vn 0.5683 -0.5395 -0.6212
vn 0.7769 -0.1025 -0.6212
vn 0.6887 0.3737 -0.6213
vn 0.6888 0.3737 -0.6212
vn 0.3319 0.7099 -0.6212
vn -0.4769 0.8790 -0.0000
vn -0.1489 0.7694 -0.6212
vn 0.1308 0.9914 -0.0001
vn -0.5727 0.5350 -0.6212
vn -0.4769 0.8790 -0.0001
vn -0.7777 0.0962 -0.6212
vn -0.9024 0.4308 -0.0001
vn -0.6886 -0.7252 -0.0000
vn -0.6857 -0.3793 -0.6212
vn -0.9833 -0.1819 -0.0001
vn -0.3318 -0.7100 -0.6212
vn -0.6886 -0.7252 -0.0001
vn 0.4769 -0.8790 -0.0000
vn 0.1489 -0.7694 -0.6212
vn -0.1308 -0.9914 -0.0001
vn 0.5726 -0.5350 -0.6212
vn 0.4770 -0.8789 -0.0001
vn 0.9833 0.1819 -0.0000
vn 0.6888 0.3737 -0.6213
vn 0.7777 -0.0962 -0.6212
vn 0.9025 -0.4307 -0.0001
vn 0.1307 0.9914 -0.0001
vn 0.3376 0.7072 -0.6213
vn 0.6857 0.3793 -0.6212
vn 0.9833 0.1820 -0.0001
vn -0.1425 0.7705 -0.6213
vn -0.8212 0.3920 0.4148
vn -0.8211 0.3919 0.4148
vn -0.7769 0.1024 -0.6213
vn -0.6888 -0.3737 -0.6213
vn -0.6887 -0.3738 -0.6213
vn -0.3376 -0.7072 -0.6213
vn 0.1425 -0.7705 -0.6213
vn 0.5683 -0.5396 -0.6212
vn 0.4339 -0.7997 0.4148
vn 0.7769 -0.1024 -0.6213
vn 0.6887 0.3738 -0.6213
vn 0.3375 0.7072 -0.6212
vn -0.7361 0.5348 0.4148
vn -0.7361 0.5348 0.4149
vn -0.2812 0.8654 0.4148
vn -0.2812 0.8654 0.4149
vn 0.2812 0.8654 0.4148
vn 0.7361 0.5348 0.4148
vn 0.9099 -0.0000 0.4148
vn 0.9099 -0.0000 0.4149
vn 0.7361 -0.5348 0.4148
vn 0.7361 -0.5348 0.4149
vn 0.2812 -0.8654 0.4148
vn 0.2812 -0.8654 0.4149
vn -0.2812 -0.8654 0.4148
vn -0.2812 -0.8654 0.4149
vn -0.7361 -0.5348 0.4148
vn -0.7361 -0.5348 0.4149
vn -0.7361 0.5349 0.4148
vn -0.7362 0.5348 0.4148
vn -0.2811 0.8654 0.4148
vn 0.7362 0.5348 0.4148
vn 0.2811 0.8654 0.4148
vn 0.9099 -0.0001 0.4148
vn 0.7361 0.5349 0.4148
vn 0.7361 -0.5349 0.4148
vn 0.2811 -0.8654 0.4148
vn 0.7362 -0.5348 0.4148
vn -0.7362 -0.5348 0.4148
vn -0.2811 -0.8654 0.4148
vn -0.7361 -0.5349 0.4148
vn -0.8090 0.5878 -0.0000
vn -1.0000 -0.0000 -0.0000
vn -0.8090 -0.5878 -0.0000
vn -0.3090 -0.9511 -0.0000
vn 0.3090 -0.9511 -0.0000
vn 0.8090 -0.5878 -0.0000
vn 1.0000 -0.0000 -0.0000
vn 0.8090 0.5878 -0.0000
vn 0.3090 0.9511 -0.0000
vn -0.7452 0.2422 -0.6213
vn -0.4606 0.6339 -0.6213
vn -0.7453 0.2422 -0.6212
vn -0.7452 -0.2421 -0.6213
vn -0.7452 0.2421 -0.6213
vn -0.7453 0.2421 -0.6213
vn -0.7453 -0.2421 -0.6212
vn -0.4606 -0.6339 -0.6213
vn -0.7452 -0.2422 -0.6213
vn -0.7453 -0.2422 -0.6212
vn -0.0000 -0.7836 -0.6213
vn -0.4606 -0.6340 -0.6212
vn -0.4606 -0.6340 -0.6213
vn -0.0000 -0.7836 -0.6212
vn 0.4606 -0.6339 -0.6213
vn 0.4606 -0.6340 -0.6213
vn 0.4606 -0.6340 -0.6212
vn 0.7452 -0.2422 -0.6213
vn 0.7453 -0.2422 -0.6212
vn 0.7453 -0.2421 -0.6213
vn 0.7453 0.2421 -0.6213
vn 0.7453 0.2421 -0.6212
vn 0.7452 -0.2421 -0.6213
vn 0.7453 -0.2421 -0.6212
vn 0.4606 0.6339 -0.6213
vn 0.7452 0.2422 -0.6213
vn 0.7452 0.2421 -0.6213
vn -0.0000 0.7836 -0.6213
vn 0.4606 0.6340 -0.6213
vn -0.0000 0.7836 -0.6212
vn -0.4606 0.6340 -0.6213
vn -0.4658 0.6302 -0.6212
vn -0.7453 -0.2421 -0.6213
vn -0.7472 0.2361 -0.6212
vn -0.8090 0.5878 -0.0001
vn -0.7433 -0.2482 -0.6212
vn -1.0000 0.0001 -0.0001
vn -0.3090 -0.9510 -0.0000
vn -0.4555 -0.6377 -0.6212
vn -0.8091 -0.5877 -0.0001
vn 0.0064 -0.7836 -0.6212
vn -0.3091 -0.9510 -0.0001
vn 0.7453 -0.2422 -0.6213
vn 0.4658 -0.6302 -0.6212
vn 0.3090 -0.9511 -0.0001
vn 0.7472 -0.2361 -0.6212
vn 0.8090 -0.5878 -0.0001
vn 0.7433 0.2482 -0.6212
vn 1.0000 -0.0001 -0.0001
vn 0.3090 0.9510 -0.0000
vn 0.4555 0.6377 -0.6212
vn 0.8091 0.5877 -0.0001
vn -0.0064 0.7836 -0.6212
vn 0.3091 0.9510 -0.0001
vn -0.7453 0.2421 -0.6212
vn 0.2812 -0.8653 0.4148
vn 0.4605 -0.6340 -0.6213
vn 0.4605 0.6340 -0.6213
vn 0.0001 0.7836 -0.6213
vn -0.2812 0.8653 0.4148
vn -0.4606 0.6340 -0.6212
vn -0.4605 0.6340 -0.6213
vn 0.2812 0.8654 0.4149
vn 0.7361 0.5348 0.4149
vn -0.2812 0.8653 0.4149
vn -0.4606 0.6339 -0.6212
vn -0.7453 0.2422 -0.6213
vn -0.4606 -0.6339 -0.6212
vn 0.4606 0.6339 -0.6212
vn 0.7453 0.2422 -0.6213
vn 0.4606 0.6340 -0.6212
vn -0.7453 -0.2422 -0.6213
vn -0.8090 -0.5878 -0.0001
vn 0.4657 -0.6302 -0.6212
vn -0.8090 0.5879 -0.0001
vn -0.0001 -0.7836 -0.6213
vn 0.4606 -0.6339 -0.6212
vn 0.7453 0.2422 -0.6212
vn -0.1073 0.9942 -0.0000
vn -0.4646 -0.0000 0.8855
vn -0.1073 -0.9942 -0.0000
vn -0.0000 1.0000 -0.0000
vn -0.1305 -0.1155 -0.9847
vn -0.1305 0.1155 -0.9847
vn -0.0000 -1.0000 -0.0000
vn -0.4646 0.0001 0.8855
vn -0.2095 -0.2092 -0.9552
vn -0.2095 0.2092 -0.9552
vn -0.1073 0.9942 0.0001
vn -0.1073 0.9942 -0.0003
vn -0.2130 -0.0000 0.9771
vn -0.1072 0.9942 -0.0000
vn -0.1072 -0.9942 -0.0000
vn -0.1073 -0.9942 -0.0001
vn -0.1073 -0.9942 -0.0003
vn -0.0000 -1.0000 -0.0001
vn -0.0000 1.0000 0.0001
vn -0.1896 0.4654 -0.8646
vn -0.1896 0.4653 -0.8646
vn -0.1306 0.1155 -0.9847
vn -0.0000 -1.0000 0.0001
vn 0.0001 -1.0000 -0.0000
vn -0.1306 -0.1155 -0.9847
vn -0.1896 -0.4653 -0.8646
vn -0.1896 -0.4654 -0.8646
vn -0.1897 0.4653 -0.8646
vn 0.8596 0.5110 -0.0000
vn 0.8596 0.5110 0.0001
vn -0.7289 0.5509 -0.4064
vn -0.0000 1.0000 -0.0001
vn -0.2095 0.2093 -0.9552
vn -0.8734 -0.0000 -0.4870
vn -0.7289 -0.5509 -0.4064
vn 0.8596 -0.5110 -0.0000
vn -0.1305 -0.1154 -0.9847
vn -1.0000 -0.0000 0.0001
vn -1.0000 -0.0000 -0.0001
vn -0.1073 0.9942 -0.0001
vn -0.4646 -0.0001 0.8855
vn -0.8734 0.0001 -0.4870
vn -0.7289 -0.5509 -0.4065
vn -0.9511 0.3090 -0.0000
vn -0.5878 0.8090 -0.0000
vn -0.3090 0.9511 -0.0000
vn 0.5878 0.8090 -0.0000
vn 0.8090 0.5878 0.0001
vn 0.9511 0.3090 -0.0000
vn 0.9511 -0.3090 -0.0000
vn 0.5878 -0.8090 -0.0000
vn 0.5878 -0.8090 0.0001
vn 0.2584 -0.9660 -0.0000
vn -0.3090 -0.9511 0.0001
vn -0.5878 -0.8090 -0.0000
vn -0.5878 -0.8090 0.0001
vn -0.9511 -0.3090 -0.0000
vn -0.9986 -0.0527 -0.0000
vn -0.9511 -0.3090 -0.0001
vn 0.5878 0.8090 -0.0001
vn -0.9986 -0.0528 -0.0000
vn 0.5877 -0.8091 -0.0000
vn 0.0001 -0.0000 1.0000
vn -0.9986 -0.0528 -0.0001
vn -0.9510 0.3091 -0.0000
vn -0.0001 1.0000 -0.0000
vn 0.2584 -0.9660 0.0001
vn 0.2585 -0.9660 -0.0000
vn 0.9517 0.3070 -0.0000
vn -0.0021 1.0000 -0.0000
vn -0.0001 -0.0000 1.0000
vn 0.9514 0.3080 -0.0000
vn 0.8094 0.5872 -0.0000
vn 0.5880 0.8089 -0.0000
vn 0.5877 0.8090 -0.0000
vn 0.3088 0.9511 -0.0000
vn -0.0007 1.0000 -0.0000
vn 0.9511 0.3089 -0.0000
vn 0.3089 0.9511 -0.0000
vn -0.8024 0.5830 0.1275
vn -0.7834 0.5692 0.2497
vn -0.9209 0.2992 0.2497
vn -0.9433 0.3065 0.1275
vn -0.9683 -0.0000 0.2497
vn -0.9918 -0.0000 0.1275
vn -0.9209 -0.2993 0.2497
vn -0.9209 -0.2992 0.2497
vn -0.9433 -0.3065 0.1274
vn -0.9433 -0.3065 0.1275
vn -0.7834 -0.5691 0.2497
vn -0.7834 -0.5692 0.2497
vn -0.8024 -0.5830 0.1275
vn -0.5691 -0.7834 0.2497
vn -0.5830 -0.8024 0.1275
vn -0.5692 -0.7834 0.2497
vn -0.2992 -0.9209 0.2497
vn -0.3065 -0.9433 0.1274
vn -0.3065 -0.9433 0.1275
vn -0.0000 -0.9683 0.2497
vn -0.0000 -0.9918 0.1275
vn 0.2992 -0.9209 0.2497
vn 0.3065 -0.9433 0.1274
vn 0.3065 -0.9433 0.1275
vn 0.5692 -0.7834 0.2497
vn 0.5830 -0.8024 0.1275
vn 0.5691 -0.7834 0.2497
vn 0.7834 -0.5691 0.2497
vn 0.8024 -0.5830 0.1275
vn 0.7834 -0.5692 0.2497
vn 0.9209 -0.2992 0.2497
vn 0.9433 -0.3065 0.1275
vn 0.9683 -0.0000 0.2497
vn 0.9918 -0.0000 0.1274
vn 0.9918 -0.0000 0.1275
vn 0.9209 0.2992 0.2497
vn 0.9433 0.3065 0.1275
vn 0.7834 0.5692 0.2497
vn 0.7834 0.5691 0.2497
vn 0.8024 0.5830 0.1274
vn 0.8024 0.5830 0.1275
vn 0.5691 0.7834 0.2497
vn 0.5830 0.8024 0.1275
vn 0.5692 0.7834 0.2497
vn 0.2992 0.9209 0.2497
vn 0.3065 0.9433 0.1275
vn 0.2993 0.9209 0.2497
vn -0.0000 0.9683 0.2497
vn -0.0000 0.9918 0.1274
vn -0.0000 0.9918 0.1275
vn -0.2992 0.9209 0.2497
vn -0.3065 0.9433 0.1275
vn -0.5692 0.7834 0.2497
vn -0.5691 0.7834 0.2497
vn -0.5830 0.8024 0.1274
vn -0.5830 0.8024 0.1275
vn -0.7834 0.5691 0.2497
vn -0.7940 0.5769 0.1920
vn -0.9334 0.3033 0.1920
vn -0.9814 -0.0000 0.1920
vn -0.9334 -0.3033 0.1920
vn -0.7940 -0.5769 0.1920
vn -0.7940 -0.5768 0.1920
vn -0.5768 -0.7940 0.1920
vn -0.5769 -0.7940 0.1920
vn -0.3033 -0.9334 0.1920
vn -0.0000 -0.9814 0.1920
vn 0.3033 -0.9334 0.1920
vn 0.5769 -0.7940 0.1920
vn 0.5768 -0.7940 0.1920
vn 0.7940 -0.5768 0.1920
vn 0.7940 -0.5769 0.1920
vn 0.9334 -0.3033 0.1920
vn 0.9814 -0.0000 0.1920
vn 0.9334 0.3033 0.1920
vn 0.7940 0.5769 0.1920
vn 0.7940 0.5768 0.1920
vn 0.5768 0.7940 0.1920
vn 0.5768 0.7940 0.1919
vn 0.5769 0.7940 0.1919
vn 0.5769 0.7940 0.1920
vn 0.3033 0.9334 0.1920
vn -0.0000 0.9814 0.1920
vn -0.3033 0.9334 0.1920
vn -0.5769 0.7940 0.1920
vn -0.5768 0.7940 0.1920
vn -0.7940 0.5768 0.1920
vn -0.7830 0.5697 0.2497
vn -0.7939 0.5769 0.1920
vn -0.9333 0.3033 0.1920
vn -0.0157 0.0051 -0.9999
vn -0.9334 0.3032 0.1919
vn -0.7939 0.5769 0.1919
vn -0.7937 0.5772 0.1919
vn -0.0134 0.0097 -0.9999
vn -0.9207 0.2998 0.2497
vn -0.9814 0.0001 0.1920
vn -0.9209 0.2993 0.2497
vn -0.0165 -0.0000 -0.9999
vn -0.9814 -0.0000 0.1919
vn -0.9333 0.3033 0.1919
vn -0.9332 0.3037 0.1919
vn -0.9683 0.0006 0.2497
vn -0.9334 -0.3032 0.1920
vn -0.9332 -0.3037 0.1920
vn -0.0157 -0.0051 -0.9999
vn -0.9334 -0.3033 0.1919
vn -0.9814 0.0001 0.1919
vn -0.9814 -0.0001 0.1919
vn -0.9211 -0.2986 0.2497
vn -0.7937 -0.5772 0.1920
vn -0.0134 -0.0097 -0.9999
vn -0.7940 -0.5769 0.1919
vn -0.9334 -0.3032 0.1919
vn -0.9333 -0.3034 0.1919
vn -0.7838 -0.5687 0.2497
vn -0.5765 -0.7942 0.1920
vn -0.0097 -0.0134 -0.9999
vn -0.5768 -0.7940 0.1919
vn -0.7940 -0.5768 0.1919
vn -0.7939 -0.5769 0.1919
vn -0.5697 -0.7830 0.2497
vn -0.5769 -0.7939 0.1920
vn -0.3029 -0.9335 0.1920
vn -0.0051 -0.0157 -0.9999
vn -0.3032 -0.9334 0.1919
vn -0.5769 -0.7939 0.1919
vn -0.2998 -0.9207 0.2497
vn 0.0001 -0.9814 0.1920
vn -0.0000 -0.0165 -0.9999
vn -0.0000 -0.9814 0.1919
vn -0.3033 -0.9333 0.1919
vn -0.0006 -0.9683 0.2497
vn -0.0001 -0.9814 0.1920
vn 0.3032 -0.9334 0.1920
vn 0.0051 -0.0157 -0.9999
vn 0.3033 -0.9334 0.1919
vn -0.0001 -0.9814 0.1919
vn 0.2986 -0.9211 0.2497
vn 0.5769 -0.7939 0.1920
vn 0.0097 -0.0134 -0.9999
vn 0.5769 -0.7940 0.1919
vn 0.3032 -0.9334 0.1919
vn 0.3029 -0.9335 0.1919
vn 0.5687 -0.7838 0.2497
vn 0.7942 -0.5765 0.1920
vn 0.0134 -0.0097 -0.9999
vn 0.7940 -0.5768 0.1919
vn 0.5768 -0.7940 0.1919
vn 0.5769 -0.7939 0.1919
vn 0.7830 -0.5697 0.2497
vn 0.9333 -0.3033 0.1920
vn 0.0157 -0.0051 -0.9999
vn 0.9334 -0.3032 0.1919
vn 0.7939 -0.5769 0.1919
vn 0.7941 -0.5767 0.1919
vn 0.9207 -0.2998 0.2497
vn 0.9814 0.0004 0.1920
vn 0.9209 -0.2993 0.2497
vn 0.0165 -0.0000 -0.9999
vn 0.9814 -0.0000 0.1919
vn 0.9333 -0.3033 0.1919
vn 0.9683 -0.0006 0.2497
vn 0.9334 0.3032 0.1920
vn 0.0157 0.0051 -0.9999
vn 0.9334 0.3033 0.1919
vn 0.9814 -0.0001 0.1919
vn 0.9814 0.0001 0.1919
vn 0.9211 0.2986 0.2497
vn 0.7937 0.5772 0.1920
vn 0.0134 0.0097 -0.9999
vn 0.7940 0.5769 0.1919
vn 0.9334 0.3032 0.1919
vn 0.9335 0.3029 0.1919
vn 0.7838 0.5687 0.2497
vn 0.0097 0.0134 -0.9999
vn 0.7940 0.5768 0.1919
vn 0.5697 0.7830 0.2497
vn 0.5769 0.7939 0.1920
vn 0.3033 0.9333 0.1920
vn 0.0051 0.0157 -0.9999
vn 0.3032 0.9334 0.1919
vn 0.5769 0.7939 0.1919
vn 0.5772 0.7937 0.1919
vn 0.2998 0.9207 0.2497
vn 0.0001 0.9814 0.1920
vn -0.0000 0.0165 -0.9999
vn -0.0000 0.9814 0.1919
vn 0.3033 0.9333 0.1919
vn 0.3033 0.9334 0.1919
vn 0.0006 0.9683 0.2497
vn -0.3032 0.9334 0.1920
vn -0.3037 0.9332 0.1920
vn -0.0051 0.0157 -0.9999
vn -0.3033 0.9334 0.1919
vn 0.0001 0.9814 0.1919
vn -0.0001 0.9814 0.1919
vn -0.2986 0.9211 0.2497
vn -0.0097 0.0134 -0.9999
vn -0.5769 0.7940 0.1919
vn -0.3032 0.9334 0.1919
vn -0.5687 0.7838 0.2497
vn -0.7942 0.5765 0.1920
vn -0.7940 0.5768 0.1919
vn -0.5768 0.7940 0.1919
vn -0.5769 0.7939 0.1919
vn -0.6284 0.2042 -0.7506
vn -0.6607 -0.0000 -0.7506
vn -0.6284 -0.2042 -0.7506
vn -0.9510 -0.3090 -0.0000
vn -0.5345 -0.3884 -0.7506
vn -0.8090 -0.5877 -0.0000
vn -0.3884 -0.5345 -0.7506
vn -0.2042 -0.6284 -0.7506
vn -0.3091 -0.9510 -0.0000
vn -0.0000 -0.6607 -0.7506
vn 0.2042 -0.6284 -0.7506
vn 0.3090 -0.9510 -0.0000
vn 0.3884 -0.5345 -0.7506
vn 0.5877 -0.8090 -0.0000
vn 0.5345 -0.3884 -0.7506
vn 0.6284 -0.2042 -0.7506
vn 0.9510 -0.3091 -0.0000
vn 0.6607 -0.0000 -0.7506
vn 0.6284 0.2042 -0.7506
vn 0.9510 0.3090 -0.0000
vn 0.5345 0.3884 -0.7506
vn 0.8090 0.5877 -0.0000
vn 0.3884 0.5345 -0.7506
vn 0.2042 0.6284 -0.7506
vn 0.3091 0.9510 -0.0000
vn -0.0000 0.6607 -0.7506
vn -0.2042 0.6284 -0.7506
vn -0.3090 0.9510 -0.0000
vn -0.3884 0.5345 -0.7506
vn -0.5877 0.8090 -0.0000
vn -0.5345 0.3884 -0.7506
vn -0.6284 0.2041 -0.7507
vn -0.9433 0.3065 0.1274
vn -0.9918 -0.0000 0.1274
vn -0.6607 -0.0000 -0.7507
vn -0.6607 -0.0001 -0.7507
vn -0.6284 -0.2041 -0.7507
vn -0.6283 -0.2042 -0.7507
vn -0.8024 -0.5830 0.1274
vn -0.5345 -0.3883 -0.7507
vn -0.5345 -0.3884 -0.7507
vn -0.5830 -0.8024 0.1274
vn -0.3884 -0.5345 -0.7507
vn -0.3883 -0.5346 -0.7507
vn -0.2042 -0.6283 -0.7507
vn -0.3883 -0.5345 -0.7506
vn -0.2041 -0.6284 -0.7507
vn -0.0000 -0.9918 0.1274
vn 0.0001 -0.6607 -0.7506
vn 0.0001 -0.6607 -0.7507
vn 0.2041 -0.6284 -0.7507
vn 0.2042 -0.6283 -0.7507
vn 0.5830 -0.8024 0.1274
vn 0.3883 -0.5345 -0.7507
vn 0.3884 -0.5345 -0.7507
vn 0.8024 -0.5830 0.1274
vn 0.5345 -0.3884 -0.7507
vn 0.5345 -0.3883 -0.7507
vn 0.9433 -0.3065 0.1274
vn 0.6283 -0.2042 -0.7507
vn 0.5345 -0.3883 -0.7506
vn 0.6284 -0.2041 -0.7507
vn 0.6607 -0.0000 -0.7507
vn 0.6607 0.0001 -0.7507
vn 0.9433 0.3065 0.1274
vn 0.6284 0.2041 -0.7507
vn 0.6283 0.2042 -0.7507
vn 0.5345 0.3883 -0.7507
vn 0.5345 0.3884 -0.7507
vn 0.5830 0.8024 0.1274
vn 0.3884 0.5345 -0.7507
vn 0.3883 0.5345 -0.7507
vn 0.3065 0.9433 0.1274
vn 0.2041 0.6284 -0.7506
vn 0.3883 0.5345 -0.7506
vn 0.2041 0.6284 -0.7507
vn -0.0000 0.6607 -0.7507
vn -0.0001 0.6607 -0.7507
vn -0.3065 0.9433 0.1274
vn -0.2042 0.6283 -0.7507
vn -0.3883 0.5345 -0.7507
vn -0.3884 0.5345 -0.7507
vn -0.8024 0.5830 0.1274
vn -0.5345 0.3884 -0.7507
vn -0.5345 0.3883 -0.7507
vn -0.6284 0.2041 -0.7506
vn -0.5345 0.3883 -0.7506
vn -0.0133 0.0098 -0.9999
vn -0.0097 0.0133 -0.9999
vn 0.0001 0.0165 -0.9999
vn 0.0052 0.0157 -0.9999
vn 0.0098 0.0133 -0.9999
vn 0.0133 0.0097 -0.9999
vn 0.0165 -0.0001 -0.9999
vn 0.0157 -0.0052 -0.9999
vn 0.0133 -0.0098 -0.9999
vn 0.0097 -0.0133 -0.9999
vn -0.0001 -0.0165 -0.9999
vn -0.0052 -0.0157 -0.9999
vn -0.0098 -0.0133 -0.9999
vn -0.0133 -0.0097 -0.9999
vn -0.0165 0.0001 -0.9999
vn -0.0157 0.0052 -0.9999
vn -0.2678 0.9635 -0.0000
vn -0.4152 0.9097 -0.0000
vn -0.6760 0.7369 -0.0000
vn -0.8706 0.4919 -0.0000
vn -0.8706 0.4920 -0.0000
vn -0.9800 0.1988 -0.0000
vn -0.9800 0.1989 -0.0000
vn -0.9935 -0.1138 -0.0000
vn -0.9935 -0.1137 -0.0000
vn -0.9635 -0.2678 -0.0000
vn -0.2677 0.9635 -0.0000
vn 0.9935 0.1137 -0.0000
vn -0.2677 0.9635 0.0001
vn -0.9635 -0.2678 0.0003
vn 0.4152 -0.9097 -0.0000
vn -0.9635 -0.2678 -0.0001
vn 0.4133 -0.9106 -0.0000
vn 0.9935 0.1137 0.0001
vn 0.6760 -0.7369 -0.0000
vn 0.8706 -0.4919 -0.0000
vn 0.9800 -0.1988 -0.0000
vn 0.8706 -0.4920 -0.0000
vn 0.9933 0.1158 -0.0000
vn 0.9800 -0.1989 -0.0000
vn 0.4152 -0.9097 -0.0001
vn -0.0000 -0.3465 0.9380
vn -0.0001 -0.3465 0.9380
vn -0.0000 -0.3465 0.9381
vn -0.0000 -0.3466 0.9380
vn -0.9985 -0.0544 -0.0000
vn 0.9985 -0.0544 -0.0000
vn -0.9942 -0.1073 -0.0000
vn -0.0000 -0.4646 0.8855
vn 0.9942 -0.1073 -0.0000
vn 0.1155 -0.1305 -0.9847
vn -0.1155 -0.1305 -0.9847
vn -0.0001 -0.4646 0.8855
vn 0.2092 -0.2095 -0.9552
vn -0.2092 -0.2095 -0.9552
vn -0.9942 -0.1073 0.0001
vn -0.9942 -0.1073 0.0003
vn -0.9942 -0.1072 -0.0000
vn -0.0001 -1.0000 -0.0000
vn 0.9942 -0.1072 -0.0000
vn 0.9942 -0.1073 -0.0001
vn 0.9942 -0.1073 -0.0003
vn 1.0000 -0.0000 -0.0001
vn -0.4654 -0.1896 -0.8646
vn -0.4653 -0.1896 -0.8646
vn 1.0000 0.0001 -0.0000
vn 0.4653 -0.1896 -0.8646
vn 0.4654 -0.1896 -0.8646
vn -0.1155 -0.1306 -0.9847
vn -0.1154 -0.1305 -0.9847
vn -0.4653 -0.1897 -0.8646
vn -0.5111 0.8595 -0.0000
vn -0.5111 0.8595 0.0001
vn -0.5509 -0.7289 -0.4064
vn -0.5509 -0.7289 -0.4065
vn -0.2093 -0.2095 -0.9552
vn -0.0000 -0.8734 -0.4870
vn 0.5509 -0.7289 -0.4064
vn 0.5111 0.8595 -0.0000
vn 1.0000 -0.0000 0.0001
vn 0.4653 -0.1897 -0.8646
vn 0.1154 -0.1305 -0.9847
vn 0.1155 -0.1306 -0.9847
vn -0.9942 -0.1073 -0.0001
vn 0.0001 -0.4646 0.8855
vn -0.0001 -0.8734 -0.4870
vn 0.5509 -0.7289 -0.4065
vn -0.3446 0.2544 0.9036
vn -0.3501 0.2571 0.9008
vn -0.2903 0.2270 0.9296
vn -0.2902 0.2270 0.9296
vn -0.2866 0.2252 0.9312
vn 0.3667 -0.0355 0.9297
vn 0.4358 -0.0579 0.8982
vn -0.2902 0.2271 0.9296
vn -0.3500 0.2571 0.9008
vn 0.8708 -0.3082 0.3830
vn 0.8757 -0.3101 0.3700
vn 0.4358 -0.0578 0.8982
vn 0.3666 -0.0355 0.9297
vn 0.8381 -0.3998 -0.3713
vn 0.8333 -0.3976 -0.3842
vn 0.8758 -0.3101 0.3700
vn 0.8708 -0.3082 0.3831
vn 0.8380 -0.3998 -0.3713
vn 0.3429 -0.2640 -0.9015
vn 0.2803 -0.2320 -0.9315
vn 0.3429 -0.2641 -0.9015
vn -0.3621 0.0435 -0.9311
vn -0.4238 0.0639 -0.9035
vn 0.2803 -0.2321 -0.9314
vn -0.8677 0.3170 -0.3830
vn -0.8717 0.3186 -0.3724
vn -0.8717 0.3186 -0.3722
vn -0.3622 0.0435 -0.9311
vn -0.8676 0.3171 -0.3830
vn -0.8717 0.3185 -0.3724
vn 0.1043 0.4008 0.9102
vn 0.1043 0.3972 0.9118
vn 0.1118 -0.5624 0.8192
vn 0.1042 0.4008 0.9102
vn 0.8757 -0.3101 0.3701
vn 0.0407 -0.9574 0.2860
vn 0.4357 -0.0579 0.8982
vn 0.8333 -0.3976 -0.3841
vn -0.0423 -0.9499 -0.3097
vn 0.2803 -0.2320 -0.9314
vn -0.1138 -0.3890 -0.9142
vn -0.0422 -0.9499 -0.3097
vn -0.1028 0.5486 -0.8297
vn -0.1137 -0.3890 -0.9142
vn 0.2802 -0.2320 -0.9315
vn -0.0330 0.9568 -0.2890
vn -0.4237 0.0639 -0.9035
vn -0.8717 0.3186 -0.3723
vn -0.0330 0.9567 -0.2891
vn 0.4008 -0.1043 0.9102
vn 0.3973 -0.1043 0.9118
vn 0.1042 0.3972 0.9118
vn 0.1118 -0.5624 0.8193
vn -0.5624 -0.1118 0.8193
vn 0.4008 -0.1042 0.9102
vn 0.1119 -0.5624 0.8192
vn -0.9573 -0.0407 0.2861
vn 0.1119 -0.5624 0.8193
vn -0.0423 -0.9499 -0.3096
vn -0.9499 0.0423 -0.3096
vn 0.0406 -0.9574 0.2860
vn -0.3890 0.1138 -0.9142
vn -0.9499 0.0422 -0.3096
vn 0.5486 0.1028 -0.8297
vn -0.3890 0.1137 -0.9142
vn 0.9568 0.0330 -0.2888
vn 0.9567 0.0330 -0.2890
vn 0.3972 -0.1043 0.9118
vn 0.9568 0.0330 -0.2890
vn -0.0331 0.9567 -0.2892
vn -0.0330 0.9567 -0.2892
vn -0.1043 -0.4008 0.9102
vn -0.1043 -0.3972 0.9118
vn -0.5624 -0.1119 0.8193
vn -0.1118 0.5624 0.8192
vn -0.1042 -0.4008 0.9102
vn -0.9574 -0.0407 0.2860
vn -0.0407 0.9573 0.2861
vn -0.1119 0.5624 0.8193
vn 0.0423 0.9499 -0.3096
vn -0.9573 -0.0406 0.2861
vn -0.9499 0.0423 -0.3095
vn 0.1138 0.3890 -0.9142
vn 0.0422 0.9499 -0.3096
vn 0.1028 -0.5486 -0.8297
vn 0.1137 0.3890 -0.9142
vn 0.5487 0.1027 -0.8297
vn 0.0330 -0.9567 -0.2891
vn 0.5487 0.1028 -0.8297
vn 0.0330 -0.9568 -0.2890
vn 0.9568 0.0330 -0.2889
vn -0.4008 0.1043 0.9102
vn -0.3972 0.1043 0.9118
vn -0.1118 0.5624 0.8193
vn 0.5624 0.1118 0.8193
vn -0.4008 0.1042 0.9102
vn -0.1119 0.5624 0.8192
vn -0.0407 0.9574 0.2860
vn 0.9573 0.0407 0.2861
vn 0.5624 0.1119 0.8192
vn 0.5624 0.1118 0.8192
vn 0.9499 -0.0423 -0.3096
vn -0.0406 0.9573 0.2861
vn 0.0423 0.9499 -0.3095
vn 0.3890 -0.1138 -0.9142
vn 0.9499 -0.0422 -0.3095
vn 0.9499 -0.0422 -0.3096
vn -0.5486 -0.1028 -0.8297
vn 0.3890 -0.1137 -0.9142
vn 0.1028 -0.5486 -0.8298
vn -0.9568 -0.0330 -0.2889
vn 0.1028 -0.5487 -0.8297
vn -0.9568 -0.0330 -0.2890
vn 0.0330 -0.9568 -0.2889
vn -0.1042 -0.3972 0.9118
vn 0.1043 0.4005 0.9104
vn 0.1043 0.3969 0.9119
vn 0.1043 0.4005 0.9103
vn 0.1118 -0.5622 0.8194
vn 0.1042 0.4005 0.9104
vn 0.9574 0.0407 0.2860
vn 0.1119 -0.5622 0.8194
vn 0.9500 -0.0423 -0.3095
vn -0.1138 -0.3887 -0.9143
vn -0.0422 -0.9499 -0.3096
vn 0.9499 -0.0423 -0.3095
vn -0.1028 0.5484 -0.8299
vn 0.3891 -0.1138 -0.9142
vn -0.5487 -0.1027 -0.8297
vn -0.5487 -0.1028 -0.8297
vn -0.0330 0.9567 -0.2890
vn 0.1042 0.3969 0.9119
vn 0.4005 -0.1043 0.9104
vn 0.3969 -0.1043 0.9119
vn -0.5622 -0.1119 0.8194
vn 0.4005 -0.1043 0.9103
vn 0.4005 -0.1042 0.9103
vn -0.0423 -0.9499 -0.3095
vn -0.1137 -0.3887 -0.9143
vn -0.3887 0.1138 -0.9143
vn 0.5484 0.1028 -0.8299
vn 0.9567 0.0330 -0.2891
vn -0.1028 0.5484 -0.8298
vn -0.0330 0.9568 -0.2889
vn -0.1043 -0.4005 0.9103
vn -0.1043 -0.3969 0.9119
vn 0.3969 -0.1042 0.9119
vn -0.1043 -0.4005 0.9104
vn -0.1119 0.5622 0.8194
vn -0.1042 -0.4005 0.9104
vn 0.0422 0.9499 -0.3097
vn -0.3887 0.1137 -0.9143
vn 0.0330 -0.9567 -0.2892
vn -0.3658 -0.0447 0.9296
vn -0.3619 -0.0434 0.9312
vn 0.3491 0.2672 0.8982
vn -0.1042 -0.4005 0.9103
vn -0.1118 0.5622 0.8194
vn 0.8385 0.4000 0.3700
vn 0.3491 0.2673 0.8982
vn 0.0423 0.9499 -0.3097
vn 0.8704 0.3081 -0.3842
vn -0.0407 0.9574 0.2861
vn 0.3623 0.0341 -0.9315
vn 0.8703 0.3081 -0.3842
vn -0.3448 -0.2545 -0.9035
vn 0.3623 0.0341 -0.9314
vn -0.8416 -0.3911 -0.3724
vn -0.8417 -0.3911 -0.3723
vn -0.0000 0.2644 0.9644
vn -0.0000 0.5386 0.8425
vn -0.3809 0.3809 0.8425
vn -0.1869 0.1869 0.9644
vn 0.1869 0.1869 0.9644
vn 0.3809 0.3809 0.8425
vn 0.2644 -0.0000 0.9644
vn 0.5386 -0.0000 0.8425
vn 0.1869 -0.1869 0.9644
vn 0.3809 -0.3809 0.8425
vn -0.0000 -0.2644 0.9644
vn -0.0000 -0.5386 0.8425
vn -0.1869 -0.1869 0.9644
vn -0.3809 -0.3809 0.8425
vn -0.2644 -0.0000 0.9644
vn -0.5386 -0.0000 0.8425
vn -0.2591 0.6256 0.7359
vn 0.2591 0.6256 0.7359
vn -0.2591 0.6255 0.7359
vn 0.6256 0.2591 0.7359
vn 0.2591 0.6255 0.7359
vn 0.6256 -0.2591 0.7359
vn 0.6255 0.2591 0.7359
vn 0.2591 -0.6256 0.7359
vn 0.6255 -0.2591 0.7359
vn -0.2591 -0.6256 0.7359
vn 0.2591 -0.6255 0.7359
vn -0.6256 -0.2591 0.7359
vn -0.2591 -0.6255 0.7359
vn -0.6255 -0.2591 0.7359
vn -0.3641 0.8790 0.3078
vn 0.3641 0.8790 0.3078
vn 0.8790 0.3641 0.3078
vn 0.8790 -0.3641 0.3078
vn 0.3641 -0.8790 0.3078
vn -0.3641 -0.8790 0.3078
vn -0.8790 -0.3641 0.3078
vn -0.3641 0.8790 0.3079
vn 0.3641 0.8790 0.3079
vn 0.8790 0.3641 0.3079
vn 0.8790 -0.3641 0.3079
vn 0.3641 -0.8790 0.3079
vn -0.3641 -0.8790 0.3079
vn -0.8790 -0.3641 0.3079
vn -0.1331 -0.9001 0.4148
vn -0.6368 -0.6499 0.4149
vn -0.6368 -0.6499 0.4148
vn -0.1331 -0.9001 0.4149
vn -0.8972 -0.1516 0.4148
vn -0.8972 -0.1515 0.4149
vn -0.8149 0.4048 0.4148
vn -0.8972 -0.1516 0.4149
vn -0.4213 0.8065 0.4149
vn -0.4214 0.8065 0.4148
vn -0.8149 0.4048 0.4149
vn 0.1331 0.9001 0.4149
vn 0.6368 0.6499 0.4149
vn 0.1331 0.9001 0.4148
vn 0.6368 0.6499 0.4148
vn 0.8972 0.1515 0.4148
vn 0.8972 0.1515 0.4149
vn 0.8149 -0.4048 0.4149
vn 0.8149 -0.4048 0.4148
vn -0.1332 -0.9001 0.4149
vn -0.8972 -0.1515 0.4148
vn -0.4214 0.8064 0.4148
vn 0.1332 0.9001 0.4148
vn 0.6367 0.6500 0.4149
vn 0.8149 -0.4047 0.4149
vn -0.1463 -0.9892 -0.0000
vn 0.4631 -0.8863 -0.0000
vn 0.8956 -0.4448 -0.0000
vn 0.9860 0.1665 -0.0000
vn 0.8956 -0.4449 -0.0000
vn 0.6998 0.7143 -0.0000
vn 0.1464 0.9892 -0.0000
vn -0.4631 0.8863 -0.0000
vn 0.1463 0.9892 -0.0000
vn -0.8956 0.4448 -0.0000
vn -0.9860 -0.1665 -0.0000
vn 0.1305 -0.7727 -0.6213
vn -0.3486 -0.7018 -0.6213
vn 0.5597 -0.5484 -0.6213
vn 0.5597 -0.5484 -0.6212
vn 0.7752 -0.1146 -0.6212
vn 0.7752 -0.1147 -0.6212
vn 0.6945 0.3629 -0.6213
vn 0.6945 0.3629 -0.6212
vn 0.3486 0.7018 -0.6212
vn 0.6946 0.3629 -0.6212
vn -0.1305 0.7726 -0.6213
vn 0.3486 0.7019 -0.6212
vn -0.5597 0.5484 -0.6213
vn -0.7752 0.1147 -0.6213
vn -0.7752 0.1146 -0.6213
vn -0.6945 -0.3629 -0.6212
vn -0.7752 0.1147 -0.6212
vn 0.1304 -0.7727 -0.6213
vn -0.3485 -0.7018 -0.6213
vn -0.3429 -0.7046 -0.6212
vn -0.1464 -0.9892 -0.0000
vn 0.1306 -0.7726 -0.6213
vn 0.1367 -0.7716 -0.6212
vn 0.4630 -0.8863 -0.0000
vn 0.5643 -0.5438 -0.6212
vn 0.7762 -0.1083 -0.6211
vn 0.6945 0.3628 -0.6213
vn 0.6915 0.3686 -0.6212
vn -0.1304 0.7727 -0.6213
vn 0.3487 0.7018 -0.6212
vn 0.3428 0.7048 -0.6211
vn 0.6999 0.7143 -0.0000
vn -0.4630 0.8863 -0.0000
vn -0.1304 0.7726 -0.6213
vn -0.1367 0.7716 -0.6212
vn -0.8956 0.4449 -0.0000
vn -0.5598 0.5483 -0.6213
vn -0.5642 0.5439 -0.6212
vn -0.4630 0.8864 -0.0000
vn -0.6945 -0.3629 -0.6213
vn -0.7761 0.1083 -0.6212
vn -0.6916 -0.3685 -0.6212
vn -0.9860 -0.1666 -0.0000
vn -0.1332 -0.9001 0.4148
vn 0.1305 -0.7727 -0.6212
vn 0.6946 0.3628 -0.6213
vn 0.6368 0.6500 0.4149
vn -0.5597 0.5483 -0.6213
vn -0.7752 0.1146 -0.6212
vn -0.6945 -0.3628 -0.6213
vn -0.3486 -0.7018 -0.6212
vn -0.3827 0.0017 0.9239
vn -0.3828 0.0017 0.9238
vn -0.3827 -0.0000 0.9239
vn -0.3889 0.0035 0.9213
vn -0.3892 0.0035 0.9212
vn -0.3827 0.0016 0.9239
vn -0.3890 0.0035 0.9212
vn -0.3117 0.2563 0.9150
vn -0.2966 0.2487 0.9220
vn -0.2991 0.2499 0.9209
vn -0.2991 0.2500 0.9209
vn -0.3136 0.2572 0.9140
vn -0.0731 0.3785 0.9227
vn -0.0733 0.3823 0.9211
vn -0.0733 0.3821 0.9212
vn -0.0733 0.3827 0.9210
vn -0.0731 0.3788 0.9226
vn 0.3828 -0.0017 0.9239
vn 0.3827 -0.0000 0.9239
vn -0.3892 0.0036 0.9212
vn 0.3891 -0.0038 0.9212
vn 0.3828 -0.0017 0.9238
vn 0.3018 -0.2469 0.9208
vn 0.3151 -0.2538 0.9145
vn -0.3137 0.2572 0.9140
vn 0.0737 -0.3784 0.9227
vn 0.0739 -0.3822 0.9211
vn 0.0739 -0.3821 0.9212
vn -0.0734 0.3823 0.9211
vn -0.0732 0.3785 0.9227
vn 0.3827 -0.0018 0.9239
vn 0.9239 -0.0045 0.3826
vn 0.9239 -0.0000 0.3827
vn 0.3891 -0.0037 0.9212
vn 0.9265 -0.0092 0.3763
vn 0.3827 -0.0017 0.9239
vn 0.3151 -0.2537 0.9145
vn 0.7221 -0.5811 0.3753
vn 0.7279 -0.5824 0.3619
vn 0.1773 -0.9079 0.3798
vn 0.1771 -0.9094 0.3762
vn 0.1771 -0.9094 0.3763
vn 0.9239 -0.0046 -0.3826
vn 0.9239 -0.0000 -0.3827
vn 0.9265 -0.0090 -0.3763
vn 0.7213 -0.5809 -0.3772
vn 0.7272 -0.5822 -0.3636
vn 0.7280 -0.5823 0.3619
vn 0.1768 -0.9080 -0.3798
vn 0.1776 -0.9094 -0.3762
vn 0.1775 -0.9093 -0.3764
vn 0.1772 -0.9079 0.3798
vn 0.9239 -0.0045 -0.3826
vn 0.3827 -0.0017 -0.9239
vn 0.3827 -0.0000 -0.9239
vn 0.3891 -0.0038 -0.9212
vn 0.3890 -0.0038 -0.9212
vn 0.3827 -0.0018 -0.9239
vn 0.7213 -0.5809 -0.3771
vn 0.2998 -0.2459 -0.9218
vn 0.3135 -0.2530 -0.9153
vn 0.7213 -0.5810 -0.3772
vn 0.1775 -0.9094 -0.3762
vn 0.0737 -0.3787 -0.9226
vn 0.0739 -0.3825 -0.9210
vn -0.3827 0.0017 -0.9239
vn -0.3827 -0.0000 -0.9239
vn -0.3892 0.0035 -0.9212
vn -0.3890 0.0035 -0.9212
vn -0.3827 0.0016 -0.9239
vn -0.3117 0.2563 -0.9150
vn 0.2997 -0.2459 -0.9218
vn -0.2966 0.2487 -0.9220
vn 0.0740 -0.3825 -0.9210
vn -0.0731 0.3785 -0.9227
vn -0.0731 0.3788 -0.9226
vn -0.0733 0.3827 -0.9210
vn -0.9239 0.0039 -0.3826
vn -0.9239 -0.0000 -0.3827
vn -0.3827 -0.0001 -0.9239
vn -0.3891 0.0036 -0.9212
vn -0.9265 0.0076 -0.3762
vn -0.7062 0.5983 -0.3786
vn -0.7139 0.5994 -0.3620
vn -0.3117 0.2562 -0.9150
vn -0.2967 0.2487 -0.9220
vn -0.1735 0.9086 -0.3800
vn -0.1744 0.9100 -0.3762
vn -0.1744 0.9101 -0.3758
vn -0.0734 0.3827 -0.9210
vn -0.0732 0.3788 -0.9226
vn -0.3827 -0.0001 0.9239
vn -0.9239 -0.0001 -0.3827
vn -0.9265 0.0077 -0.3762
vn -0.3890 0.0036 0.9212
vn -0.7062 0.5984 -0.3785
vn -0.2967 0.2487 0.9220
vn -0.3117 0.2562 0.9150
vn -0.1736 0.9086 -0.3800
vn -0.0734 0.3827 0.9210
vn 0.7279 -0.5823 0.3619
vn -0.3892 0.0035 0.9211
vn -0.3891 0.0035 0.9212
vn -0.3154 0.2578 0.9133
vn -0.3891 0.0036 0.9212
vn -0.3117 0.2563 0.9149
vn -0.3117 0.2563 -0.9149
vn -0.3891 0.0035 -0.9212
vn -0.3890 0.0036 -0.9212
vn 0.3890 -0.0037 -0.9212
vn 0.1771 -0.9095 0.3762
vn 0.3019 -0.2469 0.9208
vn -0.3827 0.0023 0.9239
vn -0.3828 0.0023 0.9238
vn -0.3826 -0.0000 0.9239
vn -0.3889 0.0050 0.9212
vn -0.3888 0.0050 0.9213
vn -0.3517 0.1561 0.9230
vn -0.3513 0.1558 0.9232
vn -0.3536 0.1573 0.9221
vn -0.3535 0.1573 0.9221
vn -0.3539 0.1575 0.9219
vn -0.3516 0.1560 0.9231
vn -0.2774 0.2676 0.9227
vn -0.2798 0.2706 0.9211
vn -0.2798 0.2707 0.9211
vn -0.2800 0.2709 0.9210
vn -0.2776 0.2679 0.9226
vn -0.1165 0.3768 0.9190
vn -0.0613 0.3782 0.9237
vn -0.0646 0.3799 0.9228
vn -0.0647 0.3799 0.9228
vn -0.1168 0.3775 0.9186
vn -0.1165 0.3768 0.9189
vn -0.0088 0.4561 0.8899
vn -0.0086 0.4587 0.8886
vn -0.0088 0.4560 0.8899
vn 0.3827 -0.0024 0.9239
vn 0.3830 -0.0000 0.9237
vn -0.3889 0.0050 0.9213
vn 0.3888 -0.0053 0.9213
vn 0.3827 -0.0025 0.9239
vn -0.3889 0.0049 0.9212
vn 0.3515 -0.1554 0.9232
vn 0.3538 -0.1569 0.9221
vn 0.3540 -0.1570 0.9220
vn -0.3513 0.1559 0.9232
vn 0.2778 -0.2673 0.9227
vn 0.2801 -0.2702 0.9212
vn 0.2801 -0.2701 0.9212
vn 0.0627 -0.3800 0.9229
vn 0.1180 -0.3769 0.9187
vn -0.0086 0.4587 0.8885
vn 0.0026 -0.4541 0.8909
vn -0.0087 0.4587 0.8886
vn 0.9239 -0.0063 0.3825
vn 0.9239 -0.0000 0.3826
vn 0.9263 -0.0130 0.3765
vn 0.8459 -0.3735 0.3808
vn 0.8467 -0.3743 0.3781
vn 0.8467 -0.3743 0.3782
vn 0.6670 -0.6410 0.3798
vn 0.6677 -0.6423 0.3762
vn 0.6677 -0.6423 0.3763
vn 0.2802 -0.2702 0.9211
vn 0.2779 -0.2673 0.9227
vn 0.1449 -0.9133 0.3807
vn 0.2775 -0.8860 0.3713
vn 0.2775 -0.8860 0.3714
vn 0.0027 -0.4541 0.8909
vn 0.0009 -0.9473 0.3203
vn 0.0627 -0.3800 0.9228
vn 0.0026 -0.4542 0.8909
vn 0.9239 -0.0064 0.3825
vn 0.9239 -0.0065 -0.3826
vn 0.9263 -0.0129 0.3765
vn 0.9263 -0.0126 -0.3766
vn 0.9239 -0.0064 -0.3826
vn 0.8457 -0.3739 -0.3809
vn 0.8468 -0.3739 -0.3783
vn 0.8469 -0.3739 -0.3780
vn 0.8459 -0.3734 0.3808
vn 0.6670 -0.6409 0.3798
vn 0.6666 -0.6413 -0.3800
vn 0.6681 -0.6420 -0.3762
vn 0.6680 -0.6420 -0.3764
vn 0.6677 -0.6424 0.3761
vn 0.1402 -0.9135 -0.3821
vn 0.2786 -0.8857 -0.3715
vn 0.2786 -0.8856 -0.3716
vn 0.2776 -0.8860 0.3714
vn 0.0010 -0.9473 0.3203
vn 0.0011 -0.9465 -0.3227
vn 0.1401 -0.9135 -0.3820
vn 0.3826 -0.0025 -0.9239
vn 0.3829 -0.0000 -0.9238
vn 0.9239 -0.0065 -0.3827
vn 0.9263 -0.0127 -0.3766
vn 0.3888 -0.0053 -0.9213
vn 0.3886 -0.0053 -0.9214
vn 0.3826 -0.0024 -0.9239
vn 0.8457 -0.3738 -0.3809
vn 0.3512 -0.1558 -0.9232
vn 0.3539 -0.1565 -0.9221
vn 0.3537 -0.1565 -0.9222
vn 0.6680 -0.6420 -0.3762
vn 0.2781 -0.2676 -0.9225
vn 0.2780 -0.2675 -0.9226
vn 0.2804 -0.2705 -0.9210
vn 0.6680 -0.6420 -0.3763
vn 0.1402 -0.9135 -0.3820
vn 0.0588 -0.3788 -0.9236
vn 0.1177 -0.3763 -0.9190
vn 0.1177 -0.3762 -0.9190
vn 0.2785 -0.8857 -0.3715
vn 0.0028 -0.4518 -0.8921
vn -0.3827 0.0023 -0.9239
vn -0.3826 -0.0000 -0.9239
vn -0.3889 0.0050 -0.9213
vn -0.3888 0.0050 -0.9213
vn -0.3517 0.1561 -0.9230
vn -0.3515 0.1560 -0.9231
vn -0.3538 0.1575 -0.9220
vn 0.3539 -0.1566 -0.9221
vn 0.2804 -0.2704 -0.9210
vn -0.2777 0.2680 -0.9226
vn -0.2776 0.2679 -0.9226
vn -0.2800 0.2709 -0.9210
vn -0.1164 0.3767 -0.9190
vn -0.0613 0.3782 -0.9237
vn -0.1165 0.3768 -0.9190
vn 0.0587 -0.3788 -0.9236
vn 0.0029 -0.4519 -0.8921
vn -0.0088 0.4560 -0.8899
vn -0.9239 0.0055 -0.3826
vn -0.9264 0.0108 -0.3764
vn -0.3827 0.0022 -0.9239
vn -0.8444 0.3764 -0.3812
vn -0.8456 0.3764 -0.3785
vn -0.6643 0.6437 -0.3800
vn -0.6659 0.6444 -0.3760
vn -0.6658 0.6444 -0.3761
vn -0.2777 0.2678 -0.9226
vn -0.1531 0.9113 -0.3823
vn -0.2712 0.8881 -0.3711
vn -0.2712 0.8881 -0.3710
vn -0.1164 0.3768 -0.9189
vn -0.0613 0.3783 -0.9237
vn -0.0614 0.3782 -0.9237
vn -0.0089 0.4560 -0.8899
vn -0.0327 0.9487 -0.3144
vn -0.3826 -0.0001 0.9239
vn -0.3888 0.0049 0.9213
vn -0.9264 0.0109 -0.3764
vn -0.8444 0.3764 -0.3813
vn -0.8456 0.3765 -0.3785
vn -0.6643 0.6436 -0.3800
vn -0.0614 0.3783 0.9237
vn -0.0613 0.3783 0.9237
vn 0.8467 -0.3742 0.3782
vn -0.3890 0.0049 0.9212
vn -0.3536 0.1574 0.9221
vn -0.3538 0.1575 0.9219
vn -0.3538 0.1575 0.9220
vn -0.9264 0.0107 -0.3764
vn -0.3538 0.1575 -0.9219
vn 0.3539 -0.1567 -0.9221
vn 0.2803 -0.2705 -0.9210
vn 0.2801 -0.2702 0.9211
vn 0.3514 -0.1554 0.9232
vn -0.6659 0.6443 -0.3760
vn -0.3515 0.1560 0.9231
vn -0.3516 0.1559 0.9231
vn -0.6658 0.6444 -0.3760
vn -0.6659 0.6444 -0.3761
vn -0.3516 0.1560 -0.9231
vn 0.3513 -0.1558 -0.9232
vn -0.2798 0.2708 -0.9211
vn 0.2786 -0.8856 -0.3715
vn 0.6666 -0.6413 -0.3799
vn 0.1181 -0.3769 0.9187
vn -0.1167 0.3773 0.9187
vn -0.2774 0.2677 0.9227
vn -0.1165 0.3768 -0.9189
vn 0.2780 -0.2676 -0.9226
vn 0.3828 -0.0000 0.9238
vn -0.3828 0.0022 0.9238
vn -0.3890 0.0050 0.9212
vn -0.3514 0.1559 0.9232
vn -0.2777 0.2680 0.9225
vn -0.2797 0.2706 0.9212
vn 0.3826 -0.0000 0.9239
vn -0.3514 0.1558 0.9232
vn -0.2775 0.2676 0.9227
vn -0.0087 0.4587 0.8885
vn 0.9239 -0.0063 0.3826
vn 0.8468 -0.3743 0.3779
vn 0.2779 -0.2674 0.9227
vn 0.6670 -0.6409 0.3799
vn 0.0628 -0.3800 0.9228
vn 0.0027 -0.4542 0.8909
vn 0.9239 -0.0062 0.3826
vn 0.9239 -0.0064 0.3826
vn 0.9263 -0.0126 -0.3765
vn 0.8457 -0.3739 -0.3808
vn 0.8468 -0.3739 -0.3782
vn 0.8468 -0.3739 -0.3784
vn 0.6677 -0.6424 0.3762
vn 0.6670 -0.6410 0.3799
vn 0.2786 -0.8857 -0.3714
vn 0.0011 -0.9465 -0.3226
vn 0.3826 -0.0000 -0.9239
vn 0.9263 -0.0127 -0.3765
vn 0.6667 -0.6413 -0.3799
vn 0.0028 -0.4519 -0.8921
vn -0.3824 -0.0000 -0.9240
vn -0.3887 0.0050 -0.9214
vn -0.3887 0.0050 -0.9213
vn -0.3539 0.1575 -0.9219
vn 0.3540 -0.1565 -0.9221
vn 0.2781 -0.2675 -0.9226
vn -0.2777 0.2680 -0.9225
vn -0.1165 0.3767 -0.9190
vn 0.1178 -0.3763 -0.9190
vn -0.8456 0.3764 -0.3784
vn -0.8456 0.3764 -0.3786
vn -0.3539 0.1576 -0.9219
vn -0.6643 0.6437 -0.3799
vn -0.6660 0.6445 -0.3756
vn -0.2800 0.2710 -0.9210
vn -0.2777 0.2679 -0.9226
vn -0.1531 0.9113 -0.3822
vn -0.2712 0.8882 -0.3710
vn -0.0614 0.3783 -0.9236
vn -0.0327 0.9487 -0.3143
vn -0.9239 -0.0001 -0.3826
vn -0.8456 0.3765 -0.3784
vn -0.0327 0.9488 -0.3143
vn -0.0614 0.3783 0.9236
vn 0.8457 -0.3738 -0.3808
vn 0.6678 -0.6423 0.3762
vn -0.2797 0.2707 0.9211
vn 0.2805 -0.2704 -0.9210
vn 0.6666 -0.6414 -0.3799
vn -0.2775 0.2677 0.9227
vn -0.0733 0.3822 0.9212
vn -0.0733 0.3826 0.9210
vn -0.3136 0.2572 0.9141
vn 0.3018 -0.2469 0.9209
vn -0.0732 0.3784 0.9227
vn 0.9265 -0.0092 0.3762
vn 0.1773 -0.9079 0.3797
vn 0.1771 -0.9096 0.3759
vn 0.9239 -0.0045 0.3825
vn 0.9239 -0.0046 -0.3827
vn 0.9264 -0.0090 -0.3763
vn 0.1768 -0.9080 -0.3799
vn 0.1775 -0.9093 -0.3763
vn 0.1776 -0.9095 -0.3760
vn 0.1772 -0.9095 0.3762
vn 0.1772 -0.9080 0.3798
vn 0.9239 -0.0045 -0.3827
vn 0.7212 -0.5809 -0.3772
vn 0.1767 -0.9080 -0.3799
vn 0.0737 -0.3784 -0.9227
vn 0.1776 -0.9093 -0.3763
vn 0.3826 -0.0017 -0.9239
vn 0.2998 -0.2458 -0.9218
vn -0.0733 0.3826 -0.9210
vn -0.9239 0.0039 -0.3827
vn -0.3826 -0.0001 -0.9239
vn -0.9265 0.0076 -0.3763
vn -0.3826 0.0016 -0.9239
vn -0.2966 0.2487 -0.9221
vn -0.0734 0.3826 -0.9210
vn -0.3827 0.0002 0.9239
vn -0.9265 0.0077 -0.3763
vn -0.7139 0.5994 -0.3621
vn -0.2966 0.2486 0.9221
vn -0.1736 0.9085 -0.3800
vn -0.0734 0.3826 0.9210
vn -0.1735 0.9085 -0.3800
vn 0.7279 -0.5824 0.3618
vn 0.7280 -0.5824 0.3618
vn -0.3153 0.2578 0.9133
vn -0.7139 0.5993 -0.3621
vn 0.3135 -0.2529 -0.9153
vn 0.7222 -0.5811 0.3753
vn 0.7222 -0.5811 0.3752
vn 0.0738 -0.3822 0.9211
vn -0.2966 0.2487 0.9221
vt 0.870216 0.827333
vt 0.829224 0.827333
vt 0.829224 0.843871
vt 0.870216 0.843871
vt 0.788701 0.827333
vt 0.788701 0.843871
vt 0.748548 0.827333
vt 0.748548 0.843871
vt 0.707349 0.827333
vt 0.707349 0.843871
vt 0.666916 0.827333
vt 0.666916 0.843871
vt 0.626168 0.827333
vt 0.626168 0.843871
vt 0.585564 0.827333
vt 0.585564 0.843871
vt 0.992195 0.827333
vt 0.951505 0.827333
vt 0.951505 0.843871
vt 0.992195 0.843871
vt 0.910359 0.827333
vt 0.910359 0.843871
vt 0.970072 0.808853
vt 0.945781 0.816627
vt 0.945972 0.775522
vt 0.985026 0.788291
vt 0.985026 0.762857
vt 0.970114 0.742302
vt 0.945953 0.734466
vt 0.921782 0.742255
vt 0.906888 0.762796
vt 0.906869 0.788189
vt 0.921709 0.808723
vt 0.857947 0.773978
vt 0.869374 0.738357
vt 0.888132 0.751881
vt 0.895355 0.773838
vt 0.888294 0.795855
vt 0.869638 0.809509
vt 0.846520 0.809602
vt 0.827763 0.796076
vt 0.820540 0.774117
vt 0.827605 0.752103
vt 0.846256 0.738445
vt 0.870216 0.964493
vt 0.870216 0.992322
vt 0.829224 0.992322
vt 0.829224 0.964493
vt 0.910791 0.964493
vt 0.910806 0.992319
vt 0.951364 0.964493
vt 0.951355 0.992322
vt 0.991919 0.964493
vt 0.991926 0.992331
vt 0.626168 0.964493
vt 0.626168 0.992331
vt 0.585564 0.992324
vt 0.585564 0.964493
vt 0.666916 0.964493
vt 0.666916 0.992330
vt 0.707349 0.964493
vt 0.707349 0.992318
vt 0.748548 0.964493
vt 0.748548 0.992318
vt 0.788701 0.964493
vt 0.788701 0.992325
vt 0.870216 0.954032
vt 0.829224 0.954032
vt 0.829224 0.964494
vt 0.870216 0.964494
vt 0.910359 0.964493
vt 0.910359 0.954032
vt 0.951505 0.964494
vt 0.951504 0.954032
vt 0.992195 0.964494
vt 0.992195 0.954032
vt 0.626168 0.964493
vt 0.626168 0.954032
vt 0.585564 0.954032
vt 0.585564 0.964494
vt 0.666916 0.964494
vt 0.666916 0.954032
vt 0.707348 0.964493
vt 0.707348 0.954032
vt 0.748547 0.964493
vt 0.748547 0.954032
vt 0.788701 0.964493
vt 0.788701 0.954032
vt 0.867269 0.804398
vt 0.866277 0.801358
vt 0.880489 0.791036
vt 0.883074 0.792913
vt 0.847722 0.804405
vt 0.848711 0.801364
vt 0.831917 0.792923
vt 0.834499 0.791041
vt 0.825870 0.774341
vt 0.829066 0.774341
vt 0.831908 0.755751
vt 0.834494 0.757630
vt 0.847711 0.744263
vt 0.848703 0.747302
vt 0.867252 0.744263
vt 0.866265 0.747304
vt 0.883067 0.755744
vt 0.880482 0.757625
vt 0.889105 0.774327
vt 0.885908 0.774327
vt 0.870216 0.827333
vt 0.829224 0.827333
vt 0.829224 0.843871
vt 0.870216 0.843871
vt 0.788701 0.827333
vt 0.788701 0.843871
vt 0.748548 0.827333
vt 0.748548 0.843871
vt 0.707349 0.827333
vt 0.707349 0.843871
vt 0.666916 0.827333
vt 0.666916 0.843871
vt 0.626168 0.827333
vt 0.626168 0.843871
vt 0.585564 0.827333
vt 0.585564 0.843871
vt 0.992195 0.827333
vt 0.951505 0.827333
vt 0.951505 0.843871
vt 0.992195 0.843871
vt 0.910359 0.827333
vt 0.910359 0.843871
vt 0.970072 0.808853
vt 0.945781 0.816627
vt 0.945972 0.775522
vt 0.985026 0.788291
vt 0.985026 0.762857
vt 0.970114 0.742302
vt 0.945953 0.734466
vt 0.921782 0.742255
vt 0.906888 0.762796
vt 0.906869 0.788189
vt 0.921709 0.808723
vt 0.857947 0.773978
vt 0.869374 0.738357
vt 0.888132 0.751881
vt 0.895355 0.773838
vt 0.888294 0.795855
vt 0.869638 0.809509
vt 0.846520 0.809602
vt 0.827763 0.796076
vt 0.820540 0.774117
vt 0.827605 0.752103
vt 0.846256 0.738445
vt 0.870216 0.964493
vt 0.870216 0.992322
vt 0.829224 0.992322
vt 0.829224 0.964493
vt 0.910791 0.964493
vt 0.910806 0.992319
vt 0.951364 0.964493
vt 0.951355 0.992322
vt 0.991919 0.964493
vt 0.991926 0.992331
vt 0.626168 0.964493
vt 0.626168 0.992331
vt 0.585564 0.992324
vt 0.585564 0.964493
vt 0.666916 0.964493
vt 0.666916 0.992330
vt 0.707349 0.964493
vt 0.707349 0.992318
vt 0.748548 0.964493
vt 0.748548 0.992318
vt 0.788701 0.964493
vt 0.788701 0.992325
vt 0.870216 0.954032
vt 0.829224 0.954032
vt 0.829224 0.964494
vt 0.870216 0.964494
vt 0.910359 0.964493
vt 0.910359 0.954032
vt 0.951505 0.964494
vt 0.951504 0.954032
vt 0.992195 0.964494
vt 0.992195 0.954032
vt 0.626168 0.964493
vt 0.626168 0.954032
vt 0.585564 0.954032
vt 0.585564 0.964494
vt 0.666916 0.964494
vt 0.666916 0.954032
vt 0.707348 0.964493
vt 0.707348 0.954032
vt 0.748547 0.964493
vt 0.748547 0.954032
vt 0.788701 0.964493
vt 0.788701 0.954032
vt 0.867269 0.804398
vt 0.866277 0.801358
vt 0.880489 0.791036
vt 0.883074 0.792913
vt 0.847722 0.804405
vt 0.848711 0.801364
vt 0.831917 0.792923
vt 0.834499 0.791041
vt 0.825870 0.774341
vt 0.829066 0.774341
vt 0.831908 0.755751
vt 0.834494 0.757630
vt 0.847711 0.744263
vt 0.848703 0.747302
vt 0.867252 0.744263
vt 0.866265 0.747304
vt 0.883067 0.755744
vt 0.880482 0.757625
vt 0.889105 0.774327
vt 0.885908 0.774327
vt 0.870216 0.827333
vt 0.829224 0.827333
vt 0.829224 0.843871
vt 0.870216 0.843871
vt 0.788701 0.827333
vt 0.788701 0.843871
vt 0.748548 0.827333
vt 0.748548 0.843871
vt 0.707349 0.827333
vt 0.707349 0.843871
vt 0.666916 0.827333
vt 0.666916 0.843871
vt 0.626168 0.827333
vt 0.626168 0.843871
vt 0.585564 0.827333
vt 0.585564 0.843871
vt 0.992195 0.827333
vt 0.951505 0.827333
vt 0.951505 0.843871
vt 0.992195 0.843871
vt 0.910359 0.827333
vt 0.910359 0.843871
vt 0.970072 0.808853
vt 0.945781 0.816627
vt 0.945972 0.775522
vt 0.985026 0.788291
vt 0.985026 0.762857
vt 0.970114 0.742302
vt 0.945953 0.734466
vt 0.921782 0.742255
vt 0.906888 0.762796
vt 0.906869 0.788189
vt 0.921709 0.808723
vt 0.857947 0.773978
vt 0.869374 0.738357
vt 0.888132 0.751881
vt 0.895355 0.773838
vt 0.888294 0.795855
vt 0.869638 0.809509
vt 0.846520 0.809602
vt 0.827763 0.796076
vt 0.820540 0.774117
vt 0.827605 0.752103
vt 0.846256 0.738445
vt 0.870216 0.964493
vt 0.870216 0.992322
vt 0.829224 0.992322
vt 0.829224 0.964493
vt 0.910791 0.964493
vt 0.910806 0.992319
vt 0.951364 0.964493
vt 0.951355 0.992322
vt 0.991919 0.964493
vt 0.991926 0.992331
vt 0.626168 0.964493
vt 0.626168 0.992331
vt 0.585564 0.992324
vt 0.585564 0.964493
vt 0.666916 0.964493
vt 0.666916 0.992330
vt 0.707349 0.964493
vt 0.707349 0.992318
vt 0.748548 0.964493
vt 0.748548 0.992318
vt 0.788701 0.964493
vt 0.788701 0.992325
vt 0.870216 0.954032
vt 0.829224 0.954032
vt 0.829224 0.964494
vt 0.870216 0.964494
vt 0.910359 0.964493
vt 0.910359 0.954032
vt 0.951505 0.964494
vt 0.951504 0.954032
vt 0.992195 0.964494
vt 0.992195 0.954032
vt 0.626168 0.964493
vt 0.626168 0.954032
vt 0.585564 0.954032
vt 0.585564 0.964494
vt 0.666916 0.964494
vt 0.666916 0.954032
vt 0.707348 0.964493
vt 0.707348 0.954032
vt 0.748547 0.964493
vt 0.748547 0.954032
vt 0.788701 0.964493
vt 0.788701 0.954032
vt 0.867269 0.804398
vt 0.866277 0.801358
vt 0.880489 0.791036
vt 0.883074 0.792913
vt 0.847722 0.804405
vt 0.848711 0.801364
vt 0.831917 0.792923
vt 0.834499 0.791041
vt 0.825870 0.774341
vt 0.829066 0.774341
vt 0.831908 0.755751
vt 0.834494 0.757630
vt 0.847711 0.744263
vt 0.848703 0.747302
vt 0.867252 0.744263
vt 0.866265 0.747304
vt 0.883067 0.755744
vt 0.880482 0.757625
vt 0.889105 0.774327
vt 0.885908 0.774327
vt 0.709189 0.107227
vt 0.654497 0.110209
vt 0.654497 0.087115
vt 0.709188 0.090092
vt 0.843060 0.198538
vt 0.854982 0.143532
vt 0.846240 0.143532
vt 0.835668 0.198536
vt 0.860107 0.107222
vt 0.850395 0.107226
vt 0.850398 0.090094
vt 0.860111 0.090090
vt 0.684422 0.160955
vt 0.677027 0.160955
vt 0.687597 0.215962
vt 0.696334 0.215967
vt 0.925309 0.107231
vt 0.917217 0.107228
vt 0.917219 0.090096
vt 0.925311 0.090095
vt 0.835668 0.206934
vt 0.835669 0.215023
vt 0.843063 0.215023
vt 0.843063 0.206934
vt 0.717281 0.090096
vt 0.717275 0.107228
vt 0.684422 0.152556
vt 0.684422 0.144467
vt 0.677027 0.144467
vt 0.677027 0.152556
vt 0.589813 0.336912
vt 0.511297 0.337899
vt 0.518972 0.344622
vt 0.585892 0.343741
vt 0.595667 0.391609
vt 0.591577 0.384773
vt 0.524040 0.384174
vt 0.516754 0.391378
vt 0.786575 0.090092
vt 0.786575 0.107227
vt 0.981279 0.110207
vt 0.981279 0.121527
vt 0.925310 0.115629
vt 0.709186 0.115624
vt 0.654500 0.121530
vt 0.981275 0.087112
vt 0.925309 0.081695
vt 0.981280 0.075795
vt 0.654497 0.075795
vt 0.709187 0.081694
vt 0.602226 0.345122
vt 0.594562 0.355233
vt 0.510707 0.254342
vt 0.517975 0.266322
vt 0.598231 0.265160
vt 0.608549 0.254342
vt 0.511309 0.355684
vt 0.499674 0.344512
vt 0.606562 0.383355
vt 0.598863 0.373118
vt 0.515306 0.373118
vt 0.504399 0.384902
vt 0.521281 0.475879
vt 0.619377 0.472397
vt 0.608050 0.461883
vt 0.527800 0.463795
vt 0.784738 0.198535
vt 0.786034 0.143530
vt 0.777664 0.143533
vt 0.777662 0.198535
vt 0.784738 0.206933
vt 0.777662 0.206934
vt 0.777662 0.215023
vt 0.784739 0.215023
vt 0.612018 0.265903
vt 0.598776 0.272140
vt 0.511651 0.274031
vt 0.499793 0.266005
vt 0.795985 0.107227
vt 0.795985 0.090092
vt 0.509520 0.464657
vt 0.520914 0.456549
vt 0.607872 0.454685
vt 0.621397 0.460385
vt 0.626100 0.152561
vt 0.626096 0.144475
vt 0.619022 0.144472
vt 0.619023 0.152561
vt 0.619023 0.160960
vt 0.626100 0.160960
vt 0.619020 0.215967
vt 0.627385 0.215967
vt 0.750913 0.706465
vt 0.750913 0.577066
vt 0.733070 0.577066
vt 0.733070 0.706465
vt 0.768756 0.706466
vt 0.768756 0.577066
vt 0.786599 0.706466
vt 0.786599 0.577066
vt 0.804442 0.706466
vt 0.804442 0.577066
vt 0.822284 0.706466
vt 0.822285 0.577066
vt 0.840127 0.706466
vt 0.840127 0.577066
vt 0.857970 0.706465
vt 0.857970 0.577066
vt 0.875813 0.706465
vt 0.875813 0.577066
vt 0.893656 0.706465
vt 0.893656 0.577066
vt 0.911499 0.706465
vt 0.911499 0.577066
vt 0.929342 0.706466
vt 0.929342 0.577066
vt 0.947184 0.706466
vt 0.947185 0.577066
vt 0.965027 0.706466
vt 0.965028 0.577066
vt 0.982870 0.706466
vt 0.982870 0.577066
vt 0.643857 0.706465
vt 0.643857 0.577066
vt 0.626014 0.577066
vt 0.626014 0.706465
vt 0.661700 0.706465
vt 0.661699 0.577066
vt 0.679542 0.706465
vt 0.679542 0.577066
vt 0.697385 0.706465
vt 0.697385 0.577066
vt 0.715228 0.706465
vt 0.715228 0.577066
vt 0.838171 0.458166
vt 0.821201 0.452650
vt 0.812276 0.508976
vt 0.852603 0.468656
vt 0.863092 0.483091
vt 0.868604 0.500060
vt 0.868601 0.517904
vt 0.863086 0.534873
vt 0.852597 0.549307
vt 0.838160 0.559794
vt 0.821192 0.565304
vt 0.803350 0.565302
vt 0.786380 0.559787
vt 0.771942 0.549302
vt 0.761460 0.534863
vt 0.755947 0.517893
vt 0.755946 0.500051
vt 0.761463 0.483082
vt 0.771952 0.468647
vt 0.786388 0.458162
vt 0.803357 0.452650
vt 0.285415 0.385333
vt 0.279750 0.402516
vt 0.229034 0.376382
vt 0.269630 0.417096
vt 0.254803 0.427339
vt 0.237712 0.432801
vt 0.219942 0.432649
vt 0.202911 0.426849
vt 0.188433 0.416602
vt 0.177831 0.402250
vt 0.172236 0.385236
vt 0.172399 0.367279
vt 0.178190 0.349986
vt 0.188460 0.335229
vt 0.203152 0.324826
vt 0.220225 0.319323
vt 0.238039 0.319509
vt 0.255557 0.325044
vt 0.270239 0.335511
vt 0.280411 0.350459
vt 0.286008 0.367534
vt 0.747709 0.298440
vt 0.756287 0.406758
vt 0.740466 0.407969
vt 0.729443 0.300023
vt 0.723162 0.409309
vt 0.710682 0.302057
vt 0.705767 0.411110
vt 0.692716 0.304329
vt 0.688729 0.413500
vt 0.674658 0.306903
vt 0.671655 0.416358
vt 0.656821 0.310267
vt 0.655466 0.419981
vt 0.639084 0.314239
vt 0.639165 0.425206
vt 0.621795 0.318272
vt 0.985941 0.312638
vt 0.969728 0.425142
vt 0.952958 0.419663
vt 0.967546 0.309096
vt 0.936630 0.415649
vt 0.948990 0.306056
vt 0.918930 0.412724
vt 0.930189 0.303334
vt 0.901400 0.410486
vt 0.911362 0.300997
vt 0.884202 0.408848
vt 0.893049 0.299120
vt 0.867661 0.407387
vt 0.874749 0.297561
vt 0.851831 0.406291
vt 0.856117 0.296619
vt 0.835807 0.405518
vt 0.837962 0.296015
vt 0.819810 0.405334
vt 0.819842 0.295756
vt 0.803199 0.405278
vt 0.801688 0.295858
vt 0.787500 0.405557
vt 0.783469 0.296417
vt 0.771993 0.405962
vt 0.765485 0.297270
vt 0.890300 0.549989
vt 0.982488 0.549990
vt 0.982488 0.532147
vt 0.890300 0.532147
vt 0.982491 0.514302
vt 0.890302 0.514303
vt 0.982489 0.496460
vt 0.890302 0.496459
vt 0.982490 0.478619
vt 0.890302 0.478618
vt 0.982490 0.460776
vt 0.890303 0.460776
vt 0.982388 0.549931
vt 0.890202 0.549931
vt 0.890202 0.567775
vt 0.982387 0.567772
vt 0.075192 0.039727
vt 0.072988 0.043940
vt 0.062843 0.042583
vt 0.063553 0.037885
vt 0.085173 0.044990
vt 0.081700 0.048372
vt 0.075507 0.112897
vt 0.073265 0.109129
vt 0.082040 0.104745
vt 0.085719 0.107892
vt 0.064097 0.114931
vt 0.063299 0.110905
vt 0.052051 0.113575
vt 0.052985 0.109313
vt 0.041097 0.108176
vt 0.043500 0.104454
vt 0.032044 0.100016
vt 0.035507 0.097248
vt 0.024497 0.088894
vt 0.028458 0.087422
vt 0.022011 0.076924
vt 0.026180 0.076946
vt 0.025075 0.064399
vt 0.029264 0.065830
vt 0.030951 0.053470
vt 0.034295 0.056213
vt 0.040070 0.045030
vt 0.042239 0.048842
vt 0.051319 0.039651
vt 0.052162 0.044121
vt 0.161154 0.037884
vt 0.161976 0.042226
vt 0.151849 0.043747
vt 0.149554 0.039615
vt 0.142288 0.044325
vt 0.142964 0.048142
vt 0.082113 0.044439
vt 0.139168 0.044645
vt 0.012555 0.248984
vt 0.012556 0.241207
vt 0.115390 0.241216
vt 0.115393 0.248984
vt 0.137913 0.107815
vt 0.141558 0.104537
vt 0.149763 0.109076
vt 0.147374 0.113181
vt 0.159472 0.110582
vt 0.158765 0.115314
vt 0.170192 0.109439
vt 0.171049 0.114017
vt 0.180257 0.105039
vt 0.182489 0.108996
vt 0.188380 0.097865
vt 0.191808 0.100784
vt 0.193705 0.088422
vt 0.198030 0.090017
vt 0.197330 0.077513
vt 0.201489 0.077665
vt 0.195819 0.066847
vt 0.199763 0.065439
vt 0.189543 0.056978
vt 0.193013 0.054188
vt 0.181780 0.049386
vt 0.184308 0.045555
vt 0.172276 0.044242
vt 0.173295 0.039836
vt 0.085138 0.057430
vt 0.139568 0.057786
vt 0.085677 0.067544
vt 0.138603 0.067710
vt 0.085815 0.077201
vt 0.139215 0.076880
vt 0.086582 0.086049
vt 0.138815 0.086302
vt 0.085568 0.095656
vt 0.138848 0.095894
vt 0.056573 0.077262
vt 0.167556 0.076922
vt 0.174819 0.653730
vt 0.008720 0.625560
vt 0.010525 0.598035
vt 0.174820 0.635346
vt 0.013447 0.570474
vt 0.174819 0.616759
vt 0.018283 0.542639
vt 0.174820 0.598190
vt 0.024861 0.514514
vt 0.174820 0.579600
vt 0.033178 0.486458
vt 0.174820 0.559440
vt 0.042332 0.458768
vt 0.174820 0.538482
vt 0.053810 0.431174
vt 0.174820 0.517415
vt 0.174820 0.914492
vt 0.055319 0.987877
vt 0.042621 0.961279
vt 0.174820 0.896440
vt 0.032258 0.934506
vt 0.174820 0.877680
vt 0.024785 0.906072
vt 0.174820 0.858694
vt 0.019631 0.877330
vt 0.174820 0.839257
vt 0.015992 0.848676
vt 0.174819 0.818588
vt 0.013375 0.820344
vt 0.174819 0.796421
vt 0.011795 0.791986
vt 0.174820 0.774045
vt 0.011461 0.763439
vt 0.174820 0.751596
vt 0.010753 0.735412
vt 0.174820 0.729034
vt 0.010045 0.707735
vt 0.174820 0.708743
vt 0.008841 0.680434
vt 0.174819 0.690403
vt 0.008278 0.653110
vt 0.174820 0.672064
vt 0.316803 0.275069
vt 0.322184 0.268768
vt 0.342794 0.290894
vt 0.336012 0.295883
vt 0.358185 0.316985
vt 0.350539 0.320421
vt 0.366593 0.345475
vt 0.358617 0.346634
vt 0.369236 0.374482
vt 0.360846 0.374157
vt 0.365939 0.403116
vt 0.357930 0.401159
vt 0.356395 0.430012
vt 0.348903 0.426473
vt 0.340843 0.454054
vt 0.334277 0.449589
vt 0.115367 0.450340
vt 0.107914 0.454054
vt 0.095476 0.425826
vt 0.103191 0.423149
vt 0.088098 0.395563
vt 0.096527 0.394535
vt 0.088157 0.364058
vt 0.096509 0.364876
vt 0.094842 0.333331
vt 0.102859 0.336111
vt 0.107971 0.304776
vt 0.115028 0.309158
vt 0.126756 0.279719
vt 0.133261 0.285827
vt 0.150723 0.259452
vt 0.155432 0.266540
vt 0.178121 0.244931
vt 0.181165 0.252835
vt 0.208073 0.236743
vt 0.209248 0.244862
vt 0.238824 0.235024
vt 0.238207 0.243358
vt 0.268948 0.240322
vt 0.266627 0.248184
vt 0.297402 0.251696
vt 0.293319 0.258846
vt 0.303997 0.289800
vt 0.320440 0.307538
vt 0.313956 0.390241
vt 0.331762 0.393343
vt 0.321134 0.423768
vt 0.305387 0.415358
vt 0.332603 0.328665
vt 0.313532 0.363276
vt 0.331507 0.360497
vt 0.339500 0.351442
vt 0.306353 0.337156
vt 0.322314 0.328900
vt 0.341946 0.374064
vt 0.289816 0.315685
vt 0.302593 0.302997
vt 0.338443 0.395688
vt 0.268426 0.299337
vt 0.276774 0.283190
vt 0.331707 0.417636
vt 0.243203 0.290760
vt 0.246187 0.273014
vt 0.319445 0.436766
vt 0.215968 0.291054
vt 0.213100 0.273014
vt 0.131772 0.439152
vt 0.121115 0.416824
vt 0.189784 0.298802
vt 0.181585 0.282954
vt 0.116085 0.392611
vt 0.168353 0.315576
vt 0.155498 0.302626
vt 0.115769 0.366400
vt 0.152302 0.337190
vt 0.136314 0.329016
vt 0.120753 0.342168
vt 0.144049 0.362599
vt 0.126364 0.359600
vt 0.131674 0.319036
vt 0.144782 0.389445
vt 0.126842 0.392075
vt 0.146853 0.298722
vt 0.152038 0.415191
vt 0.136132 0.423039
vt 0.166294 0.282702
vt 0.168648 0.436130
vt 0.155714 0.448824
vt 0.188442 0.270740
vt 0.189768 0.452381
vt 0.181688 0.468196
vt 0.212133 0.263861
vt 0.215078 0.460398
vt 0.212231 0.477992
vt 0.237004 0.262860
vt 0.241874 0.460193
vt 0.244736 0.478001
vt 0.261465 0.266816
vt 0.267759 0.452914
vt 0.275588 0.468492
vt 0.283947 0.276074
vt 0.289112 0.436547
vt 0.301552 0.449615
vt 0.741634 0.429185
vt 0.725751 0.429912
vt 0.710050 0.431023
vt 0.694124 0.432494
vt 0.678992 0.435723
vt 0.664428 0.439887
vt 0.651775 0.445162
vt 0.957424 0.445162
vt 0.944389 0.439558
vt 0.929882 0.436102
vt 0.914328 0.433740
vt 0.898021 0.430963
vt 0.881690 0.428811
vt 0.865778 0.428141
vt 0.850271 0.427550
vt 0.834473 0.427481
vt 0.818760 0.426261
vt 0.803260 0.426720
vt 0.787773 0.426262
vt 0.772723 0.427349
vt 0.757263 0.428838
vt 0.574295 0.635346
vt 0.574295 0.616759
vt 0.574295 0.598190
vt 0.574295 0.579600
vt 0.574295 0.559440
vt 0.574295 0.538482
vt 0.574295 0.517415
vt 0.574295 0.914492
vt 0.574295 0.896440
vt 0.574295 0.877679
vt 0.574295 0.858694
vt 0.574295 0.839257
vt 0.574295 0.818588
vt 0.574295 0.796421
vt 0.574295 0.774045
vt 0.574295 0.751596
vt 0.574295 0.729034
vt 0.574295 0.708743
vt 0.574295 0.690403
vt 0.574295 0.672064
vt 0.574295 0.653730
vt 0.012218 0.219926
vt 0.012219 0.134169
vt 0.026527 0.134169
vt 0.026527 0.219926
vt 0.040834 0.134169
vt 0.040834 0.219926
vt 0.055142 0.134169
vt 0.055143 0.219927
vt 0.069449 0.134168
vt 0.069451 0.219927
vt 0.083756 0.134168
vt 0.083757 0.219925
vt 0.098067 0.134170
vt 0.098065 0.219926
vt 0.106076 0.133335
vt 0.111667 0.133335
vt 0.111668 0.219091
vt 0.106076 0.219092
vt 0.192693 0.219090
vt 0.187102 0.219090
vt 0.187101 0.133333
vt 0.192692 0.133332
vt 0.124234 0.219091
vt 0.124233 0.133335
vt 0.136810 0.219090
vt 0.136806 0.133331
vt 0.149386 0.219092
vt 0.149382 0.133331
vt 0.161961 0.219091
vt 0.161959 0.133333
vt 0.174535 0.219090
vt 0.174534 0.133333
vt 0.675849 0.049931
vt 0.621171 0.052997
vt 0.621127 0.029908
vt 0.675821 0.032796
vt 0.987483 0.052393
vt 0.929178 0.049513
vt 0.929146 0.032378
vt 0.987442 0.029301
vt 0.891957 0.049574
vt 0.891934 0.032437
vt 0.908443 0.160017
vt 0.908443 0.218395
vt 0.865756 0.202646
vt 0.873520 0.147136
vt 0.635275 0.085907
vt 0.648156 0.120825
vt 0.592644 0.128596
vt 0.576899 0.085907
vt 0.975955 0.162908
vt 0.987876 0.217916
vt 0.979135 0.217916
vt 0.968562 0.162910
vt 0.826772 0.049685
vt 0.817057 0.049701
vt 0.817028 0.032563
vt 0.826742 0.032548
vt 0.709472 0.198538
vt 0.716867 0.198538
vt 0.706286 0.143535
vt 0.697546 0.143534
vt 0.883868 0.049588
vt 0.883845 0.032451
vt 0.968562 0.154511
vt 0.968562 0.146422
vt 0.975957 0.146422
vt 0.975957 0.154511
vt 0.683910 0.032783
vt 0.683938 0.049917
vt 0.709472 0.206937
vt 0.709472 0.215027
vt 0.716868 0.215027
vt 0.716867 0.206937
vt 0.403146 0.337171
vt 0.481661 0.338149
vt 0.473985 0.344874
vt 0.407063 0.343994
vt 0.402010 0.392166
vt 0.406035 0.385357
vt 0.473703 0.384773
vt 0.480844 0.392148
vt 0.753204 0.032671
vt 0.753238 0.049801
vt 0.854476 0.201671
vt 0.865154 0.146420
vt 0.675866 0.058328
vt 0.621189 0.064317
vt 0.922221 0.225284
vt 0.978214 0.228178
vt 0.977333 0.236534
vt 0.921045 0.236534
vt 0.621110 0.018590
vt 0.675812 0.024398
vt 0.390739 0.345388
vt 0.398398 0.355492
vt 0.482246 0.254594
vt 0.474978 0.266575
vt 0.394721 0.265410
vt 0.384401 0.254594
vt 0.481647 0.355936
vt 0.493282 0.344762
vt 0.391527 0.384045
vt 0.399097 0.373722
vt 0.482740 0.373722
vt 0.493417 0.385743
vt 0.475015 0.476638
vt 0.376555 0.472924
vt 0.388162 0.462304
vt 0.468730 0.464616
vt 0.917634 0.162908
vt 0.918927 0.217914
vt 0.910561 0.217916
vt 0.910557 0.162908
vt 0.917634 0.154509
vt 0.910557 0.154509
vt 0.910557 0.146420
vt 0.917634 0.146420
vt 0.380934 0.266155
vt 0.394177 0.272389
vt 0.481302 0.274282
vt 0.493162 0.266255
vt 0.762650 0.049788
vt 0.762614 0.032653
vt 0.486806 0.465480
vt 0.475666 0.457438
vt 0.388609 0.454965
vt 0.375010 0.460657
vt 0.767793 0.206938
vt 0.767796 0.215024
vt 0.774871 0.215027
vt 0.774870 0.206937
vt 0.774870 0.198538
vt 0.767792 0.198539
vt 0.774865 0.143529
vt 0.766499 0.143532
vt 0.011956 0.020864
vt 0.012478 0.020832
vt 0.022838 0.028624
vt 0.019875 0.030251
vt 0.012627 0.020748
vt 0.028774 0.025387
vt 0.012466 0.020609
vt 0.036023 0.020184
vt 0.012034 0.020437
vt 0.032078 0.018010
vt 0.011469 0.020256
vt 0.026023 0.013664
vt 0.010723 0.020238
vt 0.022501 0.010787
vt 0.005768 0.020938
vt 0.020451 0.009784
vt 0.019354 0.030751
vt 0.047830 0.022207
vt 0.047826 0.023502
vt 0.048867 0.020772
vt 0.049973 0.019084
vt 0.049689 0.017649
vt 0.049053 0.016516
vt 0.047795 0.015473
vt 0.046233 0.014317
vt 0.048071 0.024995
vt 0.072191 0.021959
vt 0.072359 0.023132
vt 0.072233 0.020738
vt 0.072339 0.019264
vt 0.072452 0.017861
vt 0.072405 0.016718
vt 0.072003 0.015545
vt 0.071559 0.014131
vt 0.072596 0.024524
vt 0.098802 0.021602
vt 0.098790 0.022786
vt 0.099030 0.020371
vt 0.099333 0.018890
vt 0.099653 0.017490
vt 0.099811 0.016372
vt 0.099613 0.015226
vt 0.099440 0.013822
vt 0.098934 0.024171
vt 0.125965 0.021555
vt 0.126088 0.022797
vt 0.126062 0.020266
vt 0.126232 0.018727
vt 0.126528 0.017266
vt 0.126775 0.016123
vt 0.126678 0.014946
vt 0.126621 0.013529
vt 0.126401 0.024272
vt 0.153768 0.021875
vt 0.153910 0.023181
vt 0.153832 0.020516
vt 0.153959 0.018897
vt 0.154210 0.017312
vt 0.154433 0.016083
vt 0.154305 0.014840
vt 0.154217 0.013384
vt 0.154206 0.024730
vt 0.179605 0.022440
vt 0.179855 0.023813
vt 0.179486 0.020939
vt 0.179501 0.019219
vt 0.179907 0.017514
vt 0.180387 0.016130
vt 0.180699 0.014801
vt 0.181017 0.013314
vt 0.180245 0.025470
vt 0.208294 0.023403
vt 0.209130 0.024698
vt 0.207410 0.021969
vt 0.207234 0.020019
vt 0.207815 0.018025
vt 0.208863 0.016415
vt 0.209691 0.015025
vt 0.210060 0.013640
vt 0.209619 0.026168
vt 0.217055 0.021283
vt 0.218041 0.021569
vt 0.216426 0.020795
vt 0.216343 0.020043
vt 0.216476 0.019607
vt 0.216947 0.019309
vt 0.217808 0.018994
vt 0.223139 0.020273
vt 0.331568 0.156411
vt 0.331584 0.185029
vt 0.285018 0.164810
vt 0.304965 0.145245
vt 0.358286 0.145879
vt 0.377238 0.165336
vt 0.369579 0.119474
vt 0.397623 0.118747
vt 0.358765 0.093158
vt 0.378332 0.074061
vt 0.331949 0.081980
vt 0.331856 0.053894
vt 0.305535 0.092140
vt 0.286409 0.072780
vt 0.294413 0.118515
vt 0.265888 0.119384
vt 0.331639 0.209365
vt 0.267437 0.182509
vt 0.395116 0.182724
vt 0.421179 0.119296
vt 0.395706 0.056946
vt 0.331480 0.030105
vt 0.268531 0.055380
vt 0.241857 0.119090
vt 0.331199 0.229549
vt 0.254354 0.195933
vt 0.408629 0.196283
vt 0.441567 0.119411
vt 0.408452 0.043591
vt 0.331760 0.010203
vt 0.255072 0.042148
vt 0.221484 0.119171
vt 0.331891 0.118935
vt 0.438517 0.032448
vt 0.456630 0.014337
vt 0.469437 0.045257
vt 0.482246 0.014337
vt 0.500358 0.032450
vt 0.500358 0.058066
vt 0.482244 0.076177
vt 0.456629 0.076177
vt 0.438517 0.058064
vt 0.870216 0.827333
vt 0.829224 0.827333
vt 0.829224 0.843871
vt 0.870216 0.843871
vt 0.788701 0.827333
vt 0.788701 0.843871
vt 0.748548 0.827333
vt 0.748548 0.843871
vt 0.707349 0.827333
vt 0.707349 0.843871
vt 0.666916 0.827333
vt 0.666916 0.843871
vt 0.626168 0.827333
vt 0.626168 0.843871
vt 0.585564 0.827333
vt 0.585564 0.843871
vt 0.992195 0.827333
vt 0.951505 0.827333
vt 0.951505 0.843871
vt 0.992195 0.843871
vt 0.910359 0.827333
vt 0.910359 0.843871
vt 0.970072 0.808853
vt 0.945781 0.816627
vt 0.945972 0.775522
vt 0.985026 0.788291
vt 0.985026 0.762857
vt 0.970114 0.742302
vt 0.945953 0.734466
vt 0.921782 0.742255
vt 0.906888 0.762796
vt 0.906869 0.788189
vt 0.921709 0.808723
vt 0.857947 0.773978
vt 0.869374 0.738357
vt 0.888132 0.751881
vt 0.895355 0.773838
vt 0.888294 0.795855
vt 0.869638 0.809509
vt 0.846520 0.809602
vt 0.827763 0.796076
vt 0.820540 0.774117
vt 0.827605 0.752103
vt 0.846256 0.738445
vt 0.870216 0.964493
vt 0.870216 0.992322
vt 0.829224 0.992322
vt 0.829224 0.964493
vt 0.910791 0.964493
vt 0.910806 0.992319
vt 0.951364 0.964493
vt 0.951355 0.992322
vt 0.991919 0.964493
vt 0.991926 0.992331
vt 0.626168 0.964493
vt 0.626168 0.992331
vt 0.585564 0.992324
vt 0.585564 0.964493
vt 0.666916 0.964493
vt 0.666916 0.992330
vt 0.707349 0.964493
vt 0.707349 0.992318
vt 0.748548 0.964493
vt 0.748548 0.992318
vt 0.788701 0.964493
vt 0.788701 0.992325
vt 0.870216 0.954032
vt 0.829224 0.954032
vt 0.829224 0.964494
vt 0.870216 0.964494
vt 0.910359 0.964493
vt 0.910359 0.954032
vt 0.951505 0.964494
vt 0.951504 0.954032
vt 0.992195 0.964494
vt 0.992195 0.954032
vt 0.626168 0.964493
vt 0.626168 0.954032
vt 0.585564 0.954032
vt 0.585564 0.964494
vt 0.666916 0.964494
vt 0.666916 0.954032
vt 0.707348 0.964493
vt 0.707348 0.954032
vt 0.748547 0.964493
vt 0.748547 0.954032
vt 0.788701 0.964493
vt 0.788701 0.954032
vt 0.867269 0.804398
vt 0.866277 0.801358
vt 0.880489 0.791036
vt 0.883074 0.792913
vt 0.847722 0.804405
vt 0.848711 0.801364
vt 0.831917 0.792923
vt 0.834499 0.791041
vt 0.825870 0.774341
vt 0.829066 0.774341
vt 0.831908 0.755751
vt 0.834494 0.757630
vt 0.847711 0.744263
vt 0.848703 0.747302
vt 0.867252 0.744263
vt 0.866265 0.747304
vt 0.883067 0.755744
vt 0.880482 0.757625
vt 0.889105 0.774327
vt 0.885908 0.774327
vt 0.691716 0.552278
vt 0.691819 0.551121
vt 0.707538 0.551046
vt 0.707473 0.552234
vt 0.656407 0.552321
vt 0.656437 0.551165
vt 0.650056 0.552301
vt 0.644505 0.552296
vt 0.644377 0.551169
vt 0.650118 0.551183
vt 0.629002 0.552382
vt 0.628650 0.551249
vt 0.637571 0.551178
vt 0.637833 0.552309
vt 0.691924 0.549949
vt 0.707603 0.549856
vt 0.656433 0.550042
vt 0.644275 0.550105
vt 0.650164 0.550112
vt 0.628288 0.550095
vt 0.637314 0.550090
vt 0.692032 0.548767
vt 0.707667 0.548666
vt 0.656317 0.548966
vt 0.644165 0.549051
vt 0.650126 0.549068
vt 0.628014 0.548960
vt 0.637082 0.548972
vt 0.692070 0.558109
vt 0.691955 0.556925
vt 0.707664 0.556944
vt 0.707732 0.558136
vt 0.656169 0.558006
vt 0.656277 0.556927
vt 0.644117 0.558016
vt 0.644223 0.556955
vt 0.650155 0.556897
vt 0.650128 0.557944
vt 0.627989 0.558033
vt 0.628270 0.556894
vt 0.637193 0.557003
vt 0.636947 0.558136
vt 0.691845 0.555755
vt 0.707597 0.555753
vt 0.656332 0.555812
vt 0.644325 0.555887
vt 0.650096 0.555826
vt 0.628635 0.555745
vt 0.637481 0.555887
vt 0.691737 0.554599
vt 0.707529 0.554562
vt 0.656358 0.554666
vt 0.650028 0.554703
vt 0.644463 0.554749
vt 0.628992 0.554610
vt 0.637781 0.554727
vt 0.691638 0.553443
vt 0.707114 0.553404
vt 0.656362 0.553501
vt 0.644649 0.553508
vt 0.650022 0.553503
vt 0.629239 0.553494
vt 0.638016 0.553505
vt 0.708736 0.551655
vt 0.708709 0.553374
vt 0.709990 0.552114
vt 0.710479 0.553338
vt 0.710039 0.554583
vt 0.708812 0.555095
vt 0.656854 0.524243
vt 0.656854 0.525426
vt 0.623091 0.525535
vt 0.623097 0.524344
vt 0.681443 0.524436
vt 0.681514 0.525602
vt 0.696121 0.524436
vt 0.696142 0.525609
vt 0.688481 0.525609
vt 0.688454 0.524429
vt 0.712890 0.524536
vt 0.712870 0.525709
vt 0.703863 0.525666
vt 0.703843 0.524511
vt 0.722045 0.524626
vt 0.732385 0.524727
vt 0.732301 0.525869
vt 0.721997 0.525760
vt 0.745210 0.525133
vt 0.746078 0.526133
vt 0.656849 0.526628
vt 0.623087 0.526733
vt 0.681570 0.526751
vt 0.696156 0.526769
vt 0.688498 0.526765
vt 0.712845 0.526852
vt 0.703883 0.526808
vt 0.732218 0.526991
vt 0.721956 0.526885
vt 0.746951 0.527147
vt 0.656844 0.527895
vt 0.623388 0.527914
vt 0.681590 0.527903
vt 0.696160 0.527920
vt 0.688508 0.527905
vt 0.712825 0.527976
vt 0.703886 0.527948
vt 0.732174 0.528114
vt 0.721933 0.528035
vt 0.747309 0.528325
vt 0.656842 0.529149
vt 0.623104 0.529099
vt 0.681560 0.529050
vt 0.696148 0.529068
vt 0.688500 0.529050
vt 0.712814 0.529100
vt 0.703868 0.529090
vt 0.732185 0.529240
vt 0.721938 0.529175
vt 0.746941 0.529481
vt 0.656839 0.530351
vt 0.623094 0.530295
vt 0.681499 0.530178
vt 0.696127 0.530224
vt 0.688481 0.530196
vt 0.712811 0.530245
vt 0.703837 0.530223
vt 0.732249 0.530358
vt 0.721958 0.530299
vt 0.746063 0.530464
vt 0.656835 0.531531
vt 0.623100 0.531478
vt 0.681431 0.531328
vt 0.696094 0.531389
vt 0.688452 0.531358
vt 0.712812 0.531425
vt 0.703801 0.531368
vt 0.721980 0.531441
vt 0.732314 0.531494
vt 0.745184 0.531443
vt 0.656805 0.532684
vt 0.623171 0.532617
vt 0.681323 0.532506
vt 0.696021 0.532593
vt 0.688362 0.532553
vt 0.712811 0.532627
vt 0.703735 0.532575
vt 0.732344 0.532684
vt 0.721998 0.532633
vt 0.744816 0.532598
vt 0.656825 0.523092
vt 0.623165 0.523203
vt 0.681338 0.523265
vt 0.696086 0.523239
vt 0.688373 0.523240
vt 0.712896 0.523337
vt 0.703822 0.523307
vt 0.732435 0.523544
vt 0.722078 0.523438
vt 0.744879 0.523975
vt 0.620729 0.526710
vt 0.621913 0.526198
vt 0.621893 0.527936
vt 0.621949 0.529665
vt 0.620758 0.529190
vt 0.620249 0.527958
vt 0.621668 0.511634
vt 0.621664 0.512818
vt 0.587907 0.512932
vt 0.587912 0.511740
vt 0.646264 0.511824
vt 0.646331 0.512989
vt 0.660938 0.511818
vt 0.660954 0.512991
vt 0.653297 0.512993
vt 0.653274 0.511814
vt 0.677700 0.511916
vt 0.677678 0.513089
vt 0.668671 0.513047
vt 0.668656 0.511892
vt 0.686858 0.512006
vt 0.697200 0.512109
vt 0.697117 0.513253
vt 0.686809 0.513141
vt 0.710028 0.512519
vt 0.710898 0.513520
vt 0.621659 0.514021
vt 0.587906 0.514130
vt 0.646383 0.514138
vt 0.660963 0.514151
vt 0.653310 0.514148
vt 0.677652 0.514232
vt 0.668685 0.514188
vt 0.697034 0.514376
vt 0.686765 0.514266
vt 0.711774 0.514534
vt 0.621653 0.515288
vt 0.588210 0.515311
vt 0.646399 0.515290
vt 0.660961 0.515301
vt 0.653314 0.515288
vt 0.677630 0.515356
vt 0.668686 0.515328
vt 0.696991 0.515500
vt 0.686744 0.515417
vt 0.712135 0.515712
vt 0.621650 0.516542
vt 0.587929 0.516496
vt 0.646366 0.516436
vt 0.660944 0.516449
vt 0.653300 0.516432
vt 0.677617 0.516480
vt 0.668666 0.516470
vt 0.697003 0.516627
vt 0.686749 0.516558
vt 0.711769 0.516869
vt 0.621647 0.517743
vt 0.587921 0.517693
vt 0.646299 0.517565
vt 0.660918 0.517604
vt 0.653276 0.517579
vt 0.677613 0.517625
vt 0.668633 0.517603
vt 0.697069 0.517744
vt 0.686771 0.517682
vt 0.710892 0.517852
vt 0.621643 0.518922
vt 0.587929 0.518874
vt 0.646225 0.518714
vt 0.660883 0.518771
vt 0.653241 0.518740
vt 0.677615 0.518806
vt 0.668595 0.518750
vt 0.686794 0.518825
vt 0.697138 0.518881
vt 0.710014 0.518831
vt 0.621610 0.520073
vt 0.587999 0.520009
vt 0.646114 0.519889
vt 0.660810 0.519973
vt 0.653147 0.519933
vt 0.677616 0.520010
vt 0.668529 0.519958
vt 0.697168 0.520073
vt 0.686814 0.520019
vt 0.709645 0.519987
vt 0.621640 0.510482
vt 0.587974 0.510593
vt 0.646162 0.510654
vt 0.660905 0.510622
vt 0.653196 0.510625
vt 0.677706 0.510718
vt 0.668636 0.510689
vt 0.697252 0.510927
vt 0.686890 0.510819
vt 0.709695 0.511361
vt 0.585547 0.514105
vt 0.586730 0.513594
vt 0.586714 0.515332
vt 0.586775 0.517062
vt 0.585582 0.516586
vt 0.585069 0.515353
vt 0.671901 0.542185
vt 0.671804 0.543339
vt 0.656077 0.543402
vt 0.656137 0.542213
vt 0.707234 0.542179
vt 0.707176 0.543338
vt 0.713612 0.542202
vt 0.719136 0.542183
vt 0.719244 0.543294
vt 0.713540 0.543310
vt 0.734594 0.542069
vt 0.734937 0.543195
vt 0.726008 0.543261
vt 0.725781 0.542152
vt 0.671706 0.544507
vt 0.656017 0.544592
vt 0.707157 0.544459
vt 0.719336 0.544347
vt 0.713484 0.544371
vt 0.735289 0.544342
vt 0.726232 0.544328
vt 0.671605 0.545686
vt 0.655957 0.545783
vt 0.707264 0.545525
vt 0.719436 0.545391
vt 0.713513 0.545405
vt 0.735553 0.545471
vt 0.726447 0.545434
vt 0.671495 0.536337
vt 0.671617 0.537526
vt 0.655905 0.537497
vt 0.655833 0.536303
vt 0.707574 0.536480
vt 0.707471 0.537568
vt 0.719592 0.536441
vt 0.719492 0.537510
vt 0.713533 0.537590
vt 0.713556 0.536534
vt 0.735666 0.536422
vt 0.735373 0.537563
vt 0.726547 0.537439
vt 0.726809 0.536303
vt 0.671735 0.538699
vt 0.655978 0.538690
vt 0.707395 0.538688
vt 0.719395 0.538588
vt 0.713597 0.538669
vt 0.734998 0.538713
vt 0.726229 0.538569
vt 0.671852 0.539859
vt 0.656050 0.539880
vt 0.707341 0.539833
vt 0.713670 0.539801
vt 0.719243 0.539738
vt 0.734630 0.539848
vt 0.725896 0.539742
vt 0.671966 0.541017
vt 0.656483 0.541040
vt 0.707307 0.540998
vt 0.719023 0.540993
vt 0.713663 0.541007
vt 0.734370 0.540967
vt 0.725629 0.540978
vt 0.654873 0.542791
vt 0.654887 0.541071
vt 0.653613 0.542329
vt 0.653117 0.541103
vt 0.653551 0.539858
vt 0.654771 0.539347
s 0
usemtl Material.001
f 1/1/1 2/2/1 3/3/1
f 3/3/1 4/4/1 1/1/1
f 2/2/2 5/5/3 6/6/3
f 6/6/3 3/3/1 2/2/1
f 5/5/4 7/7/5 8/8/5
f 8/8/5 6/6/4 5/5/4
f 7/7/5 9/9/6 10/10/6
f 10/10/7 8/8/8 7/7/8
f 9/9/6 11/11/9 12/12/9
f 12/12/10 10/10/6 9/9/6
f 11/11/11 13/13/12 14/14/12
f 14/14/12 12/12/13 11/11/10
f 13/13/14 15/15/15 16/16/15
f 16/16/16 14/14/12 13/13/12
f 17/17/17 18/18/18 19/19/18
f 19/19/18 20/20/15 17/17/15
f 18/18/19 21/21/20 22/22/20
f 22/22/20 19/19/18 18/18/18
f 21/21/21 1/1/1 4/4/1
f 4/4/1 22/22/20 21/21/20
f 23/23/22 24/24/23 25/25/24
f 26/26/25 23/23/1 25/25/24
f 27/27/26 26/26/4 25/25/24
f 28/28/27 27/27/8 25/25/24
f 29/29/28 28/28/6 25/25/24
f 30/30/29 29/29/10 25/25/24
f 31/31/30 30/30/12 25/25/24
f 32/32/31 31/31/15 25/25/24
f 33/33/32 32/32/18 25/25/24
f 24/24/1 33/33/20 25/25/24
f 34/34/33 35/35/33 36/36/33
f 34/34/33 36/36/33 37/37/33
f 34/34/33 37/37/33 38/38/33
f 34/34/33 38/38/33 39/39/33
f 34/34/33 39/39/33 40/40/33
f 34/34/33 40/40/33 41/41/33
f 34/34/33 41/41/33 42/42/33
f 34/34/33 42/42/33 43/43/33
f 34/34/33 43/43/33 44/44/33
f 34/34/33 44/44/33 35/35/33
f 45/45/34 46/46/35 47/47/35
f 47/47/35 48/48/33 45/45/33
f 49/49/34 50/50/36 46/46/35
f 46/46/35 45/45/33 49/49/33
f 51/51/37 52/52/38 50/50/36
f 50/50/36 49/49/33 51/51/33
f 53/53/37 54/54/39 52/52/40
f 52/52/40 51/51/33 53/53/33
f 55/55/41 56/56/42 57/57/39
f 57/57/39 58/58/33 55/55/33
f 59/59/43 60/60/44 56/56/42
f 56/56/42 55/55/33 59/59/33
f 61/61/43 62/62/45 60/60/44
f 60/60/44 59/59/33 61/61/33
f 63/63/46 64/64/47 62/62/45
f 62/62/45 61/61/33 63/63/33
f 65/65/46 66/66/48 64/64/49
f 64/64/49 63/63/33 65/65/33
f 48/48/50 47/47/35 66/66/48
f 66/66/48 65/65/33 48/48/33
f 67/67/51 68/68/52 69/69/52
f 69/69/52 70/70/53 67/67/51
f 71/71/54 72/72/55 67/67/51
f 67/67/53 70/70/53 71/71/54
f 73/73/56 74/74/57 72/72/58
f 72/72/58 71/71/58 73/73/56
f 75/75/59 76/76/59 74/74/56
f 74/74/57 73/73/56 75/75/60
f 77/77/61 78/78/62 79/79/59
f 79/79/63 80/80/59 77/77/61
f 81/81/64 82/82/65 78/78/61
f 78/78/66 77/77/61 81/81/64
f 83/83/67 84/84/68 82/82/64
f 82/82/65 81/81/64 83/83/67
f 85/85/69 86/86/69 84/84/70
f 84/84/71 83/83/70 85/85/72
f 87/87/73 88/88/73 86/86/69
f 86/86/69 85/85/69 87/87/74
f 69/69/52 68/68/52 88/88/73
f 88/88/73 87/87/73 69/69/52
f 89/89/35 90/90/53 91/91/52
f 91/91/75 92/92/35 89/89/35
f 93/93/76 94/94/58 90/90/53
f 90/90/77 89/89/78 93/93/76
f 95/95/40 96/96/56 94/94/58
f 94/94/79 93/93/80 95/95/40
f 97/97/39 98/98/59 96/96/56
f 96/96/81 95/95/82 97/97/39
f 99/99/83 100/100/61 98/98/59
f 98/98/84 97/97/85 99/99/83
f 101/101/44 102/102/64 100/100/61
f 100/100/86 99/99/87 101/101/44
f 103/103/88 104/104/67 102/102/64
f 102/102/89 101/101/90 103/103/88
f 105/105/49 106/106/69 104/104/70
f 104/104/91 103/103/92 105/105/49
f 107/107/93 108/108/94 106/106/69
f 106/106/95 105/105/96 107/107/93
f 92/92/97 91/91/98 108/108/73
f 108/108/99 107/107/100 92/92/78
f 67/67/101 4/4/1 3/3/1
f 3/3/1 68/68/52 67/67/51
f 4/4/1 67/67/53 72/72/58
f 72/72/54 22/22/102 4/4/1
f 22/22/20 72/72/58 74/74/57
f 74/74/56 19/19/18 22/22/103
f 19/19/18 74/74/104 76/76/60
f 76/76/105 20/20/16 19/19/18
f 16/16/15 79/79/106 78/78/66
f 78/78/107 14/14/12 16/16/16
f 14/14/12 78/78/61 82/82/65
f 82/82/108 12/12/10 14/14/12
f 12/12/10 82/82/64 84/84/109
f 84/84/67 10/10/6 12/12/110
f 10/10/27 84/84/70 86/86/69
f 86/86/111 8/8/8 10/10/6
f 8/8/8 86/86/111 88/88/74
f 88/88/94 6/6/4 8/8/8
f 6/6/4 88/88/112 68/68/113
f 68/68/98 3/3/1 6/6/4
f 109/109/114 110/110/114 111/111/114
f 111/111/114 112/112/114 109/109/114
f 110/110/115 113/113/116 114/114/116
f 114/114/116 111/111/114 110/110/114
f 113/113/117 115/115/118 116/116/118
f 116/116/118 114/114/116 113/113/116
f 115/115/118 117/117/119 118/118/119
f 118/118/119 116/116/118 115/115/118
f 117/117/119 119/119/120 120/120/120
f 120/120/120 118/118/119 117/117/119
f 119/119/121 121/121/122 122/122/122
f 122/122/122 120/120/120 119/119/120
f 121/121/123 123/123/124 124/124/124
f 124/124/124 122/122/122 121/121/122
f 125/125/125 126/126/126 127/127/126
f 127/127/126 128/128/124 125/125/124
f 126/126/127 129/129/128 130/130/128
f 130/130/128 127/127/126 126/126/126
f 129/129/129 109/109/114 112/112/114
f 112/112/114 130/130/128 129/129/128
f 131/131/130 132/132/131 133/133/24
f 134/134/132 131/131/131 133/133/24
f 135/135/118 134/134/116 133/133/24
f 136/136/133 135/135/134 133/133/24
f 137/137/135 136/136/136 133/133/24
f 138/138/137 137/137/120 133/133/24
f 139/139/138 138/138/139 133/133/24
f 140/140/126 139/139/124 133/133/24
f 141/141/140 140/140/141 133/133/24
f 132/132/130 141/141/142 133/133/24
f 142/142/33 143/143/33 144/144/33
f 142/142/33 144/144/33 145/145/33
f 142/142/33 145/145/33 146/146/33
f 142/142/33 146/146/33 147/147/33
f 142/142/33 147/147/33 148/148/33
f 142/142/33 148/148/33 149/149/33
f 142/142/33 149/149/33 150/150/33
f 142/142/33 150/150/33 151/151/33
f 142/142/33 151/151/33 152/152/33
f 142/142/33 152/152/33 143/143/33
f 153/153/37 154/154/143 155/155/143
f 155/155/143 156/156/33 153/153/33
f 157/157/37 158/158/144 154/154/143
f 154/154/143 153/153/33 157/157/33
f 159/159/37 160/160/145 158/158/144
f 158/158/144 157/157/33 159/159/33
f 161/161/43 162/162/146 160/160/145
f 160/160/145 159/159/33 161/161/33
f 163/163/43 164/164/147 165/165/146
f 165/165/146 166/166/33 163/163/33
f 167/167/46 168/168/148 164/164/147
f 164/164/147 163/163/33 167/167/33
f 169/169/46 170/170/149 168/168/148
f 168/168/148 167/167/33 169/169/33
f 171/171/46 172/172/150 170/170/149
f 170/170/149 169/169/33 171/171/33
f 173/173/34 174/174/151 172/172/150
f 172/172/150 171/171/33 173/173/33
f 156/156/34 155/155/143 174/174/151
f 174/174/151 173/173/33 156/156/33
f 175/175/152 176/176/153 177/177/153
f 177/177/153 178/178/152 175/175/154
f 179/179/155 180/180/155 175/175/156
f 175/175/156 178/178/157 179/179/158
f 181/181/159 182/182/159 180/180/160
f 180/180/161 179/179/160 181/181/159
f 183/183/162 184/184/162 182/182/159
f 182/182/163 181/181/164 183/183/165
f 185/185/166 186/186/167 187/187/162
f 187/187/162 188/188/162 185/185/168
f 189/189/169 190/190/170 186/186/168
f 186/186/167 185/185/166 189/189/171
f 191/191/172 192/192/173 190/190/174
f 190/190/175 189/189/171 191/191/172
f 193/193/176 194/194/176 192/192/177
f 192/192/172 191/191/178 193/193/176
f 195/195/179 196/196/179 194/194/180
f 194/194/180 193/193/176 195/195/181
f 177/177/153 176/176/182 196/196/179
f 196/196/179 195/195/179 177/177/153
f 197/197/143 198/198/157 199/199/153
f 199/199/183 200/200/143 197/197/143
f 201/201/144 202/202/184 198/198/157
f 198/198/185 197/197/186 201/201/144
f 203/203/145 204/204/164 202/202/160
f 202/202/187 201/201/188 203/203/145
f 205/205/189 206/206/162 204/204/164
f 204/204/190 203/203/191 205/205/189
f 207/207/147 208/208/166 206/206/162
f 206/206/192 205/205/193 207/207/147
f 209/209/148 210/210/194 208/208/166
f 208/208/195 207/207/196 209/209/148
f 211/211/149 212/212/177 210/210/171
f 210/210/197 209/209/198 211/211/149
f 213/213/150 214/214/180 212/212/177
f 212/212/199 211/211/200 213/213/150
f 215/215/201 216/216/179 214/214/180
f 214/214/202 213/213/203 215/215/201
f 200/200/186 199/199/153 216/216/179
f 216/216/204 215/215/205 200/200/186
f 175/175/152 112/112/114 111/111/114
f 111/111/114 176/176/153 175/175/206
f 112/112/114 175/175/157 180/180/161
f 180/180/184 130/130/128 112/112/114
f 130/130/128 180/180/160 182/182/163
f 182/182/159 127/127/126 130/130/128
f 127/127/141 182/182/164 184/184/162
f 184/184/162 128/128/124 127/127/126
f 124/124/207 187/187/162 186/186/168
f 186/186/208 122/122/122 124/124/124
f 122/122/122 186/186/166 190/190/175
f 190/190/169 120/120/120 122/122/122
f 120/120/120 190/190/171 192/192/177
f 192/192/178 118/118/119 120/120/120
f 118/118/133 192/192/177 194/194/180
f 194/194/176 116/116/118 118/118/119
f 116/116/134 194/194/209 196/196/181
f 196/196/210 114/114/116 116/116/118
f 114/114/211 196/196/179 176/176/212
f 176/176/213 111/111/114 114/114/116
f 217/217/114 218/218/114 219/219/114
f 219/219/114 220/220/114 217/217/114
f 218/218/115 221/221/116 222/222/116
f 222/222/116 219/219/114 218/218/114
f 221/221/117 223/223/118 224/224/118
f 224/224/118 222/222/116 221/221/116
f 223/223/214 225/225/119 226/226/119
f 226/226/119 224/224/118 223/223/118
f 225/225/215 227/227/120 228/228/120
f 228/228/120 226/226/119 225/225/119
f 227/227/121 229/229/122 230/230/122
f 230/230/122 228/228/120 227/227/120
f 229/229/123 231/231/124 232/232/124
f 232/232/124 230/230/122 229/229/122
f 233/233/125 234/234/126 235/235/126
f 235/235/126 236/236/124 233/233/124
f 234/234/127 237/237/128 238/238/128
f 238/238/128 235/235/126 234/234/126
f 237/237/129 217/217/114 220/220/114
f 220/220/114 238/238/128 237/237/128
f 239/239/130 240/240/131 241/241/24
f 242/242/132 239/239/114 241/241/24
f 243/243/118 242/242/216 241/241/24
f 244/244/133 243/243/134 241/241/24
f 245/245/135 244/244/136 241/241/24
f 246/246/137 245/245/120 241/241/24
f 247/247/138 246/246/139 241/241/24
f 248/248/126 247/247/124 241/241/24
f 249/249/140 248/248/141 241/241/24
f 240/240/130 249/249/142 241/241/24
f 250/250/33 251/251/33 252/252/33
f 250/250/33 252/252/33 253/253/33
f 250/250/33 253/253/33 254/254/33
f 250/250/33 254/254/33 255/255/33
f 250/250/33 255/255/33 256/256/33
f 250/250/33 256/256/33 257/257/33
f 250/250/33 257/257/33 258/258/33
f 250/250/33 258/258/33 259/259/33
f 250/250/33 259/259/33 260/260/33
f 250/250/33 260/260/33 251/251/33
f 261/261/37 262/262/143 263/263/143
f 263/263/143 264/264/33 261/261/33
f 265/265/37 266/266/144 262/262/143
f 262/262/143 261/261/33 265/265/33
f 267/267/37 268/268/145 266/266/144
f 266/266/144 265/265/33 267/267/33
f 269/269/43 270/270/146 268/268/145
f 268/268/145 267/267/33 269/269/33
f 271/271/43 272/272/147 273/273/146
f 273/273/146 274/274/33 271/271/33
f 275/275/46 276/276/148 272/272/147
f 272/272/147 271/271/33 275/275/33
f 277/277/46 278/278/149 276/276/148
f 276/276/148 275/275/33 277/277/33
f 279/279/46 280/280/150 278/278/149
f 278/278/149 277/277/33 279/279/33
f 281/281/34 282/282/151 280/280/150
f 280/280/150 279/279/33 281/281/33
f 264/264/34 263/263/143 282/282/151
f 282/282/151 281/281/33 264/264/33
f 283/283/152 284/284/153 285/285/153
f 285/285/217 286/286/152 283/283/218
f 287/287/155 288/288/155 283/283/156
f 283/283/206 286/286/156 287/287/158
f 289/289/159 290/290/163 288/288/160
f 288/288/161 287/287/160 289/289/219
f 291/291/162 292/292/162 290/290/163
f 290/290/163 289/289/164 291/291/162
f 293/293/167 294/294/167 295/295/162
f 295/295/162 296/296/162 293/293/168
f 297/297/169 298/298/170 294/294/168
f 294/294/168 293/293/166 297/297/169
f 299/299/178 300/300/178 298/298/174
f 298/298/175 297/297/174 299/299/173
f 301/301/176 302/302/220 300/300/177
f 300/300/221 299/299/177 301/301/176
f 303/303/179 304/304/181 302/302/180
f 302/302/222 301/301/180 303/303/181
f 285/285/182 284/284/182 304/304/181
f 304/304/181 303/303/179 285/285/153
f 305/305/143 306/306/218 307/307/153
f 307/307/183 308/308/143 305/305/143
f 309/309/144 310/310/223 306/306/157
f 306/306/185 305/305/186 309/309/144
f 311/311/145 312/312/159 310/310/160
f 310/310/187 309/309/188 311/311/145
f 313/313/189 314/314/162 312/312/164
f 312/312/190 311/311/224 313/313/189
f 315/315/147 316/316/167 314/314/162
f 314/314/192 313/313/193 315/315/147
f 317/317/148 318/318/194 316/316/166
f 316/316/225 315/315/196 317/317/148
f 319/319/149 320/320/221 318/318/171
f 318/318/197 317/317/198 319/319/149
f 321/321/150 322/322/180 320/320/221
f 320/320/199 319/319/200 321/321/150
f 323/323/201 324/324/179 322/322/180
f 322/322/202 321/321/203 323/323/201
f 308/308/226 307/307/153 324/324/179
f 324/324/204 323/323/205 308/308/186
f 283/283/152 220/220/114 219/219/114
f 219/219/114 284/284/153 283/283/206
f 220/220/114 283/283/157 288/288/161
f 288/288/184 238/238/128 220/220/115
f 238/238/142 288/288/160 290/290/163
f 290/290/159 235/235/126 238/238/128
f 235/235/141 290/290/164 292/292/165
f 292/292/227 236/236/124 235/235/126
f 232/232/207 295/295/162 294/294/168
f 294/294/228 230/230/122 232/232/124
f 230/230/122 294/294/166 298/298/175
f 298/298/169 228/228/120 230/230/122
f 228/228/120 298/298/171 300/300/229
f 300/300/172 226/226/119 228/228/120
f 226/226/136 300/300/177 302/302/222
f 302/302/176 224/224/118 226/226/119
f 224/224/134 302/302/222 304/304/181
f 304/304/210 222/222/116 224/224/118
f 222/222/211 304/304/179 284/284/212
f 284/284/213 219/219/114 222/222/116
f 325/325/33 326/326/33 327/327/33
f 327/327/33 328/328/33 325/325/33
f 329/329/230 330/330/230 331/331/230
f 331/331/230 332/332/230 329/329/230
f 333/333/231 334/334/231 335/335/231
f 335/335/231 336/336/231 333/333/231
f 337/337/232 338/338/232 339/339/232
f 339/339/232 340/340/232 337/337/232
f 341/341/24 342/342/24 343/343/24
f 343/343/24 344/344/24 341/341/24
f 345/345/233 346/346/233 347/347/24
f 347/347/24 348/348/24 345/345/233
f 328/328/33 349/349/234 350/350/235
f 350/350/235 325/325/33 328/328/33
f 351/351/24 352/352/24 353/353/236
f 353/353/236 354/354/236 351/351/24
f 355/355/233 356/356/233 357/357/233
f 357/357/233 358/358/233 355/355/233
f 342/342/24 333/333/231 336/336/231
f 336/336/237 343/343/24 342/342/24
f 359/359/236 360/360/236 361/361/236
f 361/361/236 362/362/236 359/359/236
f 349/349/234 363/363/238 364/364/239
f 364/364/239 350/350/235 349/349/234
f 348/348/24 329/329/230 332/332/240
f 332/332/241 345/345/233 348/348/24
f 365/365/242 366/366/230 367/367/243
f 367/367/243 341/341/24 365/365/242
f 326/326/33 325/325/33 368/368/33
f 368/368/33 369/369/33 326/326/33
f 370/370/242 344/344/24 371/371/244
f 371/371/244 372/372/232 370/370/242
f 354/354/236 338/338/232 337/337/245
f 337/337/246 351/351/24 354/354/247
f 327/327/33 373/373/33 374/374/33
f 374/374/33 328/328/33 327/327/33
f 375/375/233 355/355/233 358/358/248
f 358/358/233 376/376/24 375/375/233
f 377/377/239 378/378/249 379/379/249
f 379/379/250 380/380/251 377/377/239
f 381/381/231 357/357/233 356/356/233
f 356/356/233 382/382/231 381/381/231
f 376/376/24 358/358/233 357/357/233
f 357/357/233 381/381/231 376/376/24
f 383/383/236 384/384/24 360/360/236
f 360/360/252 359/359/236 383/383/236
f 385/385/231 361/361/236 360/360/253
f 360/360/236 384/384/24 385/385/231
f 385/385/231 386/386/231 362/362/236
f 362/362/236 361/361/236 385/385/231
f 387/387/238 388/388/254 389/389/255
f 389/389/256 390/390/256 387/387/238
f 391/391/230 392/392/230 393/393/33
f 393/393/33 394/394/33 391/391/230
f 395/395/144 391/391/230 394/394/33
f 394/394/33 396/396/33 395/395/144
f 395/395/144 396/396/33 397/397/251
f 397/397/235 398/398/233 395/395/144
f 399/399/233 380/380/235 379/379/250
f 379/379/257 400/400/258 399/399/233
f 400/400/258 379/379/250 378/378/249
f 378/378/249 401/401/233 400/400/259
f 402/402/260 401/401/261 378/378/250
f 378/378/249 377/377/239 402/402/260
f 403/403/260 364/364/262 363/363/238
f 363/363/238 404/404/263 403/403/260
f 405/405/263 387/387/238 390/390/256
f 390/390/255 406/406/264 405/405/263
f 407/407/236 406/406/264 390/390/256
f 390/390/256 389/389/255 407/407/236
f 408/408/265 407/407/252 389/389/255
f 389/389/255 388/388/266 408/408/265
f 409/409/236 410/410/265 411/411/234
f 411/411/254 412/412/33 409/409/236
f 409/409/252 412/412/33 413/413/33
f 413/413/33 414/414/144 409/409/236
f 414/414/267 413/413/33 415/415/33
f 415/415/33 416/416/232 414/414/268
f 332/332/230 331/331/230 392/392/230
f 392/392/230 391/391/230 332/332/230
f 345/345/233 332/332/230 391/391/269
f 391/391/269 395/395/144 345/345/261
f 345/345/233 395/395/144 398/398/233
f 398/398/233 346/346/233 345/345/233
f 375/375/233 399/399/248 400/400/258
f 400/400/258 355/355/233 375/375/233
f 355/355/233 400/400/258 401/401/233
f 401/401/233 356/356/233 355/355/233
f 402/402/260 382/382/231 356/356/233
f 356/356/248 401/401/233 402/402/260
f 334/334/270 403/403/260 404/404/263
f 404/404/271 335/335/231 334/334/231
f 362/362/236 386/386/231 405/405/263
f 405/405/263 406/406/264 362/362/252
f 359/359/236 362/362/236 406/406/272
f 406/406/264 407/407/236 359/359/236
f 383/383/236 359/359/236 407/407/236
f 407/407/236 408/408/265 383/383/236
f 354/354/236 353/353/236 410/410/265
f 410/410/265 409/409/236 354/354/236
f 354/354/247 409/409/236 414/414/144
f 414/414/144 338/338/246 354/354/236
f 338/338/232 414/414/144 416/416/232
f 416/416/232 339/339/232 338/338/232
f 341/341/24 344/344/24 370/370/242
f 370/370/242 365/365/242 341/341/24
f 417/417/143 418/418/143 419/419/273
f 419/419/273 420/420/273 417/417/143
f 421/421/274 422/422/274 418/418/143
f 418/418/143 417/417/186 421/421/274
f 423/423/275 424/424/275 422/422/274
f 422/422/274 421/421/274 423/423/275
f 425/425/233 426/426/233 424/424/275
f 424/424/275 423/423/275 425/425/233
f 427/427/151 428/428/151 426/426/233
f 426/426/233 425/425/233 427/427/151
f 429/429/276 430/430/276 428/428/151
f 428/428/151 427/427/151 429/429/276
f 431/431/150 432/432/277 430/430/276
f 430/430/276 429/429/276 431/431/150
f 433/433/278 434/434/278 432/432/150
f 432/432/150 431/431/150 433/433/278
f 435/435/149 436/436/149 434/434/278
f 434/434/278 433/433/278 435/435/149
f 437/437/279 438/438/279 436/436/149
f 436/436/149 435/435/149 437/437/279
f 439/439/148 440/440/148 438/438/279
f 438/438/279 437/437/279 439/439/148
f 441/441/280 442/442/281 440/440/148
f 440/440/148 439/439/198 441/441/280
f 443/443/147 444/444/282 442/442/280
f 442/442/280 441/441/280 443/443/147
f 445/445/236 446/446/236 444/444/282
f 444/444/282 443/443/147 445/445/236
f 447/447/146 448/448/283 449/449/236
f 449/449/236 450/450/236 447/447/146
f 451/451/284 452/452/285 448/448/146
f 448/448/146 447/447/146 451/451/284
f 453/453/145 454/454/145 452/452/284
f 452/452/284 451/451/284 453/453/145
f 455/455/286 456/456/286 454/454/145
f 454/454/145 453/453/145 455/455/286
f 457/457/144 458/458/287 456/456/286
f 456/456/286 455/455/286 457/457/144
f 420/420/273 419/419/273 458/458/287
f 458/458/287 457/457/144 420/420/273
f 459/459/143 460/460/273 461/461/24
f 462/462/274 459/459/143 461/461/24
f 463/463/275 462/462/274 461/461/24
f 464/464/233 463/463/275 461/461/24
f 465/465/151 464/464/233 461/461/24
f 466/466/276 465/465/151 461/461/24
f 467/467/150 466/466/276 461/461/24
f 468/468/278 467/467/150 461/461/24
f 469/469/149 468/468/278 461/461/24
f 470/470/279 469/469/149 461/461/24
f 471/471/148 470/470/279 461/461/24
f 472/472/280 471/471/148 461/461/24
f 473/473/147 472/472/280 461/461/24
f 474/474/236 473/473/147 461/461/24
f 475/475/146 474/474/236 461/461/24
f 476/476/284 475/475/146 461/461/24
f 477/477/145 476/476/284 461/461/24
f 478/478/286 477/477/145 461/461/24
f 479/479/144 478/478/286 461/461/24
f 460/460/273 479/479/144 461/461/24
f 480/480/33 481/481/33 482/482/33
f 481/481/33 483/483/33 482/482/33
f 483/483/33 484/484/33 482/482/33
f 484/484/33 485/485/33 482/482/33
f 485/485/33 486/486/33 482/482/33
f 486/486/33 487/487/33 482/482/33
f 487/487/33 488/488/33 482/482/33
f 488/488/33 489/489/33 482/482/33
f 489/489/33 490/490/33 482/482/33
f 490/490/33 491/491/33 482/482/33
f 491/491/33 492/492/33 482/482/33
f 492/492/33 493/493/33 482/482/33
f 493/493/33 494/494/33 482/482/33
f 494/494/33 495/495/33 482/482/33
f 495/495/33 496/496/33 482/482/33
f 496/496/33 497/497/33 482/482/33
f 497/497/33 498/498/33 482/482/33
f 498/498/33 499/499/33 482/482/33
f 499/499/33 500/500/33 482/482/33
f 500/500/33 480/480/33 482/482/33
f 501/501/143 502/502/143 503/503/273
f 503/503/273 504/504/273 501/501/143
f 504/504/273 503/503/273 505/505/144
f 505/505/144 506/506/287 504/504/273
f 506/506/287 505/505/144 507/507/286
f 507/507/286 508/508/288 506/506/287
f 508/508/286 507/507/286 509/509/145
f 509/509/145 510/510/224 508/508/286
f 510/510/145 509/509/145 511/511/284
f 511/511/284 512/512/284 510/510/145
f 512/512/284 511/511/284 513/513/146
f 513/513/146 514/514/146 512/512/284
f 514/514/146 513/513/146 515/515/236
f 515/515/236 516/516/236 514/514/146
f 517/517/236 518/518/236 519/519/147
f 519/519/147 520/520/282 517/517/236
f 520/520/282 519/519/147 521/521/280
f 521/521/280 522/522/280 520/520/282
f 522/522/280 521/521/280 523/523/148
f 523/523/148 524/524/148 522/522/280
f 524/524/148 523/523/148 525/525/279
f 525/525/279 526/526/279 524/524/148
f 526/526/279 525/525/279 527/527/149
f 527/527/149 528/528/149 526/526/279
f 528/528/149 527/527/149 529/529/278
f 529/529/278 530/530/278 528/528/149
f 530/530/278 529/529/278 531/531/150
f 531/531/150 532/532/150 530/530/278
f 532/532/150 531/531/277 533/533/276
f 533/533/276 534/534/289 532/532/150
f 534/534/276 533/533/276 535/535/151
f 535/535/151 536/536/151 534/534/276
f 536/536/151 535/535/151 537/537/233
f 537/537/233 538/538/233 536/536/151
f 538/538/233 537/537/233 539/539/275
f 539/539/275 540/540/275 538/538/233
f 540/540/275 539/539/275 541/541/274
f 541/541/274 542/542/274 540/540/275
f 542/542/274 541/541/274 502/502/143
f 502/502/143 501/501/186 542/542/274
f 543/543/287 544/544/287 545/545/286
f 545/545/286 546/546/286 543/543/287
f 546/546/286 545/545/286 547/547/145
f 547/547/145 548/548/145 546/546/286
f 548/548/145 547/547/145 549/549/284
f 549/549/284 550/550/284 548/548/145
f 550/550/284 549/549/284 551/551/146
f 551/551/146 552/552/146 550/550/284
f 552/552/146 551/551/146 553/553/236
f 553/553/236 554/554/236 552/552/146
f 555/555/236 556/556/236 557/557/282
f 557/557/282 558/558/282 555/555/236
f 559/559/273 560/560/24 561/561/24
f 561/561/24 562/562/143 559/559/273
f 563/563/287 564/564/24 560/560/24
f 560/560/24 559/559/273 563/563/290
f 565/565/280 566/566/24 567/567/24
f 567/567/24 568/568/282 565/565/291
f 569/569/148 570/570/24 566/566/24
f 566/566/24 565/565/280 569/569/148
f 571/571/279 572/572/24 570/570/24
f 570/570/24 569/569/148 571/571/279
f 573/573/149 574/574/24 572/572/24
f 572/572/24 571/571/279 573/573/149
f 575/575/278 576/576/24 574/574/24
f 574/574/24 573/573/149 575/575/278
f 577/577/150 578/578/24 576/576/24
f 576/576/24 575/575/278 577/577/150
f 579/579/276 580/580/24 578/578/24
f 578/578/24 577/577/150 579/579/276
f 581/581/151 582/582/24 580/580/24
f 580/580/24 579/579/276 581/581/151
f 583/583/233 584/584/24 582/582/24
f 582/582/24 581/581/151 583/583/233
f 585/585/275 586/586/24 584/584/24
f 584/584/24 583/583/233 585/585/275
f 587/587/274 588/588/24 586/586/24
f 586/586/24 585/585/275 587/587/274
f 562/562/143 561/561/24 588/588/24
f 588/588/24 587/587/274 562/562/143
f 589/589/143 590/590/33 591/591/33
f 591/591/33 592/592/273 589/589/143
f 593/593/290 594/594/233 564/564/24
f 564/564/292 595/595/290 593/593/293
f 592/592/294 591/591/33 594/594/233
f 594/594/295 596/596/287 592/592/273
f 597/597/282 598/598/24 599/599/278
f 599/599/278 600/600/282 597/597/296
f 601/601/297 602/602/278 603/603/33
f 603/603/33 604/604/280 601/601/282
f 604/604/280 603/603/33 605/605/33
f 605/605/33 606/606/148 604/604/280
f 606/606/148 605/605/33 607/607/33
f 607/607/33 608/608/279 606/606/148
f 608/608/279 607/607/33 609/609/33
f 609/609/33 610/610/149 608/608/279
f 610/610/149 609/609/33 611/611/33
f 611/611/33 612/612/278 610/610/149
f 612/612/278 611/611/33 613/613/33
f 613/613/33 614/614/150 612/612/278
f 614/614/150 613/613/33 615/615/33
f 615/615/33 616/616/276 614/614/150
f 616/616/276 615/615/33 617/617/33
f 617/617/33 618/618/151 616/616/276
f 618/618/151 617/617/33 619/619/33
f 619/619/33 620/620/233 618/618/151
f 620/620/233 619/619/33 621/621/33
f 621/621/33 622/622/275 620/620/233
f 622/622/275 621/621/33 623/623/33
f 623/623/33 624/624/274 622/622/275
f 624/624/274 623/623/33 590/590/33
f 590/590/33 589/589/143 624/624/274
f 625/625/298 564/564/24 594/594/261
f 594/594/233 626/626/298 625/625/298
f 627/627/150 625/625/298 626/626/298
f 626/626/298 628/628/150 627/627/150
f 629/629/276 627/627/150 628/628/150
f 628/628/150 630/630/276 629/629/276
f 631/631/151 629/629/276 630/630/276
f 630/630/276 632/632/151 631/631/151
f 633/633/299 631/631/151 632/632/151
f 632/632/151 634/634/299 633/633/299
f 567/567/300 633/633/299 634/634/299
f 634/634/299 602/602/278 567/567/24
f 561/561/24 560/560/24 635/635/24
f 560/560/24 564/564/24 635/635/24
f 567/567/24 566/566/24 635/635/24
f 566/566/24 570/570/24 635/635/24
f 570/570/24 572/572/24 635/635/24
f 572/572/24 574/574/24 635/635/24
f 574/574/24 576/576/24 635/635/24
f 576/576/24 578/578/24 635/635/24
f 578/578/24 580/580/24 635/635/24
f 580/580/24 582/582/24 635/635/24
f 582/582/24 584/584/24 635/635/24
f 584/584/24 586/586/24 635/635/24
f 586/586/24 588/588/24 635/635/24
f 588/588/24 561/561/24 635/635/24
f 564/564/24 625/625/301 635/635/24
f 625/625/298 627/627/302 635/635/24
f 627/627/150 629/629/303 635/635/24
f 629/629/304 631/631/305 635/635/24
f 631/631/151 633/633/306 635/635/24
f 633/633/299 567/567/24 635/635/24
f 591/591/33 590/590/33 636/636/33
f 594/594/295 591/591/33 636/636/33
f 603/603/33 602/602/307 636/636/33
f 605/605/33 603/603/33 636/636/33
f 607/607/33 605/605/33 636/636/33
f 609/609/33 607/607/33 636/636/33
f 611/611/33 609/609/33 636/636/33
f 613/613/33 611/611/33 636/636/33
f 615/615/33 613/613/33 636/636/33
f 617/617/33 615/615/33 636/636/33
f 619/619/33 617/617/33 636/636/33
f 621/621/33 619/619/33 636/636/33
f 623/623/33 621/621/33 636/636/33
f 590/590/33 623/623/33 636/636/33
f 626/626/298 594/594/233 636/636/33
f 628/628/150 626/626/301 636/636/33
f 630/630/276 628/628/302 636/636/33
f 632/632/308 630/630/303 636/636/33
f 634/634/299 632/632/305 636/636/33
f 602/602/278 634/634/306 636/636/33
f 637/637/309 638/638/310 639/639/311
f 639/639/311 640/640/312 637/637/309
f 640/640/312 639/639/311 641/641/313
f 641/641/313 642/642/314 640/640/312
f 642/642/314 641/641/313 643/643/315
f 643/643/316 644/644/317 642/642/314
f 644/644/318 643/643/316 645/645/319
f 645/645/320 646/646/321 644/644/318
f 646/646/321 645/645/320 647/647/322
f 647/647/322 648/648/323 646/646/321
f 648/648/323 647/647/324 649/649/325
f 649/649/325 650/650/326 648/648/323
f 650/650/327 649/649/325 651/651/328
f 651/651/328 652/652/329 650/650/327
f 653/653/329 654/654/328 655/655/330
f 655/655/330 656/656/331 653/653/329
f 656/656/332 655/655/330 657/657/333
f 657/657/333 658/658/334 656/656/332
f 658/658/334 657/657/335 659/659/336
f 659/659/336 660/660/337 658/658/334
f 660/660/337 659/659/338 661/661/339
f 661/661/339 662/662/340 660/660/337
f 662/662/340 661/661/339 663/663/341
f 663/663/341 664/664/342 662/662/340
f 664/664/343 663/663/341 665/665/344
f 665/665/344 666/666/345 664/664/343
f 666/666/345 665/665/344 667/667/346
f 667/667/347 668/668/348 666/666/345
f 668/668/349 667/667/347 669/669/350
f 669/669/350 670/670/351 668/668/349
f 670/670/351 669/669/352 671/671/353
f 671/671/353 672/672/354 670/670/351
f 672/672/354 671/671/355 673/673/356
f 673/673/356 674/674/357 672/672/354
f 674/674/358 673/673/356 675/675/359
f 675/675/359 676/676/360 674/674/358
f 676/676/360 675/675/359 677/677/361
f 677/677/362 678/678/363 676/676/360
f 637/637/309 678/678/364 677/677/362
f 677/677/362 638/638/365 637/637/309
f 679/679/366 680/680/366 681/681/367
f 681/681/367 682/682/367 679/679/366
f 682/682/367 681/681/367 683/683/368
f 683/683/368 684/684/368 682/682/367
f 684/684/368 683/683/368 685/685/369
f 685/685/369 686/686/369 684/684/368
f 686/686/369 685/685/369 687/687/370
f 687/687/370 688/688/370 686/686/369
f 688/688/371 687/687/371 689/689/372
f 689/689/372 690/690/372 688/688/371
f 690/690/373 689/689/373 691/691/374
f 691/691/374 692/692/374 690/690/372
f 692/692/374 691/691/374 693/693/375
f 693/693/375 694/694/375 692/692/374
f 695/695/375 696/696/375 697/697/376
f 697/697/376 698/698/376 695/695/375
f 698/698/376 697/697/376 699/699/377
f 699/699/378 700/700/378 698/698/376
f 700/700/378 699/699/378 701/701/379
f 701/701/379 702/702/379 700/700/378
f 702/702/380 701/701/380 703/703/381
f 703/703/381 704/704/381 702/702/380
f 704/704/381 703/703/381 705/705/382
f 705/705/382 706/706/382 704/704/381
f 706/706/382 705/705/382 707/707/383
f 707/707/383 708/708/383 706/706/382
f 708/708/383 707/707/383 709/709/384
f 709/709/384 710/710/384 708/708/383
f 710/710/385 709/709/385 711/711/386
f 711/711/386 712/712/387 710/710/385
f 712/712/388 711/711/389 713/713/390
f 713/713/390 714/714/390 712/712/389
f 714/714/390 713/713/390 715/715/391
f 715/715/391 716/716/391 714/714/390
f 716/716/391 715/715/391 717/717/392
f 717/717/392 718/718/392 716/716/391
f 718/718/392 717/717/392 719/719/393
f 719/719/393 720/720/393 718/718/392
f 720/720/394 719/719/394 680/680/395
f 680/680/395 679/679/395 720/720/394
f 721/721/396 679/679/397 682/682/367
f 682/682/398 722/722/311 721/721/310
f 723/723/399 724/724/400 725/725/401
f 725/725/402 726/726/403 723/723/399
f 722/722/404 682/682/367 684/684/368
f 684/684/405 727/727/313 722/722/406
f 728/728/407 729/729/408 724/724/409
f 724/724/410 723/723/399 728/728/407
f 727/727/411 684/684/368 686/686/412
f 686/686/413 730/730/316 727/727/313
f 731/731/414 732/732/415 729/729/416
f 729/729/417 728/728/407 731/731/414
f 730/730/418 686/686/412 688/688/371
f 688/688/419 733/733/320 730/730/316
f 734/734/420 735/735/421 732/732/422
f 732/732/423 731/731/414 734/734/420
f 733/733/424 688/688/371 690/690/373
f 690/690/425 736/736/324 733/733/319
f 737/737/426 738/738/427 735/735/428
f 735/735/429 734/734/420 737/737/426
f 736/736/430 690/690/431 692/692/374
f 692/692/432 739/739/325 736/736/324
f 740/740/433 741/741/434 738/738/435
f 738/738/435 737/737/426 740/740/433
f 739/739/436 692/692/374 694/694/375
f 694/694/437 742/742/328 739/739/325
f 743/743/438 744/744/439 741/741/440
f 741/741/434 740/740/433 743/743/438
f 745/745/441 695/695/442 698/698/443
f 698/698/443 746/746/330 745/745/328
f 747/747/444 748/748/445 744/744/446
f 744/744/446 743/743/438 747/747/444
f 746/746/447 698/698/443 700/700/378
f 700/700/448 749/749/333 746/746/330
f 750/750/449 751/751/450 748/748/451
f 748/748/452 747/747/444 750/750/449
f 749/749/453 700/700/378 702/702/380
f 702/702/454 752/752/338 749/749/335
f 753/753/455 754/754/456 751/751/457
f 751/751/458 750/750/449 753/753/455
f 752/752/459 702/702/380 704/704/381
f 704/704/460 755/755/339 752/752/338
f 756/756/461 757/757/462 754/754/463
f 754/754/464 753/753/455 756/756/461
f 755/755/465 704/704/381 706/706/382
f 706/706/466 758/758/341 755/755/467
f 759/759/468 760/760/469 757/757/470
f 757/757/462 756/756/461 759/759/468
f 758/758/471 706/706/382 708/708/472
f 708/708/472 761/761/344 758/758/341
f 762/762/473 763/763/474 760/760/475
f 760/760/476 759/759/468 762/762/473
f 761/761/477 708/708/472 710/710/385
f 710/710/478 764/764/346 761/761/344
f 765/765/479 766/766/480 763/763/481
f 763/763/482 762/762/473 765/765/479
f 764/764/483 710/710/385 712/712/389
f 712/712/386 767/767/352 764/764/347
f 768/768/484 769/769/387 766/766/485
f 766/766/485 765/765/479 768/768/484
f 767/767/486 712/712/487 714/714/390
f 714/714/488 770/770/353 767/767/352
f 771/771/489 772/772/490 769/769/491
f 769/769/492 768/768/484 771/771/489
f 770/770/493 714/714/390 716/716/391
f 716/716/494 773/773/356 770/770/355
f 774/774/495 775/775/496 772/772/497
f 772/772/498 771/771/489 774/774/495
f 773/773/499 716/716/391 718/718/500
f 718/718/501 776/776/359 773/773/356
f 777/777/502 778/778/503 775/775/504
f 775/775/505 774/774/495 777/777/502
f 776/776/506 718/718/500 720/720/394
f 720/720/394 779/779/361 776/776/359
f 780/780/507 781/781/508 778/778/509
f 778/778/509 777/777/502 780/780/507
f 779/779/510 720/720/394 679/679/366
f 679/679/511 721/721/310 779/779/362
f 726/726/403 725/725/512 781/781/513
f 781/781/514 780/780/507 726/726/403
f 503/503/273 782/782/515 783/783/516
f 783/783/516 505/505/144 503/503/273
f 505/505/144 783/783/516 784/784/517
f 784/784/517 507/507/286 505/505/144
f 507/507/518 784/784/517 785/785/519
f 785/785/519 509/509/520 507/507/286
f 509/509/145 785/785/519 786/786/521
f 786/786/521 511/511/284 509/509/145
f 511/511/284 786/786/521 787/787/522
f 787/787/522 513/513/523 511/511/284
f 513/513/146 787/787/522 788/788/524
f 788/788/524 515/515/236 513/513/146
f 518/518/236 789/789/524 790/790/525
f 790/790/525 519/519/147 518/518/236
f 519/519/526 790/790/525 791/791/527
f 791/791/527 521/521/528 519/519/147
f 521/521/280 791/791/527 792/792/529
f 792/792/529 523/523/148 521/521/280
f 523/523/148 792/792/529 793/793/530
f 793/793/530 525/525/531 523/523/148
f 525/525/279 793/793/530 794/794/532
f 794/794/532 527/527/149 525/525/279
f 527/527/149 794/794/532 795/795/533
f 795/795/533 529/529/278 527/527/149
f 529/529/534 795/795/533 796/796/535
f 796/796/535 531/531/536 529/529/278
f 531/531/150 796/796/535 797/797/537
f 797/797/537 533/533/276 531/531/150
f 533/533/276 797/797/537 798/798/538
f 798/798/538 535/535/539 533/533/276
f 535/535/151 798/798/538 799/799/540
f 799/799/540 537/537/233 535/535/151
f 537/537/233 799/799/540 800/800/541
f 800/800/541 539/539/275 537/537/233
f 539/539/542 800/800/541 801/801/543
f 801/801/543 541/541/544 539/539/275
f 541/541/274 801/801/543 802/802/545
f 802/802/545 502/502/143 541/541/274
f 502/502/143 802/802/545 782/782/515
f 782/782/515 503/503/294 502/502/143
f 803/803/546 640/640/547 642/642/548
f 642/642/548 804/804/549 803/803/515
f 804/804/550 642/642/548 644/644/317
f 644/644/317 805/805/551 804/804/516
f 805/805/552 644/644/317 646/646/553
f 646/646/553 806/806/554 805/805/517
f 806/806/555 646/646/553 648/648/556
f 648/648/556 807/807/557 806/806/519
f 807/807/558 648/648/556 650/650/326
f 650/650/326 808/808/559 807/807/560
f 808/808/561 650/650/326 652/652/562
f 652/652/562 809/809/563 808/808/522
f 810/810/564 653/653/562 656/656/331
f 656/656/331 811/811/565 810/810/524
f 811/811/566 656/656/331 658/658/567
f 658/658/567 812/812/568 811/811/525
f 812/812/569 658/658/567 660/660/570
f 660/660/570 813/813/571 812/812/527
f 813/813/572 660/660/570 662/662/573
f 662/662/573 814/814/574 813/813/575
f 814/814/576 662/662/573 664/664/342
f 664/664/342 815/815/577 814/814/530
f 815/815/578 664/664/342 666/666/579
f 666/666/579 816/816/580 815/815/532
f 816/816/581 666/666/579 668/668/348
f 668/668/348 817/817/582 816/816/533
f 817/817/583 668/668/348 670/670/584
f 670/670/584 818/818/585 817/817/535
f 818/818/586 670/670/584 672/672/587
f 672/672/587 819/819/588 818/818/589
f 819/819/590 672/672/587 674/674/357
f 674/674/357 820/820/591 819/819/538
f 820/820/592 674/674/357 676/676/593
f 676/676/593 821/821/541 820/820/540
f 821/821/594 676/676/593 678/678/363
f 678/678/363 822/822/595 821/821/541
f 822/822/596 678/678/363 637/637/597
f 637/637/597 823/823/598 822/822/543
f 823/823/599 637/637/597 640/640/547
f 640/640/547 803/803/600 823/823/601
f 726/726/403 481/481/33 480/480/33
f 480/480/33 723/723/399 726/726/602
f 780/780/603 483/483/33 481/481/33
f 481/481/33 726/726/403 780/780/507
f 777/777/502 484/484/33 483/483/33
f 483/483/33 780/780/603 777/777/502
f 774/774/495 485/485/33 484/484/33
f 484/484/33 777/777/502 774/774/604
f 771/771/489 486/486/33 485/485/33
f 485/485/33 774/774/495 771/771/605
f 768/768/484 487/487/33 486/486/33
f 486/486/33 771/771/489 768/768/606
f 765/765/607 488/488/33 487/487/33
f 487/487/33 768/768/484 765/765/479
f 762/762/473 489/489/33 488/488/33
f 488/488/33 765/765/479 762/762/473
f 759/759/468 490/490/33 489/489/33
f 489/489/33 762/762/473 759/759/608
f 756/756/461 491/491/33 490/490/33
f 490/490/33 759/759/468 756/756/609
f 753/753/455 492/492/33 491/491/33
f 491/491/33 756/756/461 753/753/610
f 750/750/611 493/493/33 492/492/33
f 492/492/33 753/753/455 750/750/449
f 747/747/444 494/494/33 493/493/33
f 493/493/33 750/750/449 747/747/444
f 743/743/438 495/495/33 494/494/33
f 494/494/33 747/747/444 743/743/612
f 740/740/433 496/496/33 495/495/33
f 495/495/33 743/743/438 740/740/613
f 737/737/426 497/497/33 496/496/33
f 496/496/33 740/740/433 737/737/614
f 734/734/615 498/498/33 497/497/33
f 497/497/33 737/737/426 734/734/420
f 731/731/414 499/499/33 498/498/33
f 498/498/33 734/734/420 731/731/414
f 728/728/407 500/500/33 499/499/33
f 499/499/33 731/731/414 728/728/616
f 723/723/399 480/480/33 500/500/33
f 500/500/33 728/728/407 723/723/617
f 824/824/618 825/825/618 826/826/619
f 826/826/619 827/827/619 824/824/618
f 827/827/619 826/826/619 828/828/620
f 828/828/620 829/829/620 827/827/619
f 829/829/620 828/828/620 830/830/621
f 830/830/621 831/831/621 829/829/620
f 831/831/622 830/830/622 832/832/623
f 832/832/623 833/833/623 831/831/622
f 833/833/624 832/832/624 834/834/625
f 834/834/625 835/835/625 833/833/624
f 835/835/626 834/834/626 836/836/627
f 836/836/627 837/837/627 835/835/626
f 838/838/628 839/839/629 840/840/629
f 840/840/629 841/841/628 838/838/630
f 842/842/631 843/843/632 844/844/632
f 844/844/632 845/845/627 842/842/633
f 846/846/634 840/840/629 839/839/629
f 839/839/635 847/847/634 846/846/634
f 848/848/636 846/846/634 847/847/634
f 847/847/634 849/849/636 848/848/636
f 850/850/637 848/848/636 849/849/636
f 849/849/636 851/851/637 850/850/637
f 852/852/638 850/850/639 851/851/639
f 851/851/639 853/853/638 852/852/638
f 854/854/640 852/852/641 853/853/641
f 853/853/641 855/855/640 854/854/640
f 843/843/642 854/854/640 855/855/640
f 855/855/640 844/844/632 843/843/632
f 856/856/33 857/857/33 858/858/33
f 858/858/33 859/859/33 856/856/33
f 860/860/643 861/861/643 862/862/643
f 862/862/643 863/863/643 860/860/643
f 861/861/644 864/864/236 865/865/236
f 865/865/236 862/862/643 861/861/643
f 866/866/645 867/867/646 868/868/647
f 868/868/647 869/869/236 866/866/643
f 870/870/643 871/871/236 872/872/648
f 872/872/648 873/873/646 870/870/645
f 874/874/649 875/875/649 876/876/649
f 876/876/649 877/877/649 874/874/649
f 878/878/650 879/879/650 880/880/650
f 880/880/650 881/881/650 878/878/650
f 882/882/651 883/883/651 884/884/651
f 884/884/651 885/885/651 882/882/651
f 864/864/236 886/886/24 887/887/24
f 887/887/24 865/865/236 864/864/236
f 888/888/144 889/889/144 890/890/24
f 890/890/24 891/891/236 888/888/144
f 859/859/33 892/892/652 893/893/653
f 893/893/653 856/856/33 859/859/33
f 894/894/236 895/895/24 896/896/149
f 896/896/149 897/897/149 894/894/236
f 898/898/144 899/899/144 900/900/144
f 900/900/144 901/901/144 898/898/144
f 886/886/24 878/878/650 881/881/650
f 881/881/654 887/887/24 886/886/24
f 902/902/149 903/903/149 904/904/149
f 904/904/149 905/905/149 902/902/149
f 892/892/652 906/906/655 907/907/656
f 907/907/656 893/893/653 892/892/652
f 891/891/236 874/874/649 877/877/657
f 877/877/658 888/888/144 891/891/236
f 868/868/647 908/908/649 909/909/659
f 909/909/659 869/869/660 868/868/647
f 857/857/33 856/856/33 910/910/33
f 910/910/33 911/911/33 857/857/33
f 912/912/648 913/913/253 914/914/661
f 914/914/661 915/915/651 912/912/648
f 897/897/149 883/883/651 882/882/662
f 882/882/663 894/894/236 897/897/664
f 858/858/33 916/916/33 917/917/33
f 917/917/33 859/859/33 858/858/33
f 918/918/144 898/898/144 901/901/144
f 901/901/144 919/919/24 918/918/144
f 920/920/656 921/921/665 922/922/665
f 922/922/666 923/923/653 920/920/656
f 924/924/650 900/900/144 899/899/144
f 899/899/144 925/925/650 924/924/650
f 919/919/24 901/901/144 900/900/144
f 900/900/144 924/924/650 919/919/24
f 926/926/149 927/927/24 903/903/149
f 903/903/149 902/902/149 926/926/149
f 928/928/650 904/904/149 903/903/667
f 903/903/149 927/927/24 928/928/650
f 928/928/650 929/929/650 905/905/149
f 905/905/149 904/904/149 928/928/650
f 930/930/655 931/931/652 932/932/668
f 932/932/669 933/933/669 930/930/655
f 934/934/649 935/935/649 936/936/33
f 936/936/33 937/937/33 934/934/649
f 938/938/236 934/934/649 937/937/33
f 937/937/33 939/939/33 938/938/236
f 938/938/236 939/939/33 940/940/670
f 940/940/653 941/941/144 938/938/236
f 942/942/144 923/923/671 922/922/672
f 922/922/666 943/943/673 942/942/144
f 943/943/673 922/922/666 921/921/665
f 921/921/665 944/944/144 943/943/674
f 945/945/675 944/944/268 921/921/666
f 921/921/665 920/920/656 945/945/675
f 946/946/676 907/907/677 906/906/655
f 906/906/655 947/947/678 946/946/675
f 948/948/678 930/930/655 933/933/669
f 933/933/668 949/949/679 948/948/678
f 950/950/149 949/949/679 933/933/669
f 933/933/669 932/932/668 950/950/149
f 951/951/680 950/950/681 932/932/668
f 932/932/682 931/931/683 951/951/680
f 952/952/149 953/953/680 954/954/652
f 954/954/684 955/955/33 952/952/149
f 952/952/681 955/955/33 956/956/33
f 956/956/33 957/957/236 952/952/149
f 957/957/252 956/956/33 958/958/33
f 958/958/33 959/959/651 957/957/247
f 877/877/649 876/876/649 935/935/649
f 935/935/649 934/934/649 877/877/649
f 888/888/144 877/877/649 934/934/685
f 934/934/685 938/938/236 888/888/268
f 888/888/144 938/938/236 941/941/144
f 941/941/144 889/889/144 888/888/144
f 918/918/144 942/942/267 943/943/673
f 943/943/673 898/898/144 918/918/144
f 898/898/144 943/943/673 944/944/144
f 944/944/144 899/899/144 898/898/144
f 945/945/675 925/925/650 899/899/144
f 899/899/267 944/944/268 945/945/675
f 879/879/686 946/946/675 947/947/678
f 947/947/687 880/880/650 879/879/650
f 905/905/149 929/929/650 948/948/678
f 948/948/678 949/949/679 905/905/681
f 902/902/149 905/905/149 949/949/688
f 949/949/679 950/950/149 902/902/149
f 926/926/149 902/902/149 950/950/149
f 950/950/149 951/951/680 926/926/149
f 897/897/149 896/896/149 953/953/680
f 953/953/680 952/952/149 897/897/149
f 897/897/664 952/952/149 957/957/236
f 957/957/236 883/883/663 897/897/149
f 883/883/651 957/957/236 959/959/651
f 959/959/651 884/884/651 883/883/651
f 960/960/689 961/961/690 962/962/691
f 962/962/692 963/963/693 960/960/689
f 964/964/694 965/965/695 962/962/696
f 962/962/692 961/961/697 964/964/694
f 966/966/698 967/967/699 965/965/700
f 965/965/695 964/964/701 966/966/698
f 968/968/702 969/969/703 967/967/699
f 967/967/704 966/966/705 968/968/706
f 970/970/707 971/971/708 969/969/703
f 969/969/703 968/968/702 970/970/707
f 970/970/709 972/972/710 973/973/711
f 973/973/711 971/971/712 970/970/707
f 972/972/710 974/974/713 975/975/714
f 975/975/715 973/973/711 972/972/716
f 974/974/717 960/960/689 963/963/693
f 963/963/693 976/976/718 974/974/717
f 977/977/719 978/978/720 963/963/693
f 963/963/693 962/962/696 977/977/719
f 965/965/695 979/979/721 977/977/722
f 977/977/719 962/962/691 965/965/695
f 967/967/723 980/980/724 979/979/721
f 979/979/721 965/965/725 967/967/699
f 969/969/726 981/981/727 980/980/724
f 980/980/724 967/967/723 969/969/703
f 971/971/728 982/982/729 981/981/730
f 981/981/727 969/969/703 971/971/708
f 983/983/731 982/982/732 971/971/733
f 971/971/728 973/973/711 983/983/731
f 984/984/734 983/983/731 973/973/735
f 973/973/735 975/975/736 984/984/737
f 978/978/720 985/985/737 976/976/736
f 976/976/714 963/963/693 978/978/720
f 986/986/738 987/987/739 978/978/740
f 978/978/720 977/977/719 986/986/738
f 979/979/741 988/988/742 986/986/743
f 986/986/743 977/977/719 979/979/744
f 980/980/724 989/989/745 988/988/742
f 988/988/742 979/979/746 980/980/724
f 981/981/747 990/990/748 989/989/745
f 989/989/745 980/980/749 981/981/727
f 982/982/729 991/991/750 990/990/751
f 990/990/751 981/981/727 982/982/729
f 992/992/752 991/991/753 982/982/729
f 982/982/729 983/983/731 992/992/752
f 993/993/754 992/992/752 983/983/731
f 983/983/731 984/984/737 993/993/755
f 987/987/756 994/994/757 985/985/758
f 985/985/759 978/978/720 987/987/756
f 995/995/760 996/996/761 987/987/756
f 987/987/756 986/986/738 995/995/760
f 988/988/762 997/997/763 995/995/764
f 995/995/764 986/986/743 988/988/742
f 989/989/765 998/998/766 997/997/767
f 997/997/763 988/988/742 989/989/745
f 990/990/751 999/999/768 998/998/766
f 998/998/766 989/989/769 990/990/770
f 991/991/753 1000/1000/771 999/999/772
f 999/999/772 990/990/748 991/991/750
f 1001/1001/773 1000/1000/774 991/991/753
f 991/991/750 992/992/775 1001/1001/773
f 1002/1002/776 1001/1001/773 992/992/752
f 992/992/777 993/993/757 1002/1002/778
f 996/996/761 1003/1003/778 994/994/779
f 994/994/757 987/987/756 996/996/761
f 1004/1004/780 1005/1005/781 996/996/761
f 996/996/761 995/995/760 1004/1004/780
f 997/997/782 1006/1006/783 1004/1004/784
f 1004/1004/784 995/995/760 997/997/785
f 998/998/786 1007/1007/787 1006/1006/788
f 1006/1006/789 997/997/782 998/998/766
f 999/999/772 1008/1008/790 1007/1007/787
f 1007/1007/787 998/998/791 999/999/792
f 1000/1000/771 1009/1009/793 1008/1008/794
f 1008/1008/795 999/999/768 1000/1000/771
f 1010/1010/796 1009/1009/797 1000/1000/771
f 1000/1000/774 1001/1001/798 1010/1010/796
f 1011/1011/799 1010/1010/796 1001/1001/773
f 1001/1001/800 1002/1002/778 1011/1011/801
f 1005/1005/781 1012/1012/801 1003/1003/802
f 1003/1003/778 996/996/803 1005/1005/781
f 1013/1013/804 1014/1014/805 1005/1005/781
f 1005/1005/781 1004/1004/780 1013/1013/806
f 1006/1006/783 1015/1015/807 1013/1013/806
f 1013/1013/808 1004/1004/784 1006/1006/783
f 1007/1007/809 1016/1016/724 1015/1015/810
f 1015/1015/810 1006/1006/783 1007/1007/787
f 1008/1008/795 1017/1017/747 1016/1016/724
f 1016/1016/724 1007/1007/809 1008/1008/811
f 1009/1009/793 1018/1018/812 1017/1017/813
f 1017/1017/813 1008/1008/814 1009/1009/793
f 1019/1019/815 1018/1018/812 1009/1009/816
f 1009/1009/793 1010/1010/817 1019/1019/815
f 1020/1020/759 1019/1019/815 1010/1010/796
f 1010/1010/818 1011/1011/801 1020/1020/819
f 1014/1014/820 1021/1021/734 1012/1012/799
f 1012/1012/801 1005/1005/781 1014/1014/805
f 1022/1022/821 1023/1023/822 1014/1014/820
f 1014/1014/820 1013/1013/806 1022/1022/821
f 1015/1015/807 1024/1024/823 1022/1022/824
f 1022/1022/825 1013/1013/806 1015/1015/810
f 1016/1016/724 1025/1025/765 1024/1024/823
f 1024/1024/823 1015/1015/807 1016/1016/724
f 1017/1017/813 1026/1026/748 1025/1025/765
f 1025/1025/765 1016/1016/724 1017/1017/826
f 1018/1018/827 1027/1027/828 1026/1026/751
f 1026/1026/751 1017/1017/813 1018/1018/812
f 1028/1028/829 1027/1027/828 1018/1018/812
f 1018/1018/812 1019/1019/815 1028/1028/829
f 1029/1029/830 1028/1028/829 1019/1019/831
f 1019/1019/815 1020/1020/734 1029/1029/757
f 1023/1023/822 1030/1030/757 1021/1021/832
f 1021/1021/734 1014/1014/805 1023/1023/822
f 1031/1031/833 1032/1032/834 1023/1023/835
f 1023/1023/835 1022/1022/824 1031/1031/836
f 1024/1024/823 1033/1033/837 1031/1031/836
f 1031/1031/838 1022/1022/824 1024/1024/823
f 1025/1025/765 1034/1034/786 1033/1033/837
f 1033/1033/837 1024/1024/823 1025/1025/765
f 1026/1026/748 1035/1035/768 1034/1034/786
f 1034/1034/786 1025/1025/765 1026/1026/770
f 1027/1027/828 1036/1036/771 1035/1035/839
f 1035/1035/772 1026/1026/748 1027/1027/840
f 1037/1037/773 1036/1036/774 1027/1027/828
f 1027/1027/828 1028/1028/829 1037/1037/773
f 1038/1038/841 1037/1037/773 1028/1028/829
f 1028/1028/829 1029/1029/757 1038/1038/776
f 1032/1032/834 1039/1039/776 1030/1030/779
f 1030/1030/757 1023/1023/822 1032/1032/834
f 1032/1032/834 1031/1031/833 1040/1040/842
f 1040/1040/842 1041/1041/843 1032/1032/834
f 1033/1033/837 1042/1042/844 1040/1040/842
f 1040/1040/842 1031/1031/845 1033/1033/846
f 1034/1034/786 1043/1043/847 1042/1042/848
f 1042/1042/844 1033/1033/837 1034/1034/786
f 1035/1035/849 1044/1044/850 1043/1043/847
f 1043/1043/847 1034/1034/851 1035/1035/772
f 1036/1036/771 1045/1045/852 1044/1044/850
f 1044/1044/853 1035/1035/768 1036/1036/771
f 1036/1036/774 1037/1037/773 1046/1046/854
f 1046/1046/854 1045/1045/855 1036/1036/774
f 1037/1037/773 1038/1038/776 1047/1047/856
f 1047/1047/857 1046/1046/854 1037/1037/798
f 1039/1039/841 1032/1032/834 1041/1041/843
f 1041/1041/843 1047/1047/856 1039/1039/776
f 1048/1048/858 1049/1049/859 1050/1050/860
f 1050/1050/860 1051/1051/861 1048/1048/858
f 1052/1052/862 1053/1053/863 1049/1049/859
f 1049/1049/859 1048/1048/858 1052/1052/862
f 1054/1054/864 1055/1055/865 1053/1053/863
f 1053/1053/863 1052/1052/862 1054/1054/864
f 1056/1056/866 1057/1057/867 1055/1055/865
f 1055/1055/865 1054/1054/864 1056/1056/866
f 1058/1058/868 1059/1059/869 1057/1057/867
f 1057/1057/867 1056/1056/866 1058/1058/868
f 1060/1060/870 1061/1061/871 1059/1059/869
f 1059/1059/869 1058/1058/868 1060/1060/870
f 1062/1062/872 1063/1063/873 1061/1061/871
f 1061/1061/871 1060/1060/870 1062/1062/872
f 1051/1051/861 1050/1050/860 1063/1063/873
f 1063/1063/873 1062/1062/872 1051/1051/861
f 1049/1049/859 1064/1064/874 1065/1065/874
f 1065/1065/874 1050/1050/860 1049/1049/859
f 1053/1053/863 1066/1066/875 1064/1064/876
f 1064/1064/876 1049/1049/859 1053/1053/863
f 1055/1055/865 1067/1067/877 1066/1066/878
f 1066/1066/878 1053/1053/863 1055/1055/865
f 1057/1057/867 1068/1068/879 1067/1067/880
f 1067/1067/880 1055/1055/865 1057/1057/867
f 1059/1059/869 1069/1069/881 1068/1068/882
f 1068/1068/882 1057/1057/867 1059/1059/869
f 1061/1061/871 1070/1070/883 1069/1069/884
f 1069/1069/884 1059/1059/869 1061/1061/871
f 1063/1063/873 1071/1071/885 1070/1070/886
f 1070/1070/886 1061/1061/871 1063/1063/873
f 1050/1050/860 1065/1065/874 1071/1071/887
f 1071/1071/887 1063/1063/873 1050/1050/860
f 1064/1064/874 1072/1072/888 1073/1073/888
f 1073/1073/888 1065/1065/874 1064/1064/874
f 1066/1066/875 1074/1074/889 1072/1072/888
f 1072/1072/888 1064/1064/876 1066/1066/875
f 1067/1067/877 1075/1075/890 1074/1074/889
f 1074/1074/889 1066/1066/875 1067/1067/877
f 1068/1068/879 1076/1076/891 1075/1075/890
f 1075/1075/890 1067/1067/880 1068/1068/879
f 1069/1069/881 1077/1077/892 1076/1076/891
f 1076/1076/891 1068/1068/879 1069/1069/881
f 1070/1070/883 1078/1078/893 1077/1077/892
f 1077/1077/892 1069/1069/884 1070/1070/883
f 1071/1071/885 1079/1079/894 1078/1078/893
f 1078/1078/893 1070/1070/883 1071/1071/885
f 1065/1065/876 1073/1073/895 1079/1079/894
f 1079/1079/894 1071/1071/887 1065/1065/876
f 1048/1048/858 1051/1051/861 1080/1080/24
f 1052/1052/862 1048/1048/858 1080/1080/24
f 1054/1054/864 1052/1052/862 1080/1080/24
f 1056/1056/866 1054/1054/864 1080/1080/24
f 1058/1058/868 1056/1056/866 1080/1080/24
f 1060/1060/870 1058/1058/868 1080/1080/24
f 1062/1062/872 1060/1060/870 1080/1080/24
f 1051/1051/861 1062/1062/872 1080/1080/24
f 1081/1081/895 1082/1082/895 1083/1083/33
f 1082/1082/895 1084/1084/896 1083/1083/33
f 1084/1084/896 1085/1085/897 1083/1083/33
f 1085/1085/897 1086/1086/898 1083/1083/33
f 1086/1086/898 1087/1087/899 1083/1083/33
f 1087/1087/899 1088/1088/900 1083/1083/33
f 1088/1088/900 1089/1089/901 1083/1083/33
f 1089/1089/901 1081/1081/895 1083/1083/33
f 1090/1090/902 1091/1091/902 1092/1092/902
f 1092/1092/902 1093/1093/902 1090/1090/902
f 1091/1091/902 1094/1094/903 1095/1095/903
f 1095/1095/904 1092/1092/905 1091/1091/902
f 1094/1094/903 1096/1096/906 1097/1097/906
f 1097/1097/907 1095/1095/904 1094/1094/904
f 1096/1096/906 1098/1098/908 1099/1099/908
f 1099/1099/908 1097/1097/909 1096/1096/906
f 1098/1098/908 1100/1100/910 1101/1101/910
f 1101/1101/911 1099/1099/908 1098/1098/912
f 1100/1100/911 1102/1102/913 1103/1103/913
f 1103/1103/913 1101/1101/911 1100/1100/911
f 1102/1102/913 1104/1104/914 1105/1105/914
f 1105/1105/914 1103/1103/915 1102/1102/915
f 1106/1106/916 1107/1107/917 1108/1108/917
f 1108/1108/917 1109/1109/914 1106/1106/916
f 1107/1107/918 1110/1110/919 1111/1111/919
f 1111/1111/920 1108/1108/917 1107/1107/918
f 1110/1110/919 1090/1090/921 1093/1093/921
f 1093/1093/921 1111/1111/919 1110/1110/920
f 1112/1112/921 1113/1113/905 1114/1114/24
f 1115/1115/903 1112/1112/905 1114/1114/24
f 1116/1116/922 1115/1115/903 1114/1114/24
f 1117/1117/912 1116/1116/909 1114/1114/24
f 1118/1118/923 1117/1117/912 1114/1114/24
f 1119/1119/924 1118/1118/923 1114/1114/24
f 1120/1120/914 1119/1119/913 1114/1114/24
f 1121/1121/918 1120/1120/925 1114/1114/24
f 1122/1122/919 1121/1121/918 1114/1114/24
f 1113/1113/921 1122/1122/926 1114/1114/24
f 1123/1123/33 1124/1124/33 1125/1125/33
f 1123/1123/33 1125/1125/33 1126/1126/33
f 1123/1123/33 1126/1126/33 1127/1127/33
f 1123/1123/33 1127/1127/33 1128/1128/33
f 1123/1123/33 1128/1128/33 1129/1129/33
f 1123/1123/33 1129/1129/33 1130/1130/33
f 1123/1123/33 1130/1130/33 1131/1131/33
f 1123/1123/33 1131/1131/33 1132/1132/33
f 1123/1123/33 1132/1132/33 1133/1133/33
f 1123/1123/33 1133/1133/33 1124/1124/33
f 1134/1134/34 1135/1135/927 1136/1136/927
f 1136/1136/927 1137/1137/33 1134/1134/33
f 1138/1138/43 1139/1139/928 1135/1135/927
f 1135/1135/927 1134/1134/33 1138/1138/33
f 1140/1140/46 1141/1141/929 1139/1139/928
f 1139/1139/928 1138/1138/33 1140/1140/33
f 1142/1142/46 1143/1143/930 1141/1141/931
f 1141/1141/931 1140/1140/33 1142/1142/33
f 1144/1144/34 1145/1145/932 1146/1146/930
f 1146/1146/930 1147/1147/33 1144/1144/33
f 1148/1148/34 1149/1149/933 1145/1145/932
f 1145/1145/932 1144/1144/33 1148/1148/33
f 1150/1150/34 1151/1151/934 1149/1149/935
f 1149/1149/935 1148/1148/33 1150/1150/33
f 1152/1152/37 1153/1153/936 1151/1151/934
f 1151/1151/934 1150/1150/33 1152/1152/33
f 1154/1154/37 1155/1155/937 1153/1153/936
f 1153/1153/936 1152/1152/33 1154/1154/33
f 1137/1137/41 1136/1136/927 1155/1155/937
f 1155/1155/937 1154/1154/33 1137/1137/33
f 1156/1156/938 1157/1157/939 1158/1158/939
f 1158/1158/939 1159/1159/938 1156/1156/938
f 1160/1160/940 1161/1161/941 1156/1156/938
f 1156/1156/938 1159/1159/938 1160/1160/940
f 1162/1162/942 1163/1163/943 1161/1161/940
f 1161/1161/940 1160/1160/940 1162/1162/943
f 1164/1164/944 1165/1165/944 1163/1163/943
f 1163/1163/943 1162/1162/943 1164/1164/945
f 1166/1166/946 1167/1167/946 1168/1168/945
f 1168/1168/947 1169/1169/944 1166/1166/946
f 1170/1170/948 1171/1171/948 1167/1167/946
f 1167/1167/949 1166/1166/946 1170/1170/948
f 1172/1172/950 1173/1173/950 1171/1171/948
f 1171/1171/948 1170/1170/948 1172/1172/950
f 1174/1174/951 1175/1175/952 1173/1173/950
f 1173/1173/950 1172/1172/950 1174/1174/952
f 1176/1176/953 1177/1177/953 1175/1175/954
f 1175/1175/952 1174/1174/952 1176/1176/953
f 1158/1158/939 1157/1157/939 1177/1177/953
f 1177/1177/953 1176/1176/953 1158/1158/939
f 1178/1178/927 1179/1179/955 1180/1180/956
f 1180/1180/957 1181/1181/927 1178/1178/958
f 1182/1182/928 1183/1183/940 1179/1179/959
f 1179/1179/960 1178/1178/927 1182/1182/961
f 1184/1184/931 1185/1185/943 1183/1183/940
f 1183/1183/962 1182/1182/928 1184/1184/931
f 1186/1186/930 1187/1187/944 1185/1185/942
f 1185/1185/963 1184/1184/931 1186/1186/930
f 1188/1188/932 1189/1189/949 1187/1187/964
f 1187/1187/965 1186/1186/930 1188/1188/932
f 1190/1190/933 1191/1191/966 1189/1189/967
f 1189/1189/968 1188/1188/969 1190/1190/933
f 1192/1192/970 1193/1193/950 1191/1191/971
f 1191/1191/972 1190/1190/935 1192/1192/934
f 1194/1194/973 1195/1195/952 1193/1193/974
f 1193/1193/975 1192/1192/976 1194/1194/973
f 1196/1196/937 1197/1197/977 1195/1195/952
f 1195/1195/978 1194/1194/973 1196/1196/937
f 1181/1181/927 1180/1180/939 1197/1197/977
f 1197/1197/979 1196/1196/980 1181/1181/958
f 1156/1156/955 1093/1093/902 1092/1092/981
f 1092/1092/902 1157/1157/939 1156/1156/982
f 1093/1093/981 1156/1156/938 1161/1161/941
f 1161/1161/940 1111/1111/920 1093/1093/905
f 1111/1111/920 1161/1161/940 1163/1163/943
f 1163/1163/942 1108/1108/917 1111/1111/920
f 1108/1108/917 1163/1163/943 1165/1165/945
f 1165/1165/983 1109/1109/984 1108/1108/918
f 1105/1105/916 1168/1168/964 1167/1167/946
f 1167/1167/949 1103/1103/915 1105/1105/916
f 1103/1103/915 1167/1167/949 1171/1171/948
f 1171/1171/948 1101/1101/923 1103/1103/915
f 1101/1101/911 1171/1171/948 1173/1173/950
f 1173/1173/950 1099/1099/908 1101/1101/911
f 1099/1099/908 1173/1173/985 1175/1175/986
f 1175/1175/986 1097/1097/922 1099/1099/908
f 1097/1097/906 1175/1175/952 1177/1177/953
f 1177/1177/987 1095/1095/904 1097/1097/922
f 1095/1095/904 1177/1177/977 1157/1157/988
f 1157/1157/988 1092/1092/902 1095/1095/904
f 1198/1198/989 1199/1199/990 1200/1200/991
f 1200/1200/991 1201/1201/991 1198/1198/989
f 1202/1202/992 1203/1203/993 1199/1199/994
f 1199/1199/989 1198/1198/994 1202/1202/995
f 1204/1204/996 1205/1205/997 1206/1206/998
f 1206/1206/999 1207/1207/1000 1204/1204/996
f 1208/1208/1001 1209/1209/1001 1210/1210/1002
f 1210/1210/1003 1211/1211/1004 1208/1208/1005
f 1199/1199/994 1212/1212/1006 1213/1213/1007
f 1213/1213/1007 1200/1200/991 1199/1199/994
f 1203/1203/1008 1214/1214/1009 1212/1212/1010
f 1212/1212/1010 1199/1199/994 1203/1203/993
f 1207/1207/1000 1206/1206/998 1215/1215/1011
f 1215/1215/1011 1216/1216/1012 1207/1207/1013
f 1209/1209/1001 1217/1217/1014 1218/1218/1015
f 1218/1218/1016 1210/1210/1017 1209/1209/1018
f 1212/1212/1019 1219/1219/1020 1220/1220/1021
f 1220/1220/1021 1213/1213/1007 1212/1212/1006
f 1214/1214/1022 1221/1221/1023 1219/1219/1020
f 1219/1219/1020 1212/1212/1024 1214/1214/1022
f 1216/1216/1025 1215/1215/1011 1222/1222/1026
f 1222/1222/1026 1223/1223/1027 1216/1216/1012
f 1217/1217/1014 1224/1224/1028 1225/1225/1029
f 1225/1225/1030 1218/1218/1015 1217/1217/1014
f 1226/1226/1020 1227/1227/1031 1228/1228/1032
f 1228/1228/1032 1229/1229/1021 1226/1226/1020
f 1230/1230/1023 1231/1231/1033 1227/1227/1031
f 1227/1227/1031 1226/1226/1020 1230/1230/1023
f 1232/1232/1026 1233/1233/1034 1234/1234/1035
f 1234/1234/1035 1235/1235/1036 1232/1232/1026
f 1236/1236/1028 1237/1237/1037 1238/1238/1038
f 1238/1238/1039 1239/1239/1029 1236/1236/1040
f 1227/1227/1041 1240/1240/1042 1241/1241/1043
f 1241/1241/1043 1228/1228/1032 1227/1227/1031
f 1227/1227/1041 1231/1231/1033 1242/1242/1044
f 1242/1242/1045 1240/1240/1046 1227/1227/1031
f 1233/1233/1047 1243/1243/1048 1244/1244/1049
f 1244/1244/1049 1234/1234/1035 1233/1233/1050
f 1238/1238/1051 1237/1237/1037 1245/1245/1052
f 1245/1245/1052 1246/1246/1053 1238/1238/1038
f 1240/1240/1042 1247/1247/1054 1248/1248/1055
f 1248/1248/1055 1241/1241/1043 1240/1240/1042
f 1240/1240/1042 1242/1242/1045 1249/1249/1056
f 1249/1249/1057 1247/1247/1058 1240/1240/1042
f 1250/1250/1059 1244/1244/1049 1243/1243/1060
f 1243/1243/1048 1251/1251/1061 1250/1250/1059
f 1246/1246/1062 1245/1245/1052 1252/1252/1063
f 1252/1252/1064 1253/1253/1065 1246/1246/1053
f 1247/1247/1058 1254/1254/1066 1255/1255/1067
f 1255/1255/1067 1248/1248/1068 1247/1247/1058
f 1249/1249/1069 1256/1256/1070 1254/1254/1066
f 1254/1254/1066 1247/1247/1058 1249/1249/1069
f 1251/1251/1061 1257/1257/1071 1258/1258/1072
f 1258/1258/1072 1250/1250/1073 1251/1251/1074
f 1252/1252/1064 1259/1259/1075 1260/1260/1076
f 1260/1260/1077 1253/1253/1078 1252/1252/1079
f 1254/1254/1066 1198/1198/994 1201/1201/1080
f 1201/1201/991 1255/1255/1081 1254/1254/1066
f 1256/1256/1082 1202/1202/1083 1198/1198/994
f 1198/1198/994 1254/1254/1066 1256/1256/1070
f 1258/1258/1072 1257/1257/1084 1205/1205/997
f 1205/1205/1085 1204/1204/1086 1258/1258/1072
f 1259/1259/1087 1208/1208/1005 1211/1211/1088
f 1211/1211/1088 1260/1260/1076 1259/1259/1075
f 1234/1234/1035 1244/1244/1049 1242/1242/1045
f 1242/1242/1045 1231/1231/1033 1234/1234/1035
f 1235/1235/1027 1234/1234/1035 1231/1231/1033
f 1231/1231/1033 1230/1230/1023 1235/1235/1089
f 1214/1214/1009 1216/1216/1012 1223/1223/1036
f 1223/1223/1027 1221/1221/1023 1214/1214/1009
f 1203/1203/1090 1207/1207/1013 1216/1216/1012
f 1216/1216/1012 1214/1214/1009 1203/1203/1090
f 1202/1202/1091 1204/1204/996 1207/1207/1000
f 1207/1207/1092 1203/1203/993 1202/1202/1093
f 1256/1256/1070 1258/1258/1072 1204/1204/996
f 1204/1204/1094 1202/1202/1091 1256/1256/1070
f 1250/1250/1059 1258/1258/1072 1256/1256/1070
f 1256/1256/1070 1249/1249/1057 1250/1250/1095
f 1244/1244/1049 1250/1250/1059 1249/1249/1096
f 1249/1249/1097 1242/1242/1098 1244/1244/1049
f 1233/1233/1034 1238/1238/1051 1246/1246/1053
f 1246/1246/1053 1243/1243/1048 1233/1233/1050
f 1239/1239/1099 1238/1238/1038 1233/1233/1034
f 1233/1233/1047 1232/1232/1026 1239/1239/1029
f 1218/1218/1015 1225/1225/1029 1222/1222/1026
f 1222/1222/1026 1215/1215/1100 1218/1218/1015
f 1210/1210/1002 1218/1218/1015 1215/1215/1011
f 1215/1215/1011 1206/1206/998 1210/1210/1002
f 1211/1211/1004 1210/1210/1002 1206/1206/998
f 1206/1206/999 1205/1205/997 1211/1211/1088
f 1260/1260/1076 1211/1211/1088 1205/1205/1085
f 1205/1205/1085 1257/1257/1071 1260/1260/1076
f 1251/1251/1061 1253/1253/1078 1260/1260/1076
f 1260/1260/1076 1257/1257/1071 1251/1251/1074
f 1243/1243/1048 1246/1246/1053 1253/1253/1078
f 1253/1253/1078 1251/1251/1061 1243/1243/1048
f 1201/1201/991 1261/1261/991 1262/1262/233
f 1261/1261/991 1263/1263/1007 1262/1262/233
f 1263/1263/1007 1264/1264/1021 1262/1262/233
f 1264/1264/1021 1265/1265/1032 1262/1262/233
f 1265/1265/1032 1266/1266/1043 1262/1262/233
f 1266/1266/1043 1248/1248/1055 1262/1262/233
f 1248/1248/1055 1255/1255/1067 1262/1262/233
f 1255/1255/1067 1201/1201/991 1262/1262/233
f 1267/1267/1101 1268/1268/1102 1269/1269/991
f 1269/1269/1103 1270/1270/1103 1267/1267/1101
f 1271/1271/1104 1272/1272/1104 1268/1268/1102
f 1268/1268/1102 1267/1267/1101 1271/1271/1105
f 1273/1273/1106 1274/1274/1107 1275/1275/1108
f 1275/1275/1109 1276/1276/1110 1273/1273/1111
f 1277/1277/1112 1278/1278/1112 1279/1279/1113
f 1279/1279/1114 1280/1280/1115 1277/1277/1116
f 1281/1281/1117 1282/1282/1118 1283/1283/1119
f 1283/1283/1120 1284/1284/1121 1281/1281/1122
f 1285/1285/1123 1286/1286/1124 1283/1283/1120
f 1283/1283/1120 1282/1282/1118 1285/1285/1125
f 1268/1268/1102 1287/1287/1126 1288/1288/1127
f 1288/1288/1007 1269/1269/1103 1268/1268/1102
f 1272/1272/1128 1289/1289/1129 1287/1287/1130
f 1287/1287/1130 1268/1268/1102 1272/1272/1131
f 1274/1274/1107 1290/1290/1132 1291/1291/1133
f 1291/1291/1134 1275/1275/1108 1274/1274/1135
f 1278/1278/1112 1292/1292/1136 1293/1293/1137
f 1293/1293/1138 1279/1279/1113 1278/1278/1112
f 1284/1284/1121 1283/1283/1119 1294/1294/1139
f 1294/1294/1139 1295/1295/1140 1284/1284/1121
f 1286/1286/1141 1296/1296/1142 1294/1294/1139
f 1294/1294/1139 1283/1283/1119 1286/1286/1143
f 1287/1287/1130 1297/1297/1144 1298/1298/1145
f 1298/1298/1145 1288/1288/1007 1287/1287/1130
f 1289/1289/1129 1299/1299/1146 1297/1297/1144
f 1297/1297/1144 1287/1287/1130 1289/1289/1129
f 1290/1290/1132 1300/1300/1147 1301/1301/1148
f 1301/1301/1149 1291/1291/1133 1290/1290/1132
f 1292/1292/1136 1302/1302/1150 1303/1303/1151
f 1303/1303/1152 1293/1293/1153 1292/1292/1154
f 1294/1294/1139 1304/1304/1155 1305/1305/1156
f 1305/1305/1157 1295/1295/1140 1294/1294/1139
f 1296/1296/1158 1306/1306/1159 1304/1304/1155
f 1304/1304/1155 1294/1294/1160 1296/1296/1161
f 1297/1297/1162 1307/1307/1163 1308/1308/1032
f 1308/1308/1032 1298/1298/1145 1297/1297/1162
f 1299/1299/1164 1309/1309/1165 1307/1307/1166
f 1307/1307/1166 1297/1297/1144 1299/1299/1146
f 1300/1300/1147 1310/1310/1167 1311/1311/1168
f 1311/1311/1169 1301/1301/1149 1300/1300/1170
f 1302/1302/1171 1312/1312/1172 1313/1313/1173
f 1313/1313/1174 1303/1303/1175 1302/1302/1150
f 1304/1304/1155 1314/1314/1176 1315/1315/1177
f 1315/1315/1178 1305/1305/1179 1304/1304/1155
f 1304/1304/1155 1306/1306/1180 1316/1316/1181
f 1316/1316/1181 1314/1314/1182 1304/1304/1155
f 1307/1307/1166 1317/1317/1183 1318/1318/1184
f 1318/1318/1043 1308/1308/1032 1307/1307/1185
f 1307/1307/1166 1309/1309/1186 1319/1319/1187
f 1319/1319/1188 1317/1317/1189 1307/1307/1166
f 1310/1310/1190 1320/1320/1191 1321/1321/1192
f 1321/1321/1193 1311/1311/1168 1310/1310/1190
f 1313/1313/1194 1312/1312/1172 1322/1322/1195
f 1322/1322/1196 1323/1323/1197 1313/1313/1198
f 1314/1314/1199 1324/1324/1200 1325/1325/1201
f 1325/1325/1202 1315/1315/1203 1314/1314/1182
f 1314/1314/1182 1316/1316/1181 1326/1326/1204
f 1326/1326/1204 1324/1324/1200 1314/1314/1182
f 1317/1317/1189 1327/1327/1205 1328/1328/1055
f 1328/1328/1206 1318/1318/1043 1317/1317/1183
f 1317/1317/1183 1319/1319/1188 1329/1329/1207
f 1329/1329/1208 1327/1327/1205 1317/1317/1189
f 1321/1321/1192 1320/1320/1191 1330/1330/1209
f 1330/1330/1210 1331/1331/1211 1321/1321/1212
f 1323/1323/1213 1322/1322/1196 1332/1332/1214
f 1332/1332/1215 1333/1333/1216 1323/1323/1197
f 1334/1334/1217 1325/1325/1202 1324/1324/1200
f 1324/1324/1200 1335/1335/1218 1334/1334/1219
f 1324/1324/1220 1326/1326/1221 1336/1336/1222
f 1336/1336/1222 1335/1335/1218 1324/1324/1200
f 1327/1327/1205 1337/1337/1223 1338/1338/1067
f 1338/1338/1067 1328/1328/1206 1327/1327/1205
f 1329/1329/1208 1339/1339/1224 1337/1337/1223
f 1337/1337/1223 1327/1327/1225 1329/1329/1208
f 1330/1330/1210 1340/1340/1226 1341/1341/1227
f 1341/1341/1227 1331/1331/1211 1330/1330/1210
f 1332/1332/1215 1342/1342/1228 1343/1343/1229
f 1343/1343/1230 1333/1333/1216 1332/1332/1231
f 1335/1335/1218 1344/1344/1232 1345/1345/1233
f 1345/1345/1234 1334/1334/1235 1335/1335/1236
f 1335/1335/1237 1336/1336/1238 1346/1346/1239
f 1346/1346/1239 1344/1344/1232 1335/1335/1237
f 1347/1347/1223 1267/1267/1101 1270/1270/1103
f 1270/1270/1240 1348/1348/1081 1347/1347/1223
f 1349/1349/1224 1271/1271/1241 1267/1267/1101
f 1267/1267/1101 1347/1347/1223 1349/1349/1242
f 1350/1350/1243 1273/1273/1111 1276/1276/1110
f 1276/1276/1110 1351/1351/1244 1350/1350/1243
f 1352/1352/1245 1277/1277/1116 1280/1280/1115
f 1280/1280/1115 1353/1353/1230 1352/1352/1228
f 1354/1354/1232 1282/1282/1118 1281/1281/1122
f 1281/1281/1122 1355/1355/1233 1354/1354/1232
f 1356/1356/1239 1285/1285/1125 1282/1282/1246
f 1282/1282/1247 1354/1354/1232 1356/1356/1239
f 1311/1311/1168 1321/1321/1192 1319/1319/1188
f 1319/1319/1188 1309/1309/1186 1311/1311/1168
f 1301/1301/1248 1311/1311/1168 1309/1309/1165
f 1309/1309/1186 1299/1299/1146 1301/1301/1148
f 1291/1291/1133 1301/1301/1149 1299/1299/1146
f 1299/1299/1146 1289/1289/1129 1291/1291/1133
f 1275/1275/1108 1291/1291/1133 1289/1289/1129
f 1289/1289/1129 1272/1272/1249 1275/1275/1250
f 1276/1276/1251 1275/1275/1108 1272/1272/1128
f 1272/1272/1104 1271/1271/1105 1276/1276/1252
f 1351/1351/1244 1276/1276/1252 1271/1271/1105
f 1271/1271/1105 1349/1349/1253 1351/1351/1227
f 1331/1331/1211 1341/1341/1227 1339/1339/1224
f 1339/1339/1224 1329/1329/1208 1331/1331/1254
f 1321/1321/1255 1331/1331/1211 1329/1329/1208
f 1329/1329/1208 1319/1319/1188 1321/1321/1192
f 1310/1310/1190 1313/1313/1198 1323/1323/1197
f 1323/1323/1256 1320/1320/1191 1310/1310/1190
f 1303/1303/1175 1313/1313/1198 1310/1310/1190
f 1310/1310/1167 1300/1300/1170 1303/1303/1175
f 1293/1293/1257 1303/1303/1175 1300/1300/1147
f 1300/1300/1170 1290/1290/1258 1293/1293/1137
f 1279/1279/1113 1293/1293/1257 1290/1290/1132
f 1290/1290/1132 1274/1274/1135 1279/1279/1113
f 1280/1280/1115 1279/1279/1113 1274/1274/1107
f 1274/1274/1107 1273/1273/1111 1280/1280/1115
f 1353/1353/1259 1280/1280/1115 1273/1273/1260
f 1273/1273/1261 1350/1350/1226 1353/1353/1262
f 1333/1333/1216 1343/1343/1263 1340/1340/1226
f 1340/1340/1226 1330/1330/1264 1333/1333/1216
f 1320/1320/1265 1323/1323/1197 1333/1333/1216
f 1333/1333/1266 1330/1330/1264 1320/1320/1191
f 1315/1315/1203 1325/1325/1202 1322/1322/1196
f 1322/1322/1196 1312/1312/1172 1315/1315/1267
f 1305/1305/1157 1315/1315/1177 1312/1312/1172
f 1312/1312/1268 1302/1302/1150 1305/1305/1157
f 1295/1295/1269 1305/1305/1157 1302/1302/1150
f 1302/1302/1171 1292/1292/1154 1295/1295/1140
f 1278/1278/1112 1284/1284/1121 1295/1295/1140
f 1295/1295/1140 1292/1292/1136 1278/1278/1112
f 1277/1277/1116 1281/1281/1122 1284/1284/1121
f 1284/1284/1270 1278/1278/1112 1277/1277/1271
f 1355/1355/1233 1281/1281/1117 1277/1277/1116
f 1277/1277/1116 1352/1352/1228 1355/1355/1233
f 1334/1334/1272 1345/1345/1233 1342/1342/1228
f 1342/1342/1228 1332/1332/1215 1334/1334/1272
f 1325/1325/1201 1334/1334/1272 1332/1332/1215
f 1332/1332/1215 1322/1322/1273 1325/1325/1201
f 1357/1357/1103 1358/1358/991 1359/1359/233
f 1358/1358/1103 1288/1288/1274 1359/1359/233
f 1288/1288/1007 1298/1298/1145 1359/1359/233
f 1298/1298/1145 1308/1308/1032 1359/1359/233
f 1308/1308/1032 1360/1360/1043 1359/1359/233
f 1360/1360/1043 1361/1361/1055 1359/1359/233
f 1361/1361/1206 1362/1362/1067 1359/1359/233
f 1362/1362/1067 1357/1357/1103 1359/1359/233
f 1363/1363/1101 1364/1364/1275 1365/1365/991
f 1365/1365/1103 1366/1366/1103 1363/1363/1101
f 1367/1367/1276 1368/1368/1276 1364/1364/1102
f 1364/1364/1102 1363/1363/1101 1367/1367/1105
f 1369/1369/1106 1370/1370/1277 1371/1371/1108
f 1371/1371/1109 1372/1372/1110 1369/1369/1111
f 1373/1373/1278 1374/1374/1112 1375/1375/1114
f 1375/1375/1279 1376/1376/1115 1373/1373/1116
f 1377/1377/1122 1378/1378/1247 1379/1379/1119
f 1379/1379/1120 1380/1380/1121 1377/1377/1122
f 1381/1381/1125 1382/1382/1141 1379/1379/1120
f 1379/1379/1120 1378/1378/1247 1381/1381/1125
f 1364/1364/1102 1383/1383/1130 1384/1384/1280
f 1384/1384/1007 1365/1365/1103 1364/1364/1102
f 1368/1368/1104 1385/1385/1129 1383/1383/1130
f 1383/1383/1126 1364/1364/1102 1368/1368/1249
f 1370/1370/1281 1386/1386/1132 1387/1387/1133
f 1387/1387/1134 1371/1371/1108 1370/1370/1135
f 1374/1374/1271 1388/1388/1154 1389/1389/1153
f 1389/1389/1138 1375/1375/1113 1374/1374/1282
f 1380/1380/1121 1379/1379/1119 1390/1390/1160
f 1390/1390/1160 1391/1391/1140 1380/1380/1121
f 1382/1382/1141 1392/1392/1161 1390/1390/1139
f 1390/1390/1160 1379/1379/1119 1382/1382/1283
f 1383/1383/1130 1393/1393/1284 1394/1394/1021
f 1394/1394/1021 1384/1384/1007 1383/1383/1130
f 1385/1385/1129 1395/1395/1146 1393/1393/1284
f 1393/1393/1284 1383/1383/1130 1385/1385/1129
f 1386/1386/1132 1396/1396/1170 1397/1397/1149
f 1397/1397/1285 1387/1387/1133 1386/1386/1132
f 1388/1388/1286 1398/1398/1287 1399/1399/1151
f 1399/1399/1152 1389/1389/1153 1388/1388/1154
f 1390/1390/1160 1400/1400/1155 1401/1401/1157
f 1401/1401/1157 1391/1391/1140 1390/1390/1288
f 1392/1392/1289 1402/1402/1159 1400/1400/1155
f 1400/1400/1155 1390/1390/1160 1392/1392/1142
f 1393/1393/1290 1403/1403/1163 1404/1404/1032
f 1404/1404/1032 1394/1394/1145 1393/1393/1291
f 1395/1395/1164 1405/1405/1292 1403/1403/1166
f 1403/1403/1166 1393/1393/1284 1395/1395/1146
f 1396/1396/1170 1406/1406/1293 1407/1407/1294
f 1407/1407/1295 1397/1397/1149 1396/1396/1170
f 1398/1398/1287 1408/1408/1268 1409/1409/1173
f 1409/1409/1198 1399/1399/1296 1398/1398/1297
f 1400/1400/1155 1410/1410/1182 1411/1411/1298
f 1411/1411/1177 1401/1401/1179 1400/1400/1155
f 1400/1400/1155 1402/1402/1180 1412/1412/1181
f 1412/1412/1299 1410/1410/1182 1400/1400/1155
f 1403/1403/1166 1413/1413/1189 1414/1414/1300
f 1414/1414/1043 1404/1404/1032 1403/1403/1163
f 1403/1403/1166 1405/1405/1301 1415/1415/1187
f 1415/1415/1188 1413/1413/1183 1403/1403/1166
f 1406/1406/1190 1416/1416/1265 1417/1417/1192
f 1417/1417/1192 1407/1407/1294 1406/1406/1190
f 1409/1409/1194 1408/1408/1302 1418/1418/1195
f 1418/1418/1196 1419/1419/1197 1409/1409/1173
f 1410/1410/1199 1420/1420/1200 1421/1421/1201
f 1421/1421/1201 1411/1411/1298 1410/1410/1182
f 1410/1410/1182 1412/1412/1299 1422/1422/1204
f 1422/1422/1303 1420/1420/1200 1410/1410/1182
f 1413/1413/1189 1423/1423/1205 1424/1424/1304
f 1424/1424/1206 1414/1414/1043 1413/1413/1183
f 1413/1413/1183 1415/1415/1188 1425/1425/1305
f 1425/1425/1306 1423/1423/1205 1413/1413/1189
f 1417/1417/1192 1416/1416/1265 1426/1426/1264
f 1426/1426/1264 1427/1427/1307 1417/1417/1308
f 1419/1419/1197 1418/1418/1309 1428/1428/1310
f 1428/1428/1215 1429/1429/1216 1419/1419/1197
f 1430/1430/1311 1421/1421/1312 1420/1420/1200
f 1420/1420/1200 1431/1431/1236 1430/1430/1272
f 1420/1420/1220 1422/1422/1221 1432/1432/1222
f 1432/1432/1222 1431/1431/1236 1420/1420/1200
f 1423/1423/1225 1433/1433/1223 1434/1434/1067
f 1434/1434/1067 1424/1424/1206 1423/1423/1205
f 1425/1425/1208 1435/1435/1224 1433/1433/1223
f 1433/1433/1223 1423/1423/1225 1425/1425/1208
f 1426/1426/1264 1436/1436/1226 1437/1437/1313
f 1437/1437/1314 1427/1427/1315 1426/1426/1264
f 1428/1428/1215 1438/1438/1316 1439/1439/1229
f 1439/1439/1317 1429/1429/1318 1428/1428/1319
f 1431/1431/1236 1440/1440/1320 1441/1441/1233
f 1441/1441/1321 1430/1430/1235 1431/1431/1236
f 1431/1431/1322 1432/1432/1222 1442/1442/1239
f 1442/1442/1323 1440/1440/1320 1431/1431/1236
f 1443/1443/1223 1363/1363/1101 1366/1366/1103
f 1366/1366/1103 1444/1444/1324 1443/1443/1223
f 1445/1445/1224 1367/1367/1105 1363/1363/1101
f 1363/1363/1101 1443/1443/1223 1445/1445/1242
f 1446/1446/1226 1369/1369/1111 1372/1372/1110
f 1372/1372/1110 1447/1447/1325 1446/1446/1226
f 1448/1448/1245 1373/1373/1116 1376/1376/1115
f 1376/1376/1115 1449/1449/1262 1448/1448/1228
f 1450/1450/1320 1378/1378/1246 1377/1377/1122
f 1377/1377/1122 1451/1451/1233 1450/1450/1320
f 1452/1452/1326 1381/1381/1125 1378/1378/1327
f 1378/1378/1247 1450/1450/1320 1452/1452/1323
f 1407/1407/1294 1417/1417/1192 1415/1415/1188
f 1415/1415/1188 1405/1405/1301 1407/1407/1294
f 1397/1397/1248 1407/1407/1294 1405/1405/1292
f 1405/1405/1301 1395/1395/1146 1397/1397/1149
f 1387/1387/1133 1397/1397/1149 1395/1395/1146
f 1395/1395/1146 1385/1385/1129 1387/1387/1133
f 1371/1371/1108 1387/1387/1133 1385/1385/1129
f 1385/1385/1129 1368/1368/1249 1371/1371/1250
f 1372/1372/1110 1371/1371/1108 1368/1368/1276
f 1368/1368/1276 1367/1367/1105 1372/1372/1110
f 1447/1447/1325 1372/1372/1110 1367/1367/1105
f 1367/1367/1105 1445/1445/1253 1447/1447/1313
f 1427/1427/1307 1437/1437/1313 1435/1435/1224
f 1435/1435/1224 1425/1425/1208 1427/1427/1254
f 1417/1417/1192 1427/1427/1307 1425/1425/1208
f 1425/1425/1208 1415/1415/1188 1417/1417/1192
f 1406/1406/1190 1409/1409/1194 1419/1419/1197
f 1419/1419/1197 1416/1416/1265 1406/1406/1190
f 1399/1399/1296 1409/1409/1173 1406/1406/1328
f 1406/1406/1293 1396/1396/1170 1399/1399/1296
f 1389/1389/1153 1399/1399/1329 1396/1396/1147
f 1396/1396/1170 1386/1386/1132 1389/1389/1153
f 1375/1375/1330 1389/1389/1153 1386/1386/1132
f 1386/1386/1132 1370/1370/1135 1375/1375/1114
f 1376/1376/1115 1375/1375/1113 1370/1370/1277
f 1370/1370/1277 1369/1369/1111 1376/1376/1115
f 1449/1449/1229 1376/1376/1115 1369/1369/1111
f 1369/1369/1111 1446/1446/1226 1449/1449/1262
f 1429/1429/1318 1439/1439/1229 1436/1436/1226
f 1436/1436/1226 1426/1426/1264 1429/1429/1318
f 1416/1416/1265 1419/1419/1331 1429/1429/1216
f 1429/1429/1266 1426/1426/1264 1416/1416/1191
f 1411/1411/1203 1421/1421/1312 1418/1418/1273
f 1418/1418/1273 1408/1408/1332 1411/1411/1177
f 1401/1401/1157 1411/1411/1298 1408/1408/1268
f 1408/1408/1268 1398/1398/1287 1401/1401/1157
f 1391/1391/1269 1401/1401/1157 1398/1398/1297
f 1398/1398/1287 1388/1388/1154 1391/1391/1140
f 1374/1374/1112 1380/1380/1121 1391/1391/1140
f 1391/1391/1140 1388/1388/1154 1374/1374/1271
f 1373/1373/1116 1377/1377/1122 1380/1380/1121
f 1380/1380/1270 1374/1374/1112 1373/1373/1333
f 1451/1451/1233 1377/1377/1122 1373/1373/1116
f 1373/1373/1116 1448/1448/1228 1451/1451/1233
f 1430/1430/1272 1441/1441/1233 1438/1438/1228
f 1438/1438/1228 1428/1428/1215 1430/1430/1272
f 1421/1421/1201 1430/1430/1272 1428/1428/1215
f 1428/1428/1215 1418/1418/1273 1421/1421/1201
f 1453/1453/1103 1454/1454/991 1455/1455/233
f 1454/1454/1103 1384/1384/1007 1455/1455/233
f 1384/1384/1007 1394/1394/1021 1455/1455/233
f 1394/1394/1021 1404/1404/1032 1455/1455/233
f 1404/1404/1032 1456/1456/1043 1455/1455/233
f 1456/1456/1043 1457/1457/1206 1455/1455/233
f 1457/1457/1206 1458/1458/1067 1455/1455/233
f 1458/1458/1067 1453/1453/1103 1455/1455/233
f 1459/1459/994 1460/1460/994 1461/1461/991
f 1461/1461/991 1462/1462/991 1459/1459/994
f 1463/1463/1091 1464/1464/1091 1460/1460/994
f 1460/1460/994 1459/1459/994 1463/1463/995
f 1465/1465/996 1466/1466/997 1467/1467/998
f 1467/1467/998 1468/1468/1000 1465/1465/996
f 1469/1469/1001 1470/1470/1001 1471/1471/1002
f 1471/1471/1334 1472/1472/1335 1469/1469/1005
f 1460/1460/994 1473/1473/1019 1474/1474/1007
f 1474/1474/1007 1461/1461/1103 1460/1460/994
f 1464/1464/1008 1475/1475/1009 1473/1473/1024
f 1473/1473/1024 1460/1460/994 1464/1464/993
f 1468/1468/1336 1467/1467/998 1476/1476/1337
f 1476/1476/1337 1477/1477/1012 1468/1468/1336
f 1470/1470/1001 1478/1478/1014 1479/1479/1015
f 1479/1479/1015 1471/1471/1017 1470/1470/1338
f 1473/1473/1019 1480/1480/1020 1481/1481/1145
f 1481/1481/1145 1474/1474/1007 1473/1473/1024
f 1475/1475/1022 1482/1482/1339 1480/1480/1020
f 1480/1480/1020 1473/1473/1024 1475/1475/1022
f 1477/1477/1025 1476/1476/1011 1483/1483/1026
f 1483/1483/1026 1484/1484/1027 1477/1477/1025
f 1478/1478/1014 1485/1485/1340 1486/1486/1099
f 1486/1486/1341 1479/1479/1015 1478/1478/1014
f 1487/1487/1342 1488/1488/1343 1489/1489/1032
f 1489/1489/1032 1490/1490/1145 1487/1487/1020
f 1491/1491/1339 1492/1492/1344 1488/1488/1343
f 1488/1488/1343 1487/1487/1020 1491/1491/1339
f 1493/1493/1026 1494/1494/1034 1495/1495/1035
f 1495/1495/1035 1496/1496/1036 1493/1493/1026
f 1497/1497/1340 1498/1498/1345 1499/1499/1346
f 1499/1499/1347 1500/1500/1348 1497/1497/1349
f 1488/1488/1343 1501/1501/1042 1502/1502/1043
f 1502/1502/1043 1489/1489/1032 1488/1488/1343
f 1488/1488/1350 1492/1492/1344 1503/1503/1044
f 1503/1503/1045 1501/1501/1046 1488/1488/1343
f 1494/1494/1034 1504/1504/1048 1505/1505/1049
f 1505/1505/1049 1495/1495/1035 1494/1494/1351
f 1499/1499/1346 1498/1498/1352 1506/1506/1353
f 1506/1506/1052 1507/1507/1053 1499/1499/1354
f 1501/1501/1355 1508/1508/1058 1509/1509/1055
f 1509/1509/1055 1502/1502/1300 1501/1501/1355
f 1501/1501/1042 1503/1503/1045 1510/1510/1056
f 1510/1510/1057 1508/1508/1058 1501/1501/1355
f 1511/1511/1059 1505/1505/1049 1504/1504/1060
f 1504/1504/1356 1512/1512/1061 1511/1511/1059
f 1507/1507/1062 1506/1506/1052 1513/1513/1064
f 1513/1513/1064 1514/1514/1357 1507/1507/1053
f 1508/1508/1058 1515/1515/1358 1516/1516/1067
f 1516/1516/1067 1509/1509/1359 1508/1508/1058
f 1510/1510/1097 1517/1517/1360 1515/1515/1358
f 1515/1515/1358 1508/1508/1361 1510/1510/1097
f 1512/1512/1061 1518/1518/1071 1519/1519/1072
f 1519/1519/1072 1511/1511/1073 1512/1512/1362
f 1513/1513/1064 1520/1520/1075 1521/1521/1076
f 1521/1521/1076 1514/1514/1363 1513/1513/1079
f 1515/1515/1358 1459/1459/994 1462/1462/1080
f 1462/1462/1364 1516/1516/1081 1515/1515/1358
f 1517/1517/1365 1463/1463/1083 1459/1459/994
f 1459/1459/994 1515/1515/1358 1517/1517/1360
f 1519/1519/1366 1518/1518/1071 1466/1466/1367
f 1466/1466/997 1465/1465/1086 1519/1519/1366
f 1520/1520/1368 1469/1469/1005 1472/1472/1369
f 1472/1472/1369 1521/1521/1076 1520/1520/1370
f 1495/1495/1035 1505/1505/1049 1503/1503/1045
f 1503/1503/1045 1492/1492/1344 1495/1495/1035
f 1496/1496/1371 1495/1495/1035 1492/1492/1344
f 1492/1492/1344 1491/1491/1339 1496/1496/1036
f 1475/1475/1009 1477/1477/1025 1484/1484/1372
f 1484/1484/1027 1482/1482/1339 1475/1475/1009
f 1464/1464/993 1468/1468/1336 1477/1477/1012
f 1477/1477/1025 1475/1475/1009 1464/1464/993
f 1463/1463/1083 1465/1465/996 1468/1468/1000
f 1468/1468/1373 1464/1464/993 1463/1463/995
f 1517/1517/1070 1519/1519/1374 1465/1465/996
f 1465/1465/1086 1463/1463/995 1517/1517/1070
f 1511/1511/1059 1519/1519/1366 1517/1517/1360
f 1517/1517/1360 1510/1510/1057 1511/1511/1059
f 1505/1505/1049 1511/1511/1059 1510/1510/1097
f 1510/1510/1057 1503/1503/1098 1505/1505/1375
f 1494/1494/1034 1499/1499/1346 1507/1507/1053
f 1507/1507/1053 1504/1504/1048 1494/1494/1034
f 1500/1500/1099 1499/1499/1346 1494/1494/1034
f 1494/1494/1034 1493/1493/1376 1500/1500/1099
f 1479/1479/1015 1486/1486/1099 1483/1483/1377
f 1483/1483/1026 1476/1476/1011 1479/1479/1378
f 1471/1471/1002 1479/1479/1015 1476/1476/1011
f 1476/1476/1011 1467/1467/998 1471/1471/1002
f 1472/1472/1369 1471/1471/1002 1467/1467/998
f 1467/1467/998 1466/1466/997 1472/1472/1335
f 1521/1521/1076 1472/1472/1335 1466/1466/997
f 1466/1466/1379 1518/1518/1071 1521/1521/1076
f 1512/1512/1061 1514/1514/1357 1521/1521/1076
f 1521/1521/1076 1518/1518/1071 1512/1512/1074
f 1504/1504/1356 1507/1507/1053 1514/1514/1363
f 1514/1514/1357 1512/1512/1061 1504/1504/1060
f 1462/1462/1103 1522/1522/991 1523/1523/233
f 1522/1522/991 1524/1524/1280 1523/1523/233
f 1524/1524/1007 1525/1525/1021 1523/1523/233
f 1525/1525/1145 1526/1526/1032 1523/1523/233
f 1526/1526/1032 1527/1527/1043 1523/1523/233
f 1527/1527/1043 1509/1509/1055 1523/1523/233
f 1509/1509/1055 1516/1516/1067 1523/1523/233
f 1516/1516/1067 1462/1462/991 1523/1523/233
