# Blender 3.4.1
# www.blender.org
mtllib pblauncher_reload.mtl
o pblauncher_reload
v 4.238989 -0.142227 -2.337690
v 4.721013 -0.115964 -2.337720
v 4.721013 -0.319512 -2.337480
v 4.238989 -0.293249 -2.337510
v 4.238989 -0.067525 -1.761340
v 4.721013 -0.015392 -1.656340
v 4.721013 -0.015482 -1.733400
v 4.238989 -0.067601 -1.826510
v 3.684189 -0.141388 -1.621360
v 3.608369 -0.141435 -1.661140
v 3.608369 -0.292456 -1.660960
v 3.684189 -0.292410 -1.621180
v 4.238989 -0.366601 -1.760990
v 4.238989 -0.366677 -1.826160
v 4.721013 -0.418578 -1.732930
v 4.721013 -0.418488 -1.655870
v 4.238989 -0.141552 -1.761260
v 4.167686 -0.141552 -1.761260
v 4.167686 -0.292574 -1.761080
v 4.238989 -0.292574 -1.761080
v 4.238989 -0.141628 -1.826430
v 4.167686 -0.141628 -1.826430
v 4.167686 -0.141552 -1.761260
v 4.238989 -0.141552 -1.761260
v 4.167686 -0.293249 -2.337510
v 4.167686 -0.142227 -2.337690
v 4.238989 -0.292574 -1.761080
v 4.167686 -0.292574 -1.761080
v 4.167686 -0.292650 -1.826250
v 4.238989 -0.292650 -1.826250
v 4.119912 -0.061300 -1.849490
v 3.644489 -0.061135 -1.708990
v 3.708939 -0.061096 -1.675170
v 4.119912 -0.061235 -1.794090
v 4.119912 -0.373032 -1.849120
v 4.119912 -0.372967 -1.793720
v 3.708939 -0.372828 -1.674800
v 3.644489 -0.372867 -1.708620
v 3.571069 -0.293096 -2.206660
v 3.571069 -0.142074 -2.206840
v 4.721013 -0.115166 -1.656230
v 4.721013 -0.015392 -1.656340
v 4.238989 -0.067525 -1.761340
v 4.238989 -0.068200 -2.337770
v 4.721013 -0.016190 -2.337830
v 4.721013 -0.318714 -1.655990
v 4.238989 -0.366601 -1.760990
v 4.721013 -0.418488 -1.655870
v 4.721013 -0.419286 -2.337360
v 4.238989 -0.367276 -2.337420
v 4.167686 -0.141628 -1.826430
v 4.167686 -0.141552 -1.761260
v 3.571069 -0.142074 -2.206840
v 3.612789 -0.061678 -2.172830
v 4.119912 -0.061809 -2.284060
v 4.167686 -0.142227 -2.337690
v 3.684189 -0.141388 -1.621360
v 3.608369 -0.141435 -1.661140
v 4.167686 -0.292650 -1.826250
v 4.167686 -0.292574 -1.761080
v 3.684189 -0.292410 -1.621180
v 3.608369 -0.292456 -1.660960
v 3.571069 -0.293096 -2.206660
v 4.167686 -0.293249 -2.337510
v 4.119912 -0.373541 -2.283690
v 3.612789 -0.373411 -2.172460
v 4.238989 -0.068127 -2.275400
v 4.721013 -0.016103 -2.264090
v 4.721013 -0.016190 -2.337830
v 4.238989 -0.068200 -2.337770
v 4.238989 -0.142154 -2.275320
v 4.238989 -0.142227 -2.337690
v 4.167686 -0.142227 -2.337690
v 4.167686 -0.142154 -2.275320
v 4.167686 -0.142154 -2.275320
v 4.119912 -0.061747 -2.231040
v 3.578459 -0.061606 -2.111260
v 3.530679 -0.141989 -2.134400
v 3.530679 -0.141989 -2.134400
v 3.530679 -0.293011 -2.134220
v 3.530679 -0.293011 -2.134220
v 3.578459 -0.373338 -2.110890
v 4.119912 -0.373479 -2.230670
v 4.167686 -0.293176 -2.275140
v 4.238989 -0.293176 -2.275140
v 4.167686 -0.293176 -2.275140
v 4.167686 -0.293249 -2.337510
v 4.238989 -0.293249 -2.337510
v 4.238989 -0.367276 -2.337420
v 4.238989 -0.367203 -2.275050
v 4.721013 -0.419286 -2.337360
v 4.721013 -0.419199 -2.263620
v 4.607590 0.118124 3.119000
v 4.607590 0.116635 1.847160
v 4.527973 -0.039623 1.847350
v 4.527973 -0.038134 3.119190
v 4.731596 0.242131 3.118860
v 4.731596 0.240642 1.847020
v 4.887856 0.321748 3.118770
v 4.887856 0.320259 1.846930
v 5.061069 0.349183 3.118730
v 5.061069 0.347694 1.846890
v 5.234282 0.321748 3.118770
v 5.234282 0.320259 1.846930
v 5.390541 0.242131 3.118860
v 5.390541 0.240642 1.847020
v 5.514548 0.118124 3.119000
v 5.514548 0.116635 1.847160
v 5.594165 -0.038135 3.119190
v 5.594165 -0.039624 1.847350
v 5.621599 -0.211348 3.119390
v 5.621599 -0.212836 1.847550
v 5.594165 -0.384560 3.119590
v 5.594165 -0.386049 1.847750
v 5.514548 -0.540820 3.119780
v 5.514548 -0.542308 1.847940
v 5.390541 -0.664827 3.119920
v 5.390541 -0.666315 1.848080
v 5.234282 -0.744443 3.120010
v 5.234282 -0.745932 1.848170
v 5.061069 -0.771877 3.120050
v 5.061069 -0.773366 1.848210
v 4.887856 -0.744443 3.120010
v 4.887856 -0.745932 1.848170
v 5.061069 -0.773366 1.848210
v 5.061069 -0.771877 3.120050
v 4.731598 -0.664827 3.119920
v 4.731598 -0.666315 1.848080
v 4.607590 -0.540819 3.119780
v 4.607590 -0.542307 1.847940
v 4.527973 -0.384560 3.119590
v 4.527973 -0.386049 1.847750
v 4.500539 -0.211348 3.119390
v 4.500539 -0.212836 1.847550
v 4.607590 0.118124 3.119000
v 4.527973 -0.038134 3.119190
v 5.061069 -0.211348 3.119390
v 4.731596 0.242131 3.118860
v 4.887856 0.321748 3.118770
v 5.061069 0.349183 3.118730
v 5.234282 0.321748 3.118770
v 5.390541 0.242131 3.118860
v 5.514548 0.118124 3.119000
v 5.594165 -0.038135 3.119190
v 5.621599 -0.211348 3.119390
v 5.594165 -0.384560 3.119590
v 5.514548 -0.540820 3.119780
v 5.390541 -0.664827 3.119920
v 5.234282 -0.744443 3.120010
v 5.061069 -0.771877 3.120050
v 4.887856 -0.744443 3.120010
v 4.731598 -0.664827 3.119920
v 4.607590 -0.540819 3.119780
v 4.527973 -0.384560 3.119590
v 4.500539 -0.211348 3.119390
v 4.560641 -0.056706 -3.676300
v 4.635379 0.089977 -3.676470
v 5.061069 -0.219304 -3.676110
v 4.751787 0.206385 -3.676600
v 4.898470 0.281123 -3.676690
v 5.061069 0.306876 -3.676720
v 5.223668 0.281123 -3.676690
v 5.370351 0.206384 -3.676600
v 5.486758 0.089977 -3.676470
v 5.561497 -0.056706 -3.676300
v 5.587250 -0.219304 -3.676110
v 5.561497 -0.381903 -3.675920
v 5.486758 -0.528586 -3.675740
v 5.370350 -0.644993 -3.675610
v 5.223668 -0.719732 -3.675520
v 5.061069 -0.745485 -3.675490
v 4.898470 -0.719732 -3.675520
v 4.751788 -0.644993 -3.675610
v 4.635380 -0.528585 -3.675740
v 4.560641 -0.381903 -3.675920
v 4.534888 -0.219304 -3.676110
v 4.607590 0.115574 0.941079
v 4.607590 0.114315 -0.134373
v 4.527973 -0.041943 -0.134190
v 4.527973 -0.040684 0.941262
v 4.500539 -0.215157 -0.133987
v 4.500539 -0.213898 0.941465
v 4.527973 -0.388370 -0.133784
v 4.527973 -0.387110 0.941668
v 4.607590 -0.544628 -0.133601
v 4.607590 -0.543368 0.941851
v 4.731598 -0.668636 -0.133456
v 4.731598 -0.667376 0.941996
v 4.887856 -0.748253 -0.133363
v 4.887856 -0.746993 0.942089
v 5.061069 -0.775687 -0.133331
v 5.061069 -0.774427 0.942122
v 5.061069 -0.774427 0.942122
v 5.061069 -0.775687 -0.133331
v 5.234282 -0.748253 -0.133363
v 5.234282 -0.746993 0.942089
v 5.390541 -0.668636 -0.133456
v 5.390541 -0.667376 0.941996
v 5.514548 -0.544629 -0.133601
v 5.514548 -0.543369 0.941851
v 5.594165 -0.388370 -0.133784
v 5.594165 -0.387110 0.941668
v 5.621599 -0.215157 -0.133987
v 5.621599 -0.213898 0.941465
v 5.594165 -0.041944 -0.134190
v 5.594165 -0.040685 0.941262
v 5.514548 0.114315 -0.134373
v 5.514548 0.115574 0.941079
v 5.390541 0.238322 -0.134518
v 5.390541 0.239581 0.940934
v 5.234282 0.317939 -0.134611
v 5.234282 0.319198 0.940841
v 5.061069 0.345374 -0.134644
v 5.061069 0.346633 0.940809
v 4.887856 0.317939 -0.134611
v 4.887856 0.319198 0.940841
v 4.731596 0.238322 -0.134518
v 4.731596 0.239581 0.940934
v 4.500539 -0.212836 1.847550
v 4.500539 -0.213898 0.941465
v 4.527973 -0.387110 0.941668
v 4.527973 -0.386049 1.847750
v 4.607590 -0.543368 0.941851
v 4.607590 -0.542307 1.847940
v 4.731598 -0.667376 0.941996
v 4.731598 -0.666315 1.848080
v 4.887856 -0.746993 0.942089
v 4.887856 -0.745932 1.848170
v 5.061069 -0.774427 0.942122
v 5.061069 -0.773366 1.848210
v 5.061069 -0.773366 1.848210
v 5.061069 -0.774427 0.942122
v 5.234282 -0.746993 0.942089
v 5.234282 -0.745932 1.848170
v 4.527973 -0.040684 0.941262
v 4.593769 -0.062063 0.941287
v 4.663560 0.074909 0.941127
v 4.607590 0.115574 0.941079
v 4.500539 -0.213898 0.941465
v 4.569069 -0.213898 0.941465
v 5.390541 -0.667376 0.941996
v 5.349875 -0.611406 0.941931
v 5.213106 -0.681817 0.942013
v 5.234282 -0.746993 0.942089
v 5.514548 -0.543369 0.941851
v 5.458578 -0.502704 0.941803
v 5.594165 -0.387110 0.941668
v 5.528368 -0.365732 0.941643
v 5.621599 -0.213898 0.941465
v 5.552417 -0.213898 0.941465
v 5.594165 -0.040685 0.941262
v 5.528368 -0.062063 0.941287
v 5.514548 0.115574 0.941079
v 5.458578 0.074909 0.941127
v 5.390541 0.239581 0.940934
v 5.349875 0.183611 0.941000
v 5.234282 0.319198 0.940841
v 5.212903 0.253402 0.940918
v 5.061069 0.346633 0.940809
v 5.061069 0.277450 0.940890
v 4.887856 0.319198 0.940841
v 4.909234 0.253402 0.940918
v 4.731596 0.239581 0.940934
v 4.772262 0.183611 0.941000
v 4.607590 0.116635 1.847160
v 4.663560 0.075970 1.847210
v 4.593769 -0.061002 1.847370
v 4.527973 -0.039623 1.847350
v 4.500539 -0.212836 1.847550
v 4.569069 -0.212836 1.847550
v 4.500539 -0.213898 0.941465
v 4.500539 -0.212836 1.847550
v 5.234282 -0.746993 0.942089
v 5.213106 -0.681817 0.942013
v 5.213106 -0.680756 1.848100
v 5.234282 -0.745932 1.848170
v 5.234282 -0.745932 1.848170
v 5.213106 -0.680756 1.848100
v 5.349875 -0.610345 1.848020
v 5.390541 -0.666315 1.848080
v 5.458578 -0.501643 1.847890
v 5.514548 -0.542308 1.847940
v 5.528368 -0.364671 1.847730
v 5.594165 -0.386049 1.847750
v 5.552417 -0.212836 1.847550
v 5.621599 -0.212836 1.847550
v 5.528368 -0.061002 1.847370
v 5.594165 -0.039624 1.847350
v 5.458578 0.075970 1.847210
v 5.514548 0.116635 1.847160
v 5.349875 0.184672 1.847080
v 5.390541 0.240642 1.847020
v 5.212903 0.254463 1.847000
v 5.234282 0.320259 1.846930
v 5.061069 0.278511 1.846980
v 5.061069 0.347694 1.846890
v 4.909234 0.254463 1.847000
v 4.887856 0.320259 1.846930
v 4.772262 0.184672 1.847080
v 4.731596 0.240642 1.847020
v 4.592528 -0.366135 0.941643
v 4.592528 -0.365074 1.847730
v 4.662504 -0.503471 0.941804
v 4.662504 -0.502410 1.847890
v 4.771495 -0.612462 0.941932
v 4.771495 -0.611401 1.848020
v 4.908831 -0.682438 0.942014
v 4.908831 -0.681377 1.848100
v 5.061069 -0.706550 0.942042
v 5.061069 -0.705489 1.848130
v 5.060743 -0.214550 0.941466
v 5.060743 -0.213488 1.847550
v 4.723479 0.026965 -2.825250
v 4.515547 0.176870 -3.822090
v 4.419770 -0.011104 -3.821870
v 4.664207 -0.089360 -2.825120
v 4.386766 -0.219475 -3.821630
v 4.643785 -0.218309 -2.824970
v 4.419770 -0.427846 -3.821380
v 4.664209 -0.347257 -2.824820
v 4.515548 -0.615820 -3.821160
v 4.723479 -0.463581 -2.824680
v 4.664724 -0.764996 -3.820990
v 4.815796 -0.555898 -2.824570
v 4.852698 -0.860773 -3.820870
v 4.932121 -0.615167 -2.824500
v 5.061069 -0.893776 -3.820840
v 5.061069 -0.635592 -2.824480
v 5.061069 -0.635592 -2.824480
v 5.061069 -0.893776 -3.820840
v 5.269440 -0.860773 -3.820870
v 5.190017 -0.615167 -2.824500
v 5.457414 -0.764996 -3.820990
v 5.306342 -0.555898 -2.824570
v 5.606591 -0.615820 -3.821160
v 5.398659 -0.463581 -2.824680
v 5.702368 -0.427846 -3.821380
v 5.457930 -0.347257 -2.824820
v 5.735371 -0.219475 -3.821630
v 5.478353 -0.218309 -2.824970
v 5.702368 -0.011104 -3.821870
v 5.457930 -0.089360 -2.825120
v 5.606591 0.176870 -3.822090
v 5.398659 0.026965 -2.825250
v 5.457414 0.326047 -3.822260
v 5.306342 0.119281 -2.825360
v 5.269440 0.421824 -3.822380
v 5.190017 0.178552 -2.825430
v 5.061069 0.454827 -3.822420
v 5.061069 0.198975 -2.825460
v 4.852698 0.421824 -3.822380
v 4.932121 0.178552 -2.825430
v 4.664724 0.326047 -3.822260
v 4.815796 0.119281 -2.825360
v 4.378425 0.276498 -3.819380
v 4.367321 0.284483 -3.889550
v 4.245521 0.045434 -3.889270
v 4.258573 0.041275 -3.819100
v 4.203551 -0.219554 -3.888960
v 4.217275 -0.219472 -3.818800
v 4.245521 -0.484542 -3.888640
v 4.258574 -0.480217 -3.818490
v 4.367323 -0.723589 -3.888370
v 4.378426 -0.715440 -3.818210
v 4.557033 -0.913300 -3.888140
v 4.565100 -0.902115 -3.818000
v 4.796081 -1.035099 -3.888000
v 4.800322 -1.021969 -3.817860
v 5.061069 -1.077069 -3.887950
v 5.061069 -1.063269 -3.817810
v 5.061069 -1.063269 -3.817810
v 5.061069 -1.077069 -3.887950
v 5.326056 -1.035099 -3.888000
v 5.321815 -1.021969 -3.817860
v 5.565104 -0.913300 -3.888140
v 5.557039 -0.902115 -3.818000
v 5.754815 -0.723590 -3.888370
v 5.743712 -0.715441 -3.818210
v 5.876616 -0.484542 -3.888640
v 5.863564 -0.480218 -3.818490
v 5.918587 -0.219554 -3.888960
v 5.904863 -0.219472 -3.818800
v 5.876616 0.045434 -3.889270
v 5.863564 0.041275 -3.819100
v 5.754816 0.284483 -3.889550
v 5.743712 0.276498 -3.819380
v 5.565104 0.474192 -3.889770
v 5.557039 0.463172 -3.819600
v 5.326056 0.595994 -3.889910
v 5.321815 0.583024 -3.819740
v 5.061069 0.637964 -3.889960
v 5.061069 0.624322 -3.819780
v 4.796081 0.595994 -3.889910
v 4.800322 0.583024 -3.819740
v 4.557032 0.474193 -3.889770
v 4.565099 0.463172 -3.819600
v 4.515547 0.176870 -3.822090
v 4.419770 -0.011104 -3.821870
v 4.408337 -0.007472 -3.892030
v 4.245521 0.045434 -3.889270
v 4.367321 0.284483 -3.889550
v 4.505822 0.183854 -3.892260
v 4.386766 -0.219475 -3.821630
v 4.374746 -0.219557 -3.891790
v 4.203551 -0.219554 -3.888960
v 4.419770 -0.427846 -3.821380
v 4.408337 -0.431643 -3.891540
v 4.245521 -0.484542 -3.888640
v 4.515548 -0.615820 -3.821160
v 4.505822 -0.622968 -3.891310
v 4.367323 -0.723589 -3.888370
v 4.664724 -0.764996 -3.820990
v 4.657658 -0.774804 -3.891130
v 4.557033 -0.913300 -3.888140
v 4.852698 -0.860773 -3.820870
v 4.848983 -0.872289 -3.891020
v 4.796081 -1.035099 -3.888000
v 5.061069 -0.893776 -3.820840
v 5.061069 -0.905880 -3.890980
v 5.061069 -1.077069 -3.887950
v 5.061069 -0.893776 -3.820840
v 5.269440 -0.860773 -3.820870
v 5.273155 -0.872289 -3.891020
v 5.326056 -1.035099 -3.888000
v 5.457414 -0.764996 -3.820990
v 5.464479 -0.774804 -3.891130
v 5.565104 -0.913300 -3.888140
v 5.606591 -0.615820 -3.821160
v 5.616316 -0.622968 -3.891310
v 5.754815 -0.723590 -3.888370
v 5.702368 -0.427846 -3.821380
v 5.713800 -0.431643 -3.891540
v 5.876616 -0.484542 -3.888640
v 5.735371 -0.219475 -3.821630
v 5.747392 -0.219557 -3.891790
v 5.918587 -0.219554 -3.888960
v 5.702368 -0.011104 -3.821870
v 5.713800 -0.007472 -3.892030
v 5.876616 0.045434 -3.889270
v 5.606591 0.176870 -3.822090
v 5.616316 0.183854 -3.892260
v 5.754816 0.284483 -3.889550
v 5.457414 0.326047 -3.822260
v 5.464479 0.335690 -3.892440
v 5.565104 0.474192 -3.889770
v 5.269440 0.421824 -3.822380
v 5.273155 0.433175 -3.892550
v 5.326056 0.595994 -3.889910
v 5.061069 0.454827 -3.822420
v 5.061069 0.466766 -3.892590
v 5.061069 0.637964 -3.889960
v 4.852698 0.421824 -3.822380
v 4.848983 0.433175 -3.892550
v 4.796081 0.595994 -3.889910
v 4.664724 0.326047 -3.822260
v 4.657658 0.335690 -3.892440
v 4.557032 0.474193 -3.889770
v 4.664207 -0.086357 -0.260226
v 4.643785 -0.215305 -0.260075
v 4.664209 -0.344253 -0.259924
v 4.723479 -0.460578 -0.259788
v 4.815796 -0.552894 -0.259680
v 4.932121 -0.612164 -0.259610
v 5.061069 -0.632588 -0.259586
v 5.061069 -0.632588 -0.259586
v 5.190017 -0.612164 -0.259610
v 5.306342 -0.552894 -0.259680
v 5.398659 -0.460578 -0.259788
v 5.457930 -0.344253 -0.259924
v 5.478353 -0.215305 -0.260075
v 5.457930 -0.086357 -0.260226
v 5.398659 0.029968 -0.260362
v 5.306342 0.122285 -0.260470
v 5.190017 0.181556 -0.260540
v 5.061069 0.201979 -0.260564
v 4.932121 0.181556 -0.260540
v 4.815796 0.122285 -0.260470
v 4.723479 0.029968 -0.260362
v 4.664207 -0.086357 -0.260226
v 4.643785 -0.215305 -0.260075
v 4.664209 -0.344253 -0.259924
v 4.723479 -0.460578 -0.259788
v 4.815796 -0.552894 -0.259680
v 4.932121 -0.612164 -0.259610
v 5.061069 -0.632588 -0.259586
v 5.061069 -0.632588 -0.259586
v 5.190017 -0.612164 -0.259610
v 5.306342 -0.552894 -0.259680
v 5.398659 -0.460578 -0.259788
v 5.457930 -0.344253 -0.259924
v 5.478353 -0.215305 -0.260075
v 5.457930 -0.086357 -0.260226
v 5.398659 0.029968 -0.260362
v 5.306342 0.122285 -0.260470
v 5.190017 0.181556 -0.260540
v 5.061069 0.201979 -0.260564
v 4.932121 0.181556 -0.260540
v 4.815796 0.122285 -0.260470
v 4.723479 0.029968 -0.260362
v 5.004919 0.277651 1.856820
v 5.004919 0.276567 0.931049
v 4.856101 0.235210 0.931097
v 4.856101 0.236294 1.856860
v 4.727348 0.149890 0.931197
v 4.727348 0.150974 1.856960
v 4.631261 0.028959 0.931339
v 4.631261 0.030043 1.857110
v 4.577247 -0.115746 0.931508
v 4.577247 -0.114662 1.857280
v 4.570593 -0.270059 0.931689
v 4.570593 -0.268975 1.857460
v 4.611950 -0.418877 0.931863
v 4.611950 -0.417793 1.857630
v 5.004919 0.277651 1.856820
v 5.011783 0.217686 1.856890
v 5.011783 0.216602 0.931119
v 5.004919 0.276567 0.931049
v 4.611950 -0.418877 0.931863
v 4.666859 -0.393818 0.931834
v 4.666859 -0.392734 1.857600
v 4.611950 -0.417793 1.857630
v 4.880922 0.180824 0.931161
v 4.880922 0.181908 1.856930
v 4.767759 0.105836 0.931249
v 4.767759 0.106920 1.857020
v 4.683308 -0.000451 0.931373
v 4.683308 0.000633 1.857140
v 4.635835 -0.127633 0.931522
v 4.635835 -0.126549 1.857290
v 4.629987 -0.263260 0.931681
v 4.629987 -0.262176 1.857450
v 4.985558 -1.205600 2.009340
v 4.959295 -0.723575 2.008780
v 5.162843 -0.723575 2.008780
v 5.136580 -1.205600 2.009340
v 4.959295 -0.722308 3.091330
v 4.985558 -1.204540 2.913820
v 5.136580 -1.204540 2.913820
v 5.162843 -0.722308 3.091330
v 4.985558 -1.204921 2.585770
v 5.136580 -1.204921 2.585770
v 4.985558 -1.204540 2.913820
v 4.959295 -0.722308 3.091330
v 4.959295 -0.722777 2.690270
v 4.985558 -1.204921 2.585770
v 5.136580 -1.204540 2.913820
v 5.136580 -1.204921 2.585770
v 5.162843 -0.722777 2.690270
v 5.162843 -0.722308 3.091330
v 4.911530 -1.204921 2.585770
v 4.859521 -0.722777 2.690270
v 4.859521 -0.722867 2.613210
v 4.911530 -1.205000 2.520600
v 4.985558 -1.759560 2.726320
v 4.985558 -1.835420 2.686630
v 5.136580 -1.835420 2.686630
v 5.136580 -1.759560 2.726320
v 5.210607 -1.204921 2.585770
v 5.210607 -1.205000 2.520600
v 5.262617 -0.722867 2.613210
v 5.262617 -0.722777 2.690270
v 4.985558 -1.276220 2.585860
v 5.136580 -1.276220 2.585860
v 4.985558 -1.205000 2.520600
v 4.985558 -1.276300 2.520690
v 4.985558 -1.276220 2.585860
v 4.985558 -1.204921 2.585770
v 5.136580 -1.276900 2.009430
v 4.985558 -1.276900 2.009430
v 5.136580 -1.204921 2.585770
v 5.136580 -1.276220 2.585860
v 5.136580 -1.276300 2.520690
v 5.136580 -1.205000 2.520600
v 4.905203 -1.324110 2.497770
v 4.905203 -1.799361 2.638830
v 4.905203 -1.734870 2.672570
v 4.905203 -1.324040 2.553170
v 5.216935 -1.324110 2.497770
v 5.216935 -1.324040 2.553170
v 5.216935 -1.734870 2.672570
v 5.216935 -1.799361 2.638830
v 5.136580 -1.873360 2.140980
v 4.985558 -1.873360 2.140980
v 4.859521 -0.722777 2.690270
v 4.911530 -1.204921 2.585770
v 4.911530 -1.205600 2.009340
v 4.859521 -0.723575 2.008780
v 5.162843 -0.722777 2.690270
v 5.136580 -1.204921 2.585770
v 5.210607 -1.204921 2.585770
v 5.262617 -0.722777 2.690270
v 5.262617 -0.723575 2.008780
v 5.210607 -1.205600 2.009340
v 4.985558 -1.276300 2.520690
v 4.985558 -1.276220 2.585860
v 4.985558 -1.873360 2.140980
v 4.905203 -1.831600 2.175030
v 4.905203 -1.324610 2.063200
v 4.985558 -1.276900 2.009430
v 4.985558 -1.759560 2.726320
v 4.985558 -1.835420 2.686630
v 5.136580 -1.276300 2.520690
v 5.136580 -1.276220 2.585860
v 5.136580 -1.759560 2.726320
v 5.136580 -1.835420 2.686630
v 5.136580 -1.873360 2.140980
v 5.136580 -1.276900 2.009430
v 5.216935 -1.324610 2.063200
v 5.216935 -1.831600 2.175030
v 4.911530 -1.205530 2.071710
v 4.859521 -0.723489 2.082520
v 4.859521 -0.723575 2.008780
v 4.911530 -1.205600 2.009340
v 4.985558 -1.205530 2.071710
v 4.985558 -1.205600 2.009340
v 4.985558 -1.276900 2.009430
v 4.985558 -1.276820 2.071800
v 4.985558 -1.276820 2.071800
v 4.905203 -1.324550 2.116220
v 4.905203 -1.865860 2.236640
v 4.985558 -1.913670 2.213460
v 4.985558 -1.913670 2.213460
v 5.136580 -1.913670 2.213460
v 5.136580 -1.913670 2.213460
v 5.216935 -1.865860 2.236640
v 5.216935 -1.324550 2.116220
v 5.136580 -1.276820 2.071800
v 5.136580 -1.205530 2.071710
v 5.136580 -1.276820 2.071800
v 5.136580 -1.276900 2.009430
v 5.136580 -1.205600 2.009340
v 5.210607 -1.205600 2.009340
v 5.210607 -1.205530 2.071710
v 5.262617 -0.723575 2.008780
v 5.262617 -0.723489 2.082520
v 4.625714 -0.210709 3.665120
v 4.661069 -0.210693 3.678860
v 4.778226 0.072109 3.643330
v 4.753226 0.097093 3.629560
v 4.696424 -0.210709 3.665120
v 4.803226 0.047093 3.629620
v 4.711069 -0.210748 3.631930
v 4.813581 0.036698 3.596440
v 4.696424 -0.210786 3.598750
v 4.803226 0.047016 3.563250
v 4.661069 -0.210803 3.585000
v 4.778226 0.071999 3.549470
v 4.625714 -0.210786 3.598750
v 4.753226 0.097016 3.563190
v 4.611069 -0.210748 3.631930
v 4.742871 0.107409 3.596360
v 4.742871 0.107409 3.596360
v 5.343912 0.072027 3.572940
v 5.368912 0.097011 3.559160
v 5.318912 0.047011 3.559220
v 5.308556 0.036616 3.526040
v 5.318912 0.046933 3.492850
v 5.343912 0.071917 3.479070
v 5.368912 0.096933 3.492790
v 5.379267 0.107327 3.525960
v 5.379267 0.107327 3.525960
v 5.343912 -0.493742 3.503200
v 5.368912 -0.518758 3.489480
v 5.318912 -0.468758 3.489420
v 5.308556 -0.458441 3.456230
v 5.318912 -0.468835 3.423050
v 5.343912 -0.493851 3.409330
v 5.368912 -0.518835 3.423110
v 5.379267 -0.529151 3.456310
v 5.379267 -0.529151 3.456310
v 4.778226 -0.493824 3.432800
v 4.753226 -0.518840 3.419080
v 4.803226 -0.468840 3.419020
v 4.813581 -0.458523 3.385830
v 4.803226 -0.468918 3.352650
v 4.778226 -0.493934 3.338930
v 4.753226 -0.518918 3.352710
v 4.742871 -0.529234 3.385910
v 4.742871 -0.529234 3.385910
v 4.778226 0.071780 3.361740
v 4.753226 0.096764 3.347960
v 4.803226 0.046764 3.348020
v 4.813581 0.036369 3.314850
v 4.803226 0.046686 3.281650
v 4.778226 0.071670 3.267870
v 4.753226 0.096686 3.281590
v 4.742871 0.107079 3.314770
v 4.742871 0.107079 3.314770
v 5.343912 0.071697 3.291340
v 5.368912 0.096681 3.277570
v 5.318912 0.046681 3.277630
v 5.308556 0.036286 3.244450
v 5.318912 0.046603 3.211250
v 5.343912 0.071587 3.197480
v 5.368912 0.096603 3.211190
v 5.379267 0.106997 3.244370
v 5.379267 0.106997 3.244370
v 5.343912 -0.494071 3.221600
v 5.368912 -0.519087 3.207890
v 5.318912 -0.469087 3.207830
v 5.308556 -0.458770 3.174630
v 5.318912 -0.469165 3.141450
v 5.343912 -0.494181 3.127740
v 5.368912 -0.519165 3.141510
v 5.379267 -0.529481 3.174710
v 5.379267 -0.529481 3.174710
v 4.778226 -0.494153 3.151200
v 4.753226 -0.519169 3.137490
v 4.803226 -0.469169 3.137430
v 4.813581 -0.458852 3.104230
v 4.803226 -0.469247 3.071060
v 4.778226 -0.494263 3.057340
v 4.753226 -0.519246 3.071120
v 4.742871 -0.529563 3.104310
v 4.742871 -0.529563 3.104310
v 4.661069 -0.211351 3.115670
v 4.625714 -0.211367 3.101930
v 4.696424 -0.211368 3.101930
v 4.711069 -0.211407 3.068740
v 4.696424 -0.211445 3.035560
v 4.661069 -0.211460 3.021810
v 4.625714 -0.211444 3.035560
v 4.611069 -0.211406 3.068740
v 5.061069 0.001479 3.868090
v 5.061069 0.181080 3.799690
v 4.784143 0.066375 3.799820
v 4.911198 -0.060599 3.868160
v 5.210940 -0.060599 3.868160
v 5.337994 0.066375 3.799820
v 5.273018 -0.210471 3.868340
v 5.452700 -0.210551 3.800150
v 5.210940 -0.360342 3.868510
v 5.337994 -0.487475 3.800470
v 5.061069 -0.422420 3.868590
v 5.061069 -0.602181 3.800610
v 4.911198 -0.360342 3.868510
v 4.784143 -0.487475 3.800470
v 4.849120 -0.210471 3.868340
v 4.669438 -0.210551 3.800150
v 5.061069 0.301021 3.697490
v 4.699249 0.151150 3.697670
v 5.422889 0.151150 3.697670
v 5.572760 -0.210670 3.698090
v 5.422889 -0.572490 3.698510
v 5.061069 -0.722361 3.698690
v 4.699249 -0.572490 3.698510
v 4.549377 -0.210670 3.698090
v 5.061069 0.343039 3.577060
v 4.669438 0.180820 3.577250
v 5.452700 0.180820 3.577250
v 5.614919 -0.210811 3.577710
v 5.452700 -0.602442 3.578170
v 5.061069 -0.764661 3.578360
v 4.669438 -0.602442 3.578170
v 4.507219 -0.210811 3.577710
v 5.061069 -0.210443 3.892290
v 4.669438 0.180820 3.577250
v 5.061069 0.343039 3.577060
v 5.061069 -0.210811 3.577710
v 5.452700 0.180820 3.577250
v 5.614919 -0.210811 3.577710
v 5.452700 -0.602442 3.578170
v 5.061069 -0.764661 3.578360
v 4.669438 -0.602442 3.578170
v 4.507219 -0.210811 3.577710
v 5.691244 1.491930 0.922029
v 5.721568 1.491750 0.934591
v 5.721554 1.917360 0.934092
v 5.691229 1.917340 0.921531
v 5.682967 0.517201 0.923171
v 5.712641 0.510967 0.935739
v 5.626789 0.348576 0.923368
v 5.534006 0.237911 0.923498
v 5.553753 0.214910 0.936086
v 5.654908 0.338242 0.935942
v 5.135239 0.097927 0.923662
v 5.137063 0.067671 0.936258
v 5.388822 0.116316 0.936201
v 5.380942 0.145021 0.923607
v 5.751892 1.491530 0.922030
v 5.751879 1.917340 0.921531
v 5.742316 0.504705 0.923185
v 5.573499 0.191881 0.923552
v 5.683028 0.327880 0.923393
v 5.138886 0.037386 0.923733
v 5.396702 0.087581 0.923674
v 5.764453 1.491410 0.891705
v 5.764440 1.917310 0.891206
v 5.754607 0.502081 0.892864
v 5.581677 0.182312 0.893238
v 5.694675 0.323558 0.893073
v 5.139643 0.024812 0.893422
v 5.399966 0.075648 0.893363
v 5.764453 1.491410 0.891705
v 5.751892 1.491460 0.861380
v 5.751879 1.917270 0.860881
v 5.764440 1.917310 0.891206
v 5.754607 0.502081 0.892864
v 5.742316 0.504633 0.862536
v 5.581677 0.182312 0.893238
v 5.573499 0.191810 0.862902
v 5.683028 0.327809 0.862743
v 5.694675 0.323558 0.893073
v 5.139643 0.024812 0.893422
v 5.138886 0.037315 0.863083
v 5.396702 0.087510 0.863024
v 5.399966 0.075648 0.893363
v 5.721568 1.491650 0.848819
v 5.721554 1.917250 0.848320
v 5.712641 0.510867 0.849967
v 5.553753 0.214810 0.850314
v 5.654908 0.338142 0.850170
v 5.137063 0.067571 0.850486
v 5.388822 0.116215 0.850429
v 5.691244 1.491860 0.861379
v 5.691229 1.917270 0.860881
v 5.682967 0.517129 0.862521
v 5.626789 0.348505 0.862718
v 5.534006 0.237840 0.862848
v 5.135239 0.097856 0.863012
v 5.380942 0.144950 0.862957
v 5.678683 1.491990 0.891704
v 5.678668 1.917310 0.891206
v 5.670675 0.519753 0.892843
v 5.525826 0.247408 0.893162
v 5.615141 0.352826 0.893038
v 5.134484 0.110429 0.893322
v 5.377678 0.156882 0.893268
v 5.721554 1.917360 0.934092
v 5.721554 1.917310 0.891206
v 5.751879 1.917340 0.921531
v 5.764440 1.917310 0.891206
v 5.751879 1.917270 0.860881
v 5.721554 1.917250 0.848320
v 6.481949 0.962996 1.917150
v 6.512269 0.962811 1.929710
v 6.512259 1.918520 1.928590
v 6.481929 1.918510 1.916030
v 6.473669 0.273027 1.917960
v 6.503339 0.266794 1.930530
v 6.336589 -0.109757 1.918410
v 6.362939 -0.124744 1.930990
v 6.451249 0.074342 1.930750
v 6.423129 0.084675 1.918180
v 6.044789 -0.470726 1.918830
v 6.063689 -0.494430 1.931420
v 6.241719 -0.309898 1.931200
v 6.218759 -0.290943 1.918620
v 5.828799 -0.599063 1.918980
v 5.555485 -0.682553 1.919080
v 5.562047 -0.712145 1.931680
v 5.841739 -0.625610 1.931570
v 5.201297 -0.694626 1.919090
v 5.177447 -0.719391 1.931680
v 6.542599 0.962596 1.917150
v 6.542579 1.918510 1.916030
v 6.533019 0.260531 1.917980
v 6.389298 -0.139759 1.918440
v 6.479369 0.063979 1.918210
v 6.082579 -0.518165 1.918890
v 6.264679 -0.328883 1.918670
v 5.568611 -0.741766 1.919150
v 5.854679 -0.652187 1.919040
v 5.153597 -0.744185 1.919150
v 6.555159 0.962470 1.886820
v 6.555139 1.918470 1.885700
v 6.545309 0.257908 1.887650
v 6.400208 -0.146008 1.888120
v 6.491009 0.059658 1.887880
v 6.090409 -0.528026 1.888570
v 6.274189 -0.336776 1.888350
v 5.571329 -0.754065 1.888830
v 5.860039 -0.663225 1.888730
v 5.143718 -0.754485 1.888830
v 6.542599 0.962525 1.856500
v 6.542579 1.918430 1.855380
v 6.533019 0.260460 1.857330
v 6.389298 -0.139830 1.857800
v 6.479369 0.063908 1.857560
v 6.082579 -0.518236 1.858240
v 6.264679 -0.328954 1.858020
v 5.568611 -0.741837 1.858500
v 5.854679 -0.652258 1.858400
v 5.153597 -0.744257 1.858500
v 6.512269 0.962710 1.843940
v 6.512259 1.918420 1.842820
v 6.503339 0.266694 1.844760
v 6.362939 -0.124844 1.845220
v 6.451249 0.074242 1.844980
v 6.063689 -0.494531 1.845650
v 6.241719 -0.309999 1.845430
v 5.562047 -0.712246 1.845910
v 5.841739 -0.625711 1.845800
v 5.177447 -0.719492 1.845910
v 6.481949 0.962925 1.856500
v 6.481929 1.918430 1.855380
v 6.473669 0.272956 1.857310
v 6.336589 -0.109828 1.857760
v 6.423129 0.084604 1.857530
v 6.044789 -0.470797 1.858180
v 6.218759 -0.291014 1.857970
v 5.828799 -0.599134 1.858330
v 5.555485 -0.682624 1.858430
v 5.201297 -0.694697 1.858440
v 6.469389 0.963050 1.886820
v 6.469369 1.918470 1.885700
v 6.461379 0.275580 1.887630
v 6.325669 -0.103580 1.888070
v 6.411479 0.088926 1.887850
v 6.036967 -0.460937 1.888490
v 6.209259 -0.283121 1.888280
v 5.552767 -0.670325 1.888740
v 5.823439 -0.588096 1.888640
v 5.211176 -0.684397 1.888750
v 6.469389 0.963050 1.886820
v 6.469369 1.918470 1.885700
v 6.461379 0.275580 1.887630
v 6.325669 -0.103580 1.888070
v 6.411479 0.088926 1.887850
v 6.036967 -0.460937 1.888490
v 6.209259 -0.283121 1.888280
v 5.552767 -0.670325 1.888740
v 5.823439 -0.588096 1.888640
v 5.211176 -0.684397 1.888750
v 6.481929 1.918510 1.916030
v 6.512259 1.918520 1.928590
v 6.512259 1.918470 1.885700
v 6.512259 1.918420 1.842820
v 6.481929 1.918430 1.855380
v 6.469369 1.918470 1.885700
v 6.481949 0.961831 0.922650
v 6.512269 0.961646 0.935211
v 6.512259 1.917360 0.934092
v 6.481929 1.917340 0.921531
v 6.473669 0.271863 0.923458
v 6.503339 0.265629 0.936027
v 6.336589 -0.110922 0.923907
v 6.362939 -0.125908 0.936485
v 6.451249 0.073177 0.936252
v 6.423129 0.083511 0.923679
v 6.044789 -0.471891 0.924329
v 6.063689 -0.495595 0.936918
v 6.241719 -0.311063 0.936702
v 6.218759 -0.292108 0.924119
v 5.828799 -0.600228 0.924480
v 5.555485 -0.683718 0.924577
v 5.562047 -0.713310 0.937173
v 5.841739 -0.626775 0.937072
v 5.201297 -0.695791 0.924591
v 5.177447 -0.720556 0.937182
v 6.542599 0.961431 0.922651
v 6.542579 1.917340 0.921531
v 6.533019 0.259367 0.923473
v 6.389298 -0.140924 0.923942
v 6.479369 0.062815 0.923703
v 6.082579 -0.519330 0.924385
v 6.264679 -0.330048 0.924163
v 5.568611 -0.742931 0.924647
v 5.854679 -0.653352 0.924542
v 5.153597 -0.745350 0.924649
v 6.555159 0.961306 0.892326
v 6.555139 1.917310 0.891206
v 6.545309 0.256743 0.893151
v 6.400208 -0.147173 0.893624
v 6.491009 0.058493 0.893383
v 6.090409 -0.529190 0.894071
v 6.274189 -0.337940 0.893847
v 5.571329 -0.755230 0.894336
v 5.860039 -0.664390 0.894230
v 5.143718 -0.755649 0.894337
v 6.542599 0.961360 0.862001
v 6.542579 1.917270 0.860881
v 6.533019 0.259296 0.862823
v 6.389298 -0.140995 0.863292
v 6.479369 0.062744 0.863053
v 6.082579 -0.519401 0.863735
v 6.264679 -0.330119 0.863513
v 5.568611 -0.743002 0.863997
v 5.854679 -0.653423 0.863892
v 5.153597 -0.745421 0.864000
v 6.512269 0.961545 0.849439
v 6.512259 1.917250 0.848320
v 6.503339 0.265529 0.850255
v 6.362939 -0.126009 0.850713
v 6.451249 0.073077 0.850480
v 6.063689 -0.495696 0.851146
v 6.241719 -0.311164 0.850930
v 5.562047 -0.713410 0.851401
v 5.841739 -0.626875 0.851300
v 5.177447 -0.720656 0.851410
v 6.481949 0.961760 0.862000
v 6.481929 1.917270 0.860881
v 6.473669 0.271792 0.862808
v 6.336589 -0.110993 0.863257
v 6.423129 0.083440 0.863029
v 6.044789 -0.471962 0.863679
v 6.218759 -0.292179 0.863469
v 5.828799 -0.600299 0.863830
v 5.555485 -0.683789 0.863927
v 5.201297 -0.695862 0.863942
v 6.469389 0.961886 0.892325
v 6.469369 1.917310 0.891206
v 6.461379 0.274415 0.893130
v 6.325669 -0.104745 0.893574
v 6.411479 0.087761 0.893349
v 6.036967 -0.462101 0.893993
v 6.209259 -0.284285 0.893784
v 5.552767 -0.671490 0.894238
v 5.823439 -0.589261 0.894142
v 5.211176 -0.685562 0.894254
v 6.469389 0.961886 0.892325
v 6.469369 1.917310 0.891206
v 6.461379 0.274415 0.893130
v 6.325669 -0.104745 0.893574
v 6.411479 0.087761 0.893349
v 6.036967 -0.462101 0.893993
v 6.209259 -0.284285 0.893784
v 5.552767 -0.671490 0.894238
v 5.823439 -0.589261 0.894142
v 5.211176 -0.685562 0.894254
v 6.481929 1.917340 0.921531
v 6.512259 1.917360 0.934092
v 6.512259 1.917310 0.891206
v 6.512259 1.917250 0.848320
v 6.481929 1.917270 0.860881
v 6.469369 1.917310 0.891206
v 5.691244 1.493100 1.916530
v 5.721568 1.492910 1.929090
v 5.721554 1.918520 1.928590
v 5.691229 1.918510 1.916030
v 5.682967 0.518365 1.917670
v 5.712641 0.512132 1.930240
v 5.626789 0.349740 1.917870
v 5.534006 0.239075 1.918000
v 5.553753 0.216075 1.930590
v 5.654908 0.339407 1.930440
v 5.135239 0.099091 1.918170
v 5.137063 0.068836 1.930760
v 5.388822 0.117480 1.930700
v 5.380942 0.146186 1.918110
v 5.751892 1.492700 1.916530
v 5.751879 1.918510 1.916030
v 5.742316 0.505869 1.917690
v 5.573499 0.193045 1.918060
v 5.683028 0.329044 1.917900
v 5.138886 0.038550 1.918240
v 5.396702 0.088745 1.918180
v 5.764453 1.492570 1.886200
v 5.764440 1.918470 1.885700
v 5.754607 0.503246 1.887360
v 5.581677 0.183477 1.887740
v 5.694675 0.324723 1.887570
v 5.139643 0.025977 1.887920
v 5.399966 0.076813 1.887860
v 5.764453 1.492570 1.886200
v 5.751892 1.492620 1.855880
v 5.751879 1.918430 1.855380
v 5.764440 1.918470 1.885700
v 5.754607 0.503246 1.887360
v 5.742316 0.505798 1.857040
v 5.581677 0.183477 1.887740
v 5.573499 0.192974 1.857410
v 5.683028 0.328973 1.857250
v 5.694675 0.324723 1.887570
v 5.139643 0.025977 1.887920
v 5.138886 0.038479 1.857590
v 5.396702 0.088674 1.857530
v 5.399966 0.076813 1.887860
v 5.721568 1.492810 1.843320
v 5.721554 1.918420 1.842820
v 5.712641 0.512031 1.844470
v 5.553753 0.215975 1.844820
v 5.654908 0.339307 1.844670
v 5.137063 0.068736 1.844990
v 5.388822 0.117380 1.844930
v 5.691244 1.493020 1.855880
v 5.691229 1.918430 1.855380
v 5.682967 0.518294 1.857020
v 5.626789 0.349669 1.857220
v 5.534006 0.239004 1.857350
v 5.135239 0.099020 1.857520
v 5.380942 0.146114 1.857460
v 5.678683 1.493150 1.886200
v 5.678668 1.918470 1.885700
v 5.670675 0.520918 1.887340
v 5.525826 0.248573 1.887660
v 5.615141 0.353991 1.887540
v 5.134484 0.111594 1.887820
v 5.377678 0.158047 1.887770
v 5.721554 1.918520 1.928590
v 5.721554 1.918470 1.885700
v 5.751879 1.918510 1.916030
v 5.764440 1.918470 1.885700
v 5.751879 1.918430 1.855380
v 5.721554 1.918420 1.842820
vn -0.0000 -0.0012 -1.0000
vn -0.1073 0.9942 -0.0012
vn -0.4646 0.0011 0.8855
vn -0.1073 -0.9942 0.0012
vn -0.0000 0.0012 1.0000
vn -0.0000 1.0000 -0.0012
vn -0.1305 -0.1167 -0.9846
vn -0.1305 0.1144 -0.9848
vn -0.1305 0.1143 -0.9848
vn -0.0000 -1.0000 0.0012
vn -0.4646 0.0010 0.8855
vn -0.1305 -0.1166 -0.9846
vn -0.2095 -0.2103 -0.9549
vn -0.2095 0.2081 -0.9554
vn -0.0000 0.0011 1.0000
vn -0.1073 0.9942 -0.0014
vn -0.2130 0.0011 0.9771
vn -0.1072 0.9942 -0.0012
vn -0.0000 -0.0011 -1.0000
vn -0.2130 0.0012 0.9771
vn -0.1072 -0.9942 0.0012
vn -0.1073 -0.9942 0.0011
vn -0.0000 -1.0000 0.0011
vn -0.0000 1.0000 -0.0011
vn -0.1896 0.4644 -0.8651
vn -0.1896 0.4643 -0.8651
vn 0.0001 -1.0000 0.0011
vn 0.0001 -1.0000 0.0012
vn -0.1896 -0.4663 -0.8640
vn -0.1896 -0.4664 -0.8640
vn -0.2095 -0.2104 -0.9549
vn -1.0000 -0.0000 -0.0000
vn -0.1306 0.1144 -0.9848
vn -0.1897 0.4643 -0.8651
vn 0.8596 0.5110 -0.0006
vn -0.1896 0.4643 -0.8652
vn 0.8596 0.5110 -0.0005
vn -0.7289 0.5504 -0.4071
vn -0.7289 0.5505 -0.4071
vn -0.8734 -0.0006 -0.4870
vn -0.7289 -0.5514 -0.4058
vn -0.7289 -0.5514 -0.4057
vn -0.1896 -0.4663 -0.8641
vn 0.8596 -0.5110 0.0006
vn -0.1306 -0.1167 -0.9846
vn -1.0000 -0.0000 0.0001
vn -1.0000 -0.0000 -0.0001
vn -0.1073 0.9942 -0.0013
vn -0.1073 0.9942 -0.0015
vn -0.7289 0.5505 -0.4070
vn -0.4646 0.0008 0.8855
vn -0.8734 -0.0007 -0.4870
vn -0.8734 -0.0005 -0.4870
vn -0.1073 -0.9942 0.0013
vn -0.8090 0.5878 -0.0007
vn -0.9511 0.3090 -0.0004
vn -0.9511 0.3090 -0.0003
vn -0.5878 0.8090 -0.0010
vn -0.5878 0.8090 -0.0009
vn -0.3090 0.9511 -0.0011
vn -0.3090 0.9510 -0.0011
vn 0.3090 0.9511 -0.0011
vn 0.3090 0.9510 -0.0011
vn 0.5878 0.8090 -0.0010
vn 0.5878 0.8090 -0.0009
vn 0.8090 0.5878 -0.0007
vn 0.9511 0.3090 -0.0004
vn 1.0000 -0.0000 -0.0000
vn 0.9511 -0.3090 0.0004
vn 0.8090 -0.5878 0.0007
vn 0.8090 -0.5878 0.0006
vn 0.5878 -0.8090 0.0009
vn 0.5878 -0.8090 0.0010
vn 0.3090 -0.9511 0.0011
vn 0.2584 -0.9660 0.0012
vn 0.2584 -0.9660 0.0011
vn -0.3090 -0.9511 0.0011
vn -0.5878 -0.8090 0.0009
vn -0.5878 -0.8090 0.0010
vn -0.8090 -0.5878 0.0007
vn -0.9511 -0.3090 0.0004
vn -0.9511 -0.3090 0.0003
vn -0.9986 -0.0527 0.0001
vn -0.9986 -0.0527 -0.0000
vn 0.9511 -0.3090 0.0003
vn 0.9511 0.3090 -0.0003
vn -0.9986 -0.0528 0.0001
vn 0.5877 -0.8091 0.0009
vn -0.0001 -0.0012 -1.0000
vn 0.0001 0.0012 1.0000
vn -0.9986 -0.0528 -0.0000
vn -0.9510 0.3091 -0.0004
vn -0.0001 1.0000 -0.0012
vn 0.2585 -0.9660 0.0012
vn -0.0001 -0.0011 -1.0000
vn 0.0001 -0.0011 -1.0000
vn -0.0000 -0.0013 -1.0000
vn 0.0001 -0.0013 -1.0000
vn 0.9517 0.3070 -0.0004
vn 0.9517 0.3070 -0.0003
vn -0.0021 1.0000 -0.0012
vn -0.0001 0.0012 1.0000
vn 0.9514 0.3080 -0.0004
vn 0.8094 0.5872 -0.0007
vn 0.5880 0.8089 -0.0009
vn 0.5877 0.8090 -0.0009
vn 0.3088 0.9511 -0.0011
vn -0.0007 1.0000 -0.0012
vn 0.9511 0.3089 -0.0003
vn 0.3089 0.9511 -0.0011
vn 0.5880 0.8089 -0.0010
vn -0.8024 0.5831 0.1268
vn -0.7834 0.5695 0.2491
vn -0.9209 0.2995 0.2494
vn -0.9209 0.2995 0.2493
vn -0.9433 0.3067 0.1271
vn -0.9433 0.3066 0.1271
vn -0.9683 0.0003 0.2497
vn -0.9918 0.0001 0.1275
vn -0.9918 0.0002 0.1275
vn -0.9209 -0.2990 0.2501
vn -0.9209 -0.2989 0.2501
vn -0.9433 -0.3063 0.1278
vn -0.9433 -0.3064 0.1278
vn -0.7834 -0.5689 0.2504
vn -0.8024 -0.5828 0.1282
vn -0.8024 -0.5828 0.1281
vn -0.5692 -0.7831 0.2506
vn -0.5830 -0.8023 0.1284
vn -0.5691 -0.7831 0.2506
vn -0.2992 -0.9206 0.2508
vn -0.2993 -0.9206 0.2508
vn -0.3065 -0.9431 0.1286
vn -0.3065 -0.9432 0.1286
vn -0.0000 -0.9680 0.2508
vn -0.0000 -0.9917 0.1286
vn -0.0000 -0.9680 0.2509
vn 0.2992 -0.9206 0.2508
vn 0.3065 -0.9431 0.1286
vn 0.5692 -0.7831 0.2506
vn 0.5830 -0.8023 0.1284
vn 0.7834 -0.5689 0.2504
vn 0.8024 -0.5829 0.1281
vn 0.8024 -0.5828 0.1281
vn 0.9209 -0.2990 0.2501
vn 0.9433 -0.3063 0.1278
vn 0.9683 0.0003 0.2497
vn 0.9918 0.0001 0.1275
vn 0.9209 0.2995 0.2494
vn 0.9209 0.2995 0.2493
vn 0.9433 0.3066 0.1271
vn 0.7834 0.5695 0.2490
vn 0.8024 0.5831 0.1268
vn 0.7834 0.5695 0.2491
vn 0.5692 0.7837 0.2488
vn 0.5830 0.8026 0.1265
vn 0.2992 0.9212 0.2486
vn 0.3065 0.9434 0.1264
vn -0.0000 0.9686 0.2486
vn -0.0000 0.9920 0.1263
vn 0.3065 0.9435 0.1264
vn -0.2992 0.9212 0.2486
vn -0.3065 0.9435 0.1264
vn -0.5692 0.7837 0.2488
vn -0.5691 0.7837 0.2488
vn -0.5830 0.8026 0.1265
vn -0.3065 0.9434 0.1264
vn -0.7940 0.5771 0.1913
vn -0.9334 0.3035 0.1916
vn -0.9814 0.0002 0.1920
vn -0.9334 -0.3030 0.1923
vn -0.9334 -0.3031 0.1923
vn -0.7940 -0.5766 0.1927
vn -0.9334 -0.3030 0.1924
vn -0.7940 -0.5766 0.1926
vn -0.5769 -0.7937 0.1929
vn -0.5768 -0.7938 0.1929
vn -0.3033 -0.9331 0.1931
vn -0.0000 -0.9812 0.1931
vn 0.3033 -0.9331 0.1931
vn 0.3032 -0.9331 0.1931
vn 0.5769 -0.7937 0.1929
vn 0.5768 -0.7937 0.1929
vn 0.7940 -0.5766 0.1926
vn 0.5768 -0.7938 0.1929
vn 0.7940 -0.5766 0.1927
vn 0.9334 -0.3030 0.1923
vn 0.9334 -0.3031 0.1923
vn 0.9814 0.0002 0.1920
vn 0.9334 0.3035 0.1916
vn 0.7940 0.5771 0.1913
vn 0.5768 0.7942 0.1910
vn 0.5769 0.7942 0.1910
vn 0.3033 0.9336 0.1909
vn -0.0000 0.9816 0.1908
vn -0.3033 0.9336 0.1909
vn -0.5769 0.7942 0.1910
vn -0.5768 0.7942 0.1910
vn -0.7830 0.5700 0.2490
vn -0.7939 0.5771 0.1913
vn -0.9333 0.3036 0.1916
vn -0.7834 0.5695 0.2490
vn -0.0157 0.0040 -0.9999
vn -0.9334 0.3035 0.1917
vn -0.7939 0.5771 0.1914
vn -0.7940 0.5770 0.1912
vn -0.0134 0.0085 -0.9999
vn -0.9207 0.3001 0.2493
vn -0.9814 0.0001 0.1920
vn -0.0165 -0.0012 -0.9999
vn -0.9814 0.0002 0.1919
vn -0.9333 0.3036 0.1917
vn -0.0157 0.0039 -0.9999
vn -0.9683 0.0009 0.2497
vn -0.9814 0.0003 0.1920
vn -0.9333 -0.3031 0.1923
vn -0.0157 -0.0063 -0.9999
vn -0.9814 0.0003 0.1919
vn -0.9211 -0.2983 0.2501
vn -0.7939 -0.5767 0.1927
vn -0.0134 -0.0109 -0.9999
vn -0.7838 -0.5684 0.2504
vn -0.0097 -0.0145 -0.9998
vn -0.7939 -0.5767 0.1926
vn -0.7942 -0.5763 0.1927
vn -0.5697 -0.7827 0.2506
vn -0.3029 -0.9333 0.1931
vn -0.0051 -0.0169 -0.9998
vn -0.3032 -0.9332 0.1930
vn -0.2998 -0.9204 0.2508
vn 0.0001 -0.9812 0.1931
vn -0.0000 -0.0177 -0.9998
vn -0.3034 -0.9331 0.1930
vn -0.3037 -0.9330 0.1930
vn -0.0006 -0.9680 0.2508
vn 0.3032 -0.9332 0.1931
vn 0.3036 -0.9330 0.1931
vn 0.0051 -0.0169 -0.9998
vn 0.3033 -0.9331 0.1930
vn -0.0001 -0.9812 0.1931
vn 0.2986 -0.9208 0.2508
vn 0.5767 -0.7939 0.1929
vn 0.0097 -0.0146 -0.9998
vn 0.3034 -0.9331 0.1930
vn 0.3029 -0.9333 0.1930
vn 0.0097 -0.0145 -0.9998
vn 0.5687 -0.7835 0.2506
vn 0.7940 -0.5767 0.1926
vn 0.5691 -0.7831 0.2506
vn 0.0134 -0.0109 -0.9999
vn 0.5768 -0.7938 0.1928
vn 0.5765 -0.7940 0.1929
vn 0.7830 -0.5694 0.2504
vn 0.7939 -0.5767 0.1927
vn 0.9335 -0.3026 0.1924
vn 0.9209 -0.2989 0.2501
vn 0.0157 -0.0063 -0.9999
vn 0.9207 -0.2995 0.2501
vn 0.9814 0.0003 0.1920
vn 0.0165 -0.0011 -0.9999
vn 0.9814 0.0003 0.1919
vn 0.9333 -0.3031 0.1923
vn 0.0165 -0.0012 -0.9999
vn 0.9683 -0.0003 0.2497
vn 0.9334 0.3034 0.1916
vn 0.0157 0.0039 -0.9999
vn 0.9333 0.3035 0.1917
vn 0.9814 0.0001 0.1920
vn 0.9211 0.2989 0.2493
vn 0.7940 0.5770 0.1913
vn 0.0134 0.0085 -0.9999
vn 0.7940 0.5771 0.1912
vn 0.9334 0.3034 0.1917
vn 0.0157 0.0040 -0.9999
vn 0.7837 0.5690 0.2491
vn 0.7834 0.5694 0.2491
vn 0.0097 0.0122 -0.9999
vn 0.7940 0.5770 0.1912
vn 0.5697 0.7833 0.2488
vn 0.3035 0.9335 0.1909
vn 0.2992 0.9212 0.2487
vn 0.0051 0.0146 -0.9999
vn 0.3032 0.9336 0.1908
vn 0.5772 0.7940 0.1910
vn 0.0051 0.0145 -0.9999
vn 0.2998 0.9210 0.2487
vn -0.0001 0.9816 0.1908
vn 0.2993 0.9212 0.2486
vn -0.0000 0.0154 -0.9999
vn 0.3033 0.9336 0.1908
vn 0.0006 0.9686 0.2486
vn -0.3037 0.9335 0.1909
vn -0.2992 0.9212 0.2487
vn -0.0051 0.0145 -0.9999
vn -0.3033 0.9336 0.1908
vn 0.0001 0.9816 0.1908
vn -0.0051 0.0146 -0.9999
vn -0.2986 0.9214 0.2487
vn -0.3032 0.9336 0.1909
vn -0.5768 0.7942 0.1911
vn -0.0097 0.0122 -0.9999
vn -0.3034 0.9336 0.1908
vn -0.5687 0.7840 0.2488
vn -0.7940 0.5770 0.1913
vn -0.7834 0.5694 0.2491
vn -0.5769 0.7941 0.1910
vn -0.0134 0.0086 -0.9999
vn -0.6284 0.2033 -0.7509
vn -0.6607 -0.0009 -0.7506
vn -0.6284 -0.2051 -0.7504
vn -0.9510 -0.3090 0.0004
vn -0.5345 -0.3892 -0.7502
vn -0.8090 -0.5877 0.0007
vn -0.3884 -0.5354 -0.7500
vn -0.2042 -0.6293 -0.7499
vn -0.3091 -0.9510 0.0011
vn -0.0000 -0.6616 -0.7499
vn 0.2042 -0.6293 -0.7499
vn 0.3090 -0.9510 0.0011
vn 0.3884 -0.5354 -0.7500
vn 0.5877 -0.8090 0.0009
vn 0.5345 -0.3892 -0.7502
vn 0.6284 -0.2051 -0.7504
vn 0.9510 -0.3091 0.0004
vn 0.6284 -0.2050 -0.7504
vn 0.6607 -0.0009 -0.7506
vn 0.6284 0.2033 -0.7509
vn 0.9510 0.3090 -0.0004
vn 0.5345 0.3875 -0.7511
vn 0.8090 0.5877 -0.0007
vn 0.3884 0.5337 -0.7513
vn 0.2042 0.6275 -0.7514
vn 0.3091 0.9510 -0.0011
vn -0.0000 0.6598 -0.7514
vn -0.2042 0.6275 -0.7514
vn -0.3091 0.9510 -0.0011
vn -0.3884 0.5337 -0.7513
vn -0.5877 0.8090 -0.0010
vn -0.5345 0.3875 -0.7511
vn -0.6284 0.2032 -0.7509
vn -0.9918 0.0002 0.1274
vn -0.6607 -0.0008 -0.7507
vn -0.6607 -0.0009 -0.7507
vn -0.9918 0.0001 0.1274
vn -0.6284 -0.2050 -0.7504
vn -0.6283 -0.2051 -0.7504
vn -0.5345 -0.3893 -0.7502
vn -0.3883 -0.5354 -0.7500
vn -0.3065 -0.9431 0.1285
vn -0.2042 -0.6292 -0.7499
vn -0.2041 -0.6293 -0.7499
vn -0.3065 -0.9432 0.1285
vn 0.0001 -0.6616 -0.7499
vn 0.3065 -0.9432 0.1285
vn 0.3065 -0.9432 0.1286
vn 0.2041 -0.6293 -0.7499
vn 0.2042 -0.6292 -0.7499
vn 0.3883 -0.5354 -0.7500
vn 0.5345 -0.3893 -0.7502
vn 0.9433 -0.3064 0.1278
vn 0.9918 0.0001 0.1274
vn 0.6607 -0.0009 -0.7507
vn 0.6607 -0.0008 -0.7507
vn 0.9918 0.0002 0.1274
vn 0.6284 0.2032 -0.7509
vn 0.6283 0.2033 -0.7509
vn 0.9433 0.3067 0.1271
vn 0.5345 0.3874 -0.7511
vn 0.3884 0.5336 -0.7513
vn 0.3883 0.5337 -0.7513
vn 0.3065 0.9434 0.1263
vn 0.2041 0.6275 -0.7514
vn 0.3883 0.5336 -0.7513
vn 0.3065 0.9435 0.1263
vn -0.0001 0.6598 -0.7514
vn -0.3065 0.9435 0.1263
vn -0.3065 0.9434 0.1263
vn -0.3883 0.5337 -0.7513
vn -0.3884 0.5336 -0.7513
vn -0.8024 0.5832 0.1268
vn -0.5345 0.3874 -0.7511
vn -0.0158 0.0039 -0.9999
vn -0.0052 0.0145 -0.9999
vn -0.0000 0.0153 -0.9999
vn 0.0001 0.0154 -0.9999
vn 0.0052 0.0145 -0.9999
vn 0.0133 0.0086 -0.9999
vn 0.0134 0.0086 -0.9999
vn 0.0157 -0.0062 -0.9999
vn 0.0134 -0.0108 -0.9999
vn 0.0098 -0.0145 -0.9998
vn -0.0001 -0.0177 -0.9998
vn -0.0052 -0.0169 -0.9998
vn -0.0097 -0.0146 -0.9998
vn -0.0134 -0.0108 -0.9999
vn -0.0157 -0.0062 -0.9999
vn -0.0165 -0.0011 -0.9999
vn -0.2678 0.9635 -0.0011
vn -0.4152 0.9097 -0.0011
vn -0.6760 0.7369 -0.0009
vn -0.6760 0.7369 -0.0008
vn -0.8706 0.4919 -0.0006
vn -0.8706 0.4920 -0.0006
vn -0.9800 0.1988 -0.0002
vn -0.9800 0.1989 -0.0002
vn -0.9935 -0.1138 0.0001
vn -0.9935 -0.1137 0.0001
vn -0.9635 -0.2678 0.0003
vn -0.2677 0.9635 -0.0014
vn 0.9935 0.1137 -0.0001
vn -0.2677 0.9635 -0.0011
vn -0.2677 0.9635 -0.0010
vn 0.4152 -0.9097 0.0011
vn -0.9635 -0.2678 0.0002
vn 0.4133 -0.9106 0.0011
vn 0.6760 -0.7369 0.0009
vn 0.8706 -0.4919 0.0006
vn 0.9800 -0.1988 0.0002
vn 0.8706 -0.4920 0.0006
vn 0.9933 0.1158 -0.0001
vn 0.9800 -0.1989 0.0002
vn 0.4152 -0.9097 0.0010
vn -0.0000 -0.3454 0.9384
vn -0.0001 -0.3455 0.9384
vn -0.0000 -0.3455 0.9384
vn -0.0000 -0.3454 0.9385
vn -0.9985 -0.0544 0.0001
vn 0.9985 -0.0544 0.0001
vn -0.9942 -0.1073 0.0001
vn -0.0000 -0.4636 0.8861
vn 0.9942 -0.1073 0.0001
vn -0.0000 0.0013 1.0000
vn 0.1155 -0.1317 -0.9845
vn -0.1155 -0.1317 -0.9845
vn -0.0000 -1.0000 0.0013
vn -0.0000 -0.4635 0.8861
vn -0.0002 -0.4635 0.8861
vn 0.2092 -0.2107 -0.9549
vn -0.2092 -0.2106 -0.9549
vn -0.9942 -0.1073 -0.0000
vn -0.9942 -0.1073 -0.0002
vn -0.9942 -0.1072 0.0002
vn -0.0001 -1.0000 0.0012
vn 0.9942 -0.1072 0.0002
vn 0.9942 -0.1073 0.0002
vn 0.9942 -0.1073 -0.0002
vn 1.0000 -0.0000 -0.0001
vn -0.4653 -0.1907 -0.8644
vn -0.4652 -0.1906 -0.8644
vn -1.0000 -0.0001 -0.0000
vn 1.0000 -0.0000 0.0001
vn 1.0000 0.0001 -0.0000
vn 0.0001 -0.4636 0.8860
vn 1.0000 -0.0001 -0.0000
vn 0.2092 -0.2106 -0.9549
vn 0.4652 -0.1906 -0.8644
vn 0.4653 -0.1907 -0.8644
vn -0.1155 -0.1316 -0.9846
vn -0.4653 -0.1906 -0.8644
vn -0.5111 0.8595 -0.0010
vn -0.4654 -0.1906 -0.8644
vn -0.5510 -0.7294 -0.4056
vn -0.4654 -0.1906 -0.8643
vn -0.5509 -0.7293 -0.4056
vn -0.5509 -0.7294 -0.4056
vn -0.0000 -0.8739 -0.4860
vn -0.0000 -0.8740 -0.4860
vn 0.4654 -0.1906 -0.8643
vn 0.5510 -0.7294 -0.4056
vn -0.0000 -0.8740 -0.4859
vn 0.5509 -0.7294 -0.4055
vn 0.4654 -0.1906 -0.8644
vn 0.4653 -0.1906 -0.8644
vn 0.5111 0.8595 -0.0010
vn 0.1155 -0.1316 -0.9846
vn 0.5111 0.8595 -0.0011
vn -0.0000 -0.4636 0.8860
vn 0.0001 -0.4636 0.8861
vn -0.0001 -0.8740 -0.4860
vn 0.5509 -0.7294 -0.4056
vn -0.3446 0.2554 0.9033
vn -0.3501 0.2581 0.9004
vn -0.2903 0.2281 0.9294
vn -0.2902 0.2281 0.9294
vn -0.2866 0.2263 0.9309
vn 0.3667 -0.0344 0.9297
vn 0.4357 -0.0568 0.8983
vn -0.2902 0.2282 0.9294
vn -0.3501 0.2582 0.9004
vn 0.8708 -0.3078 0.3834
vn 0.8757 -0.3097 0.3704
vn 0.4358 -0.0568 0.8983
vn 0.4358 -0.0569 0.8983
vn 0.8381 -0.4002 -0.3708
vn 0.8333 -0.3980 -0.3837
vn 0.8758 -0.3096 0.3704
vn 0.8381 -0.4002 -0.3707
vn 0.3429 -0.2651 -0.9012
vn 0.2803 -0.2331 -0.9312
vn -0.3621 0.0424 -0.9312
vn -0.4238 0.0628 -0.9036
vn 0.2803 -0.2332 -0.9312
vn 0.3429 -0.2650 -0.9012
vn -0.8677 0.3166 -0.3833
vn -0.8717 0.3181 -0.3728
vn -0.8717 0.3181 -0.3727
vn -0.8676 0.3166 -0.3834
vn -0.3446 0.2555 0.9033
vn -0.8677 0.3165 -0.3833
vn 0.1043 0.4019 0.9097
vn 0.1043 0.3983 0.9113
vn 0.1118 -0.5615 0.8199
vn 0.1042 0.4019 0.9097
vn 0.0407 -0.9570 0.2871
vn 0.8333 -0.3980 -0.3836
vn -0.0423 -0.9503 -0.3086
vn -0.1138 -0.3901 -0.9137
vn -0.0422 -0.9503 -0.3086
vn 0.8333 -0.3981 -0.3837
vn -0.1028 0.5477 -0.8304
vn 0.2802 -0.2331 -0.9312
vn -0.1028 0.5476 -0.8304
vn -0.0330 0.9564 -0.2901
vn -0.4237 0.0629 -0.9036
vn -0.0330 0.9564 -0.2902
vn -0.8717 0.3182 -0.3727
vn -0.2867 0.2263 0.9309
vn 0.4008 -0.1032 0.9103
vn 0.3972 -0.1032 0.9119
vn 0.1119 -0.5615 0.8199
vn -0.5624 -0.1109 0.8194
vn 0.4008 -0.1031 0.9103
vn 0.0407 -0.9570 0.2872
vn -0.9573 -0.0404 0.2862
vn -0.0423 -0.9503 -0.3085
vn -0.9499 0.0419 -0.3096
vn -0.9573 -0.0403 0.2862
vn -0.9573 -0.0403 0.2861
vn 0.0406 -0.9570 0.2871
vn -0.3890 0.1127 -0.9143
vn 0.5486 0.1018 -0.8298
vn -0.1137 -0.3901 -0.9137
vn 0.9567 0.0327 -0.2891
vn -0.1028 0.5477 -0.8303
vn 0.9568 0.0327 -0.2891
vn -0.0331 0.9564 -0.2903
vn -0.0330 0.9564 -0.2903
vn -0.1043 -0.3997 0.9107
vn -0.1043 -0.3961 0.9123
vn -0.1118 0.5634 0.8186
vn -0.1042 -0.3997 0.9107
vn 0.4008 -0.1032 0.9104
vn -0.9574 -0.0403 0.2861
vn -0.0407 0.9577 0.2850
vn -0.1119 0.5634 0.8186
vn 0.0423 0.9496 -0.3107
vn -0.9499 0.0419 -0.3097
vn 0.1138 0.3879 -0.9146
vn 0.0422 0.9496 -0.3107
vn 0.1028 -0.5496 -0.8291
vn 0.1137 0.3879 -0.9146
vn -0.3891 0.1127 -0.9143
vn 0.5486 0.1019 -0.8299
vn 0.0330 -0.9571 -0.2880
vn 0.5486 0.1018 -0.8299
vn 0.5487 0.1018 -0.8298
vn 0.9568 0.0327 -0.2890
vn 0.0330 -0.9571 -0.2879
vn -0.1043 -0.3962 0.9122
vn 0.9568 0.0326 -0.2890
vn -0.4008 0.1053 0.9101
vn -0.3972 0.1053 0.9117
vn 0.5624 0.1128 0.8191
vn -0.4008 0.1054 0.9101
vn -0.0407 0.9577 0.2849
vn 0.9573 0.0410 0.2860
vn -0.1119 0.5633 0.8186
vn 0.9499 -0.0426 -0.3095
vn 0.9574 0.0410 0.2860
vn -0.0406 0.9577 0.2850
vn 0.0423 0.9496 -0.3106
vn 0.3890 -0.1148 -0.9140
vn -0.5486 -0.1038 -0.8296
vn 0.1138 0.3880 -0.9146
vn -0.9568 -0.0333 -0.2889
vn 0.1028 -0.5496 -0.8290
vn -0.9568 -0.0333 -0.2890
vn -0.3972 0.1053 0.9116
vn -0.9567 -0.0333 -0.2890
vn 0.0330 -0.9571 -0.2878
vn -0.3972 0.1054 0.9116
vn 0.1043 0.4016 0.9099
vn 0.1043 0.3980 0.9114
vn -0.3972 0.1054 0.9117
vn 0.1118 -0.5612 0.8201
vn 0.1042 0.4016 0.9099
vn 0.1119 -0.5612 0.8201
vn 0.9500 -0.0426 -0.3095
vn 0.3890 -0.1148 -0.9141
vn -0.1138 -0.3898 -0.9138
vn -0.0422 -0.9503 -0.3085
vn -0.1028 0.5474 -0.8305
vn 0.3891 -0.1148 -0.9140
vn -0.5487 -0.1037 -0.8296
vn -0.0330 0.9564 -0.2900
vn 0.1042 0.3980 0.9114
vn 0.4005 -0.1032 0.9105
vn 0.3969 -0.1032 0.9120
vn 0.1042 0.3980 0.9115
vn -0.5622 -0.1109 0.8195
vn -0.9574 -0.0404 0.2861
vn -0.0423 -0.9503 -0.3084
vn -0.1137 -0.3898 -0.9139
vn -0.3887 0.1127 -0.9144
vn -0.1138 -0.3898 -0.9139
vn 0.5484 0.1018 -0.8300
vn -0.1028 0.5475 -0.8305
vn 0.3969 -0.1033 0.9120
vn 0.1043 0.3981 0.9114
vn -0.1043 -0.3994 0.9108
vn -0.1043 -0.3958 0.9124
vn 0.3970 -0.1032 0.9120
vn -0.1119 0.5632 0.8187
vn -0.1042 -0.3994 0.9108
vn -0.5622 -0.1109 0.8196
vn -0.9574 -0.0403 0.2860
vn 0.0422 0.9496 -0.3108
vn -0.3887 0.1127 -0.9145
vn 0.5484 0.1019 -0.8300
vn 0.5483 0.1018 -0.8300
vn -0.3658 -0.0436 0.9297
vn -0.3619 -0.0423 0.9313
vn -0.1042 -0.3958 0.9124
vn -0.1119 0.5631 0.8187
vn 0.3491 0.2683 0.8979
vn 0.8385 0.4004 0.3695
vn 0.3491 0.2682 0.8979
vn -0.1119 0.5631 0.8188
vn 0.0423 0.9495 -0.3108
vn 0.8704 0.3076 -0.3845
vn 0.3622 0.0330 -0.9315
vn 0.8703 0.3076 -0.3845
vn 0.8703 0.3077 -0.3845
vn -0.3448 -0.2555 -0.9032
vn 0.3623 0.0330 -0.9315
vn 0.1137 0.3880 -0.9146
vn -0.8417 -0.3915 -0.3719
vn -0.8416 -0.3915 -0.3720
vn -0.3449 -0.2556 -0.9032
vn 0.1028 -0.5495 -0.8291
vn 0.0330 -0.9570 -0.2881
vn -0.1043 -0.3959 0.9124
vn -0.3619 -0.0423 0.9312
vn -0.8416 -0.3916 -0.3719
vn -0.0000 0.2655 0.9641
vn -0.0000 0.5396 0.8419
vn -0.3809 0.3818 0.8421
vn -0.3809 0.3819 0.8421
vn -0.1869 0.1881 0.9642
vn 0.1869 0.1881 0.9642
vn 0.3809 0.3819 0.8421
vn 0.2643 0.0011 0.9644
vn 0.5386 0.0010 0.8426
vn 0.1869 -0.1858 0.9646
vn 0.3809 -0.3799 0.8430
vn 0.5386 0.0010 0.8425
vn -0.0000 -0.2632 0.9647
vn -0.0000 -0.5376 0.8432
vn -0.1869 -0.1858 0.9646
vn -0.3809 -0.3799 0.8430
vn -0.0000 -0.5377 0.8432
vn -0.2643 0.0011 0.9644
vn -0.5386 0.0010 0.8426
vn -0.2644 0.0011 0.9644
vn -0.5386 0.0010 0.8425
vn -0.1869 0.1880 0.9642
vn -0.2591 0.6264 0.7352
vn 0.3809 0.3818 0.8421
vn 0.2591 0.6264 0.7352
vn -0.2591 0.6264 0.7351
vn 0.6256 0.2600 0.7356
vn 0.2591 0.6264 0.7351
vn 0.6256 -0.2583 0.7362
vn 0.6255 0.2600 0.7356
vn 0.2591 -0.6247 0.7366
vn 0.6256 -0.2582 0.7362
vn -0.2591 -0.6247 0.7366
vn -0.5387 0.0010 0.8425
vn -0.6256 -0.2583 0.7362
vn -0.6255 -0.2582 0.7362
vn -0.3641 0.8794 0.3068
vn -0.2592 0.6264 0.7351
vn 0.3641 0.8794 0.3068
vn -0.3641 0.8794 0.3069
vn 0.8790 0.3645 0.3074
vn 0.3641 0.8794 0.3069
vn 0.8790 -0.3637 0.3083
vn 0.3641 -0.8787 0.3089
vn 0.8790 -0.3637 0.3082
vn -0.3641 -0.8786 0.3089
vn 0.3641 -0.8786 0.3089
vn 0.3641 -0.8787 0.3088
vn -0.6256 -0.2582 0.7362
vn -0.8790 -0.3637 0.3083
vn -0.3641 -0.8787 0.3089
vn -0.3641 -0.8787 0.3088
vn -0.8790 -0.3638 0.3082
vn -0.6255 -0.2583 0.7362
vn -0.2591 0.6265 0.7351
vn 0.2644 0.0011 0.9644
vn 0.8790 0.3644 0.3074
vn 0.8790 -0.3638 0.3083
vn -0.8790 -0.3638 0.3083
vn -0.3827 0.0026 0.9239
vn -0.3828 0.0027 0.9238
vn -0.3827 0.0011 0.9239
vn -0.3892 0.0046 0.9212
vn -0.3827 0.0027 0.9239
vn -0.3891 0.0046 0.9212
vn -0.3117 0.2574 0.9147
vn -0.2966 0.2498 0.9217
vn -0.2991 0.2510 0.9206
vn -0.3137 0.2583 0.9137
vn -0.0731 0.3796 0.9223
vn -0.0733 0.3834 0.9207
vn -0.0733 0.3837 0.9205
vn -0.0731 0.3799 0.9221
vn 0.3828 -0.0007 0.9239
vn 0.3827 0.0011 0.9239
vn 0.3891 -0.0027 0.9212
vn 0.3827 -0.0007 0.9239
vn 0.3828 -0.0006 0.9238
vn -0.3892 0.0046 0.9211
vn -0.3136 0.2583 0.9137
vn 0.3018 -0.2459 0.9211
vn 0.3018 -0.2458 0.9211
vn 0.3151 -0.2527 0.9148
vn 0.0737 -0.3773 0.9231
vn 0.0739 -0.3811 0.9216
vn -0.0734 0.3834 0.9207
vn -0.0732 0.3796 0.9223
vn 0.3828 -0.0006 0.9239
vn 0.9239 -0.0040 0.3826
vn 0.9239 0.0005 0.3827
vn 0.9265 -0.0088 0.3763
vn 0.3151 -0.2526 0.9148
vn 0.7221 -0.5807 0.3760
vn 0.7279 -0.5819 0.3626
vn 0.0737 -0.3774 0.9231
vn 0.1773 -0.9075 0.3809
vn 0.1771 -0.9090 0.3773
vn 0.1771 -0.9091 0.3770
vn 0.9239 -0.0050 -0.3826
vn 0.9239 -0.0004 -0.3827
vn 0.9265 -0.0094 -0.3763
vn 0.9265 -0.0087 0.3763
vn 0.7213 -0.5814 -0.3765
vn 0.7272 -0.5826 -0.3629
vn 0.7280 -0.5819 0.3626
vn 0.1768 -0.9085 -0.3788
vn 0.1775 -0.9098 -0.3752
vn 0.1776 -0.9099 -0.3749
vn 0.1772 -0.9075 0.3809
vn 0.9239 -0.0048 -0.3826
vn 0.3827 -0.0027 -0.9239
vn 0.3827 -0.0011 -0.9239
vn 0.9239 -0.0051 -0.3826
vn 0.9265 -0.0094 -0.3762
vn 0.3891 -0.0049 -0.9212
vn 0.3890 -0.0048 -0.9212
vn 0.3827 -0.0028 -0.9239
vn 0.2998 -0.2470 -0.9215
vn 0.3135 -0.2540 -0.9150
vn 0.0737 -0.3800 -0.9221
vn 0.0737 -0.3798 -0.9221
vn 0.0739 -0.3836 -0.9205
vn 0.1776 -0.9098 -0.3751
vn -0.3827 0.0005 -0.9239
vn -0.3827 -0.0011 -0.9239
vn 0.3827 -0.0010 -0.9239
vn 0.3890 -0.0049 -0.9212
vn -0.3892 0.0025 -0.9212
vn -0.3891 0.0025 -0.9212
vn -0.3117 0.2552 -0.9153
vn 0.2998 -0.2469 -0.9215
vn -0.2966 0.2476 -0.9223
vn 0.0740 -0.3836 -0.9205
vn -0.0731 0.3774 -0.9232
vn -0.0731 0.3777 -0.9230
vn -0.0733 0.3816 -0.9214
vn -0.9239 0.0034 -0.3826
vn -0.9239 -0.0005 -0.3827
vn -0.3827 0.0006 -0.9239
vn -0.9265 0.0072 -0.3762
vn -0.9239 0.0035 -0.3826
vn -0.3890 0.0025 -0.9212
vn -0.2966 0.2477 -0.9223
vn -0.7062 0.5979 -0.3792
vn -0.7139 0.5990 -0.3627
vn -0.1735 0.9081 -0.3810
vn -0.1744 0.9096 -0.3772
vn -0.1744 0.9095 -0.3773
vn -0.0734 0.3816 -0.9214
vn -0.0732 0.3777 -0.9230
vn -0.3827 0.0010 0.9239
vn -0.3890 0.0047 0.9212
vn -0.2966 0.2498 0.9218
vn -0.3117 0.2573 0.9147
vn -0.1736 0.9081 -0.3810
vn -0.0734 0.3838 0.9205
vn 0.7272 -0.5827 -0.3629
vn 0.3135 -0.2541 -0.9150
vn 0.7279 -0.5820 0.3626
vn -0.3153 0.2589 0.9130
vn -0.9265 0.0071 -0.3762
vn -0.3117 0.2574 0.9146
vn -0.3117 0.2553 -0.9152
vn -0.3891 0.0024 -0.9212
vn 0.1776 -0.9098 -0.3752
vn 0.7213 -0.5813 -0.3765
vn 0.7222 -0.5806 0.3760
vn 0.7221 -0.5806 0.3760
vn 0.3019 -0.2458 0.9211
vn -0.0734 0.3837 0.9205
vn -0.1744 0.9095 -0.3772
vn -0.2967 0.2498 0.9217
vn -0.7062 0.5979 -0.3793
vn -0.2967 0.2476 -0.9223
vn -0.0002 1.0000 -0.0012
vn 0.0002 1.0000 -0.0012
vn -0.0000 1.0000 -0.0013
vn -0.0001 1.0000 -0.0014
vn 0.0001 1.0000 -0.0014
vn -0.0000 1.0000 -0.0015
vn -0.3827 0.0034 0.9239
vn -0.3828 0.0033 0.9238
vn -0.3826 0.0011 0.9239
vn -0.3890 0.0061 0.9212
vn -0.3828 0.0034 0.9238
vn -0.3888 0.0061 0.9213
vn -0.3514 0.1570 0.9230
vn -0.3536 0.1584 0.9219
vn -0.3538 0.1586 0.9218
vn -0.3516 0.1571 0.9229
vn -0.2777 0.2691 0.9222
vn -0.2774 0.2687 0.9224
vn -0.2798 0.2717 0.9208
vn -0.2799 0.2720 0.9207
vn -0.2776 0.2690 0.9223
vn -0.1165 0.3778 0.9185
vn -0.0613 0.3793 0.9232
vn -0.0646 0.3809 0.9223
vn -0.1168 0.3785 0.9182
vn -0.1165 0.3779 0.9185
vn -0.0088 0.4571 0.8894
vn -0.0087 0.4598 0.8880
vn -0.0646 0.3810 0.9223
vn -0.0647 0.3809 0.9223
vn -0.0088 0.4570 0.8894
vn 0.3827 -0.0014 0.9239
vn 0.3826 0.0011 0.9239
vn -0.3889 0.0061 0.9213
vn 0.3887 -0.0042 0.9214
vn 0.3827 -0.0013 0.9239
vn -0.3889 0.0060 0.9212
vn -0.3513 0.1569 0.9230
vn 0.3516 -0.1544 0.9233
vn 0.3538 -0.1558 0.9223
vn 0.3538 -0.1558 0.9222
vn 0.2778 -0.2662 0.9230
vn 0.2801 -0.2691 0.9215
vn 0.2802 -0.2692 0.9214
vn -0.0647 0.3810 0.9223
vn 0.0627 -0.3789 0.9233
vn 0.1180 -0.3759 0.9191
vn -0.0086 0.4597 0.8880
vn 0.0026 -0.4531 0.8915
vn 0.9239 -0.0059 0.3825
vn 0.9239 0.0005 0.3826
vn 0.3888 -0.0042 0.9213
vn 0.9264 -0.0125 0.3764
vn 0.9239 -0.0058 0.3825
vn 0.3514 -0.1543 0.9234
vn 0.8459 -0.3730 0.3813
vn 0.8467 -0.3738 0.3786
vn 0.8467 -0.3738 0.3787
vn 0.3537 -0.1558 0.9223
vn 0.2778 -0.2663 0.9230
vn 0.6670 -0.6405 0.3806
vn 0.6678 -0.6419 0.3769
vn 0.6677 -0.6419 0.3770
vn 0.2802 -0.2691 0.9215
vn 0.1449 -0.9128 0.3817
vn 0.2775 -0.8856 0.3724
vn 0.2775 -0.8855 0.3725
vn 0.0027 -0.4531 0.8914
vn 0.0009 -0.9469 0.3214
vn 0.9239 -0.0069 -0.3826
vn 0.9263 -0.0125 0.3765
vn 0.9263 -0.0131 -0.3766
vn 0.8459 -0.3730 0.3812
vn 0.8456 -0.3743 -0.3806
vn 0.8468 -0.3744 -0.3778
vn 0.8467 -0.3744 -0.3781
vn 0.8467 -0.3739 0.3786
vn 0.6666 -0.6417 -0.3792
vn 0.6680 -0.6424 -0.3755
vn 0.6682 -0.6425 -0.3752
vn 0.6677 -0.6419 0.3769
vn 0.6670 -0.6406 0.3806
vn 0.1449 -0.9128 0.3818
vn 0.1401 -0.9139 -0.3810
vn 0.2786 -0.8861 -0.3704
vn 0.2786 -0.8861 -0.3705
vn 0.2776 -0.8856 0.3724
vn 0.0010 -0.9469 0.3214
vn 0.0011 -0.9469 -0.3216
vn 0.3826 -0.0035 -0.9239
vn 0.3826 -0.0011 -0.9239
vn 0.9263 -0.0131 -0.3765
vn 0.3888 -0.0064 -0.9213
vn 0.3886 -0.0064 -0.9214
vn 0.3826 -0.0036 -0.9239
vn 0.8457 -0.3743 -0.3805
vn 0.3513 -0.1569 -0.9230
vn 0.3540 -0.1576 -0.9219
vn 0.6666 -0.6418 -0.3792
vn 0.2781 -0.2687 -0.9222
vn 0.2780 -0.2686 -0.9222
vn 0.2805 -0.2717 -0.9206
vn 0.6681 -0.6424 -0.3755
vn 0.0588 -0.3799 -0.9232
vn 0.1177 -0.3773 -0.9186
vn 0.1402 -0.9139 -0.3810
vn 0.0012 -0.9469 -0.3216
vn 0.0028 -0.4529 -0.8916
vn -0.3827 0.0013 -0.9239
vn -0.3826 -0.0011 -0.9239
vn -0.3884 0.0039 -0.9215
vn -0.3888 0.0039 -0.9213
vn -0.3827 0.0012 -0.9239
vn 0.3539 -0.1576 -0.9219
vn 0.3512 -0.1569 -0.9230
vn -0.3516 0.1550 -0.9232
vn -0.3515 0.1549 -0.9233
vn -0.3539 0.1564 -0.9221
vn 0.3539 -0.1575 -0.9219
vn 0.2804 -0.2715 -0.9207
vn 0.2780 -0.2686 -0.9223
vn -0.2773 0.2665 -0.9231
vn -0.2776 0.2668 -0.9229
vn -0.2800 0.2699 -0.9213
vn 0.2803 -0.2715 -0.9207
vn -0.1165 0.3757 -0.9194
vn 0.0587 -0.3799 -0.9232
vn -0.0613 0.3772 -0.9241
vn 0.0029 -0.4529 -0.8916
vn -0.0088 0.4549 -0.8905
vn -0.9239 0.0051 -0.3826
vn -0.9264 0.0104 -0.3764
vn -0.8444 0.3759 -0.3817
vn -0.8456 0.3760 -0.3789
vn -0.8456 0.3760 -0.3790
vn -0.3538 0.1564 -0.9221
vn -0.3516 0.1549 -0.9233
vn -0.6643 0.6432 -0.3807
vn -0.6658 0.6439 -0.3768
vn -0.6658 0.6439 -0.3769
vn -0.2799 0.2699 -0.9213
vn -0.2776 0.2667 -0.9229
vn -0.1531 0.9108 -0.3834
vn -0.2712 0.8877 -0.3722
vn -0.2712 0.8876 -0.3722
vn -0.1164 0.3757 -0.9194
vn -0.0614 0.3772 -0.9241
vn -0.0088 0.4550 -0.8905
vn -0.0327 0.9484 -0.3155
vn -0.0614 0.3771 -0.9241
vn -0.9239 0.0050 -0.3826
vn -0.3826 0.0012 0.9239
vn -0.9239 -0.0004 -0.3827
vn -0.9264 0.0103 -0.3764
vn -0.3887 0.0061 0.9213
vn -0.3827 0.0033 0.9239
vn -0.9264 0.0104 -0.3765
vn -0.8444 0.3760 -0.3817
vn -0.3539 0.1585 0.9218
vn -0.6643 0.6432 -0.3808
vn -0.2800 0.2720 0.9207
vn -0.6658 0.6440 -0.3768
vn -0.0612 0.3794 0.9232
vn -0.0326 0.9484 -0.3155
vn 0.8468 -0.3743 -0.3778
vn -0.3889 0.0061 0.9212
vn -0.3888 0.0060 0.9213
vn -0.8456 0.3759 -0.3789
vn -0.3538 0.1565 -0.9221
vn 0.3539 -0.1577 -0.9219
vn 0.2803 -0.2716 -0.9207
vn 0.2804 -0.2716 -0.9207
vn 0.6677 -0.6420 0.3769
vn 0.3515 -0.1543 0.9234
vn -0.3516 0.1570 0.9229
vn -0.2800 0.2698 -0.9213
vn -0.6659 0.6439 -0.3768
vn 0.3512 -0.1568 -0.9231
vn 0.2802 -0.2718 -0.9207
vn -0.2798 0.2697 -0.9214
vn 0.1180 -0.3758 0.9192
vn -0.1168 0.3786 0.9182
vn 0.1180 -0.3758 0.9191
vn -0.1167 0.3784 0.9182
vn -0.2774 0.2688 0.9224
vn -0.2776 0.2689 0.9223
vn 0.3828 0.0011 0.9238
vn -0.0000 1.0000 -0.0010
vn -0.3887 0.0061 0.9214
vn -0.3535 0.1583 0.9219
vn -0.3539 0.1586 0.9218
vn -0.2798 0.2718 0.9208
vn -0.2797 0.2717 0.9208
vn -0.0613 0.3794 0.9232
vn -0.1164 0.3778 0.9185
vn -0.0086 0.4598 0.8880
vn -0.3514 0.1569 0.9230
vn 0.3537 -0.1557 0.9223
vn -0.3513 0.1570 0.9230
vn 0.2779 -0.2662 0.9230
vn 0.2800 -0.2690 0.9215
vn -0.2775 0.2687 0.9224
vn 0.0627 -0.3790 0.9233
vn 0.0026 -0.4532 0.8914
vn 0.9239 -0.0059 0.3826
vn 0.9239 -0.0058 0.3826
vn 0.8466 -0.3737 0.3790
vn 0.6678 -0.6420 0.3766
vn 0.2775 -0.8856 0.3725
vn 0.0026 -0.4531 0.8914
vn 0.8457 -0.3743 -0.3804
vn 0.8468 -0.3744 -0.3779
vn 0.8458 -0.3731 0.3813
vn 0.6670 -0.6405 0.3807
vn 0.6680 -0.6425 -0.3755
vn 0.6680 -0.6424 -0.3756
vn 0.1401 -0.9139 -0.3809
vn 0.2776 -0.8856 0.3725
vn 0.0011 -0.9469 -0.3215
vn 0.9239 -0.0004 -0.3826
vn 0.3883 -0.0064 -0.9215
vn 0.3542 -0.1577 -0.9218
vn 0.6666 -0.6418 -0.3791
vn 0.2783 -0.2689 -0.9221
vn 0.6680 -0.6425 -0.3754
vn 0.1402 -0.9139 -0.3809
vn 0.1177 -0.3774 -0.9185
vn 0.1177 -0.3774 -0.9186
vn 0.0028 -0.4529 -0.8915
vn -0.3889 0.0039 -0.9213
vn -0.3516 0.1549 -0.9232
vn 0.3540 -0.1575 -0.9219
vn 0.2781 -0.2686 -0.9222
vn -0.2777 0.2669 -0.9228
vn -0.1164 0.3756 -0.9194
vn 0.1178 -0.3773 -0.9186
vn 0.0588 -0.3799 -0.9231
vn 0.0029 -0.4529 -0.8915
vn -0.8444 0.3759 -0.3816
vn -0.3539 0.1565 -0.9221
vn -0.6659 0.6440 -0.3767
vn -0.1531 0.9108 -0.3833
vn -0.2712 0.8877 -0.3721
vn -0.1164 0.3758 -0.9194
vn -0.0089 0.4550 -0.8905
vn -0.3826 0.0010 0.9239
vn -0.9239 -0.0005 -0.3826
vn -0.3827 0.0033 0.9238
vn -0.8444 0.3760 -0.3816
vn -0.3539 0.1586 0.9217
vn -0.0614 0.3793 0.9232
vn -0.1531 0.9109 -0.3833
vn -0.0614 0.3794 0.9232
vn 0.9263 -0.0125 0.3766
vn 0.3888 -0.0043 0.9213
vn 0.3538 -0.1559 0.9222
vn -0.3537 0.1584 0.9219
vn -0.3536 0.1585 0.9219
vn -0.3890 0.0060 0.9212
vn -0.8456 0.3760 -0.3788
vn 0.6681 -0.6424 -0.3754
vn 0.2802 -0.2691 0.9214
vn -0.6658 0.6440 -0.3767
vn -0.2800 0.2720 0.9206
vn -0.6659 0.6439 -0.3767
vn 0.2785 -0.8861 -0.3704
vn 0.6667 -0.6417 -0.3792
vn 0.1181 -0.3758 0.9191
vn -0.1167 0.3784 0.9183
vn 0.2780 -0.2687 -0.9222
vn -0.3890 0.0046 0.9212
vn -0.3136 0.2583 0.9138
vn -0.0731 0.3797 0.9222
vn -0.0732 0.3798 0.9222
vn -0.0733 0.3836 0.9206
vn -0.3891 0.0047 0.9212
vn 0.3890 -0.0027 0.9212
vn 0.3827 -0.0006 0.9239
vn 0.3149 -0.2526 0.9149
vn 0.0737 -0.3772 0.9232
vn 0.0739 -0.3809 0.9216
vn -0.0732 0.3795 0.9223
vn 0.9265 -0.0088 0.3762
vn 0.9239 -0.0041 0.3826
vn 0.3891 -0.0026 0.9212
vn 0.7222 -0.5807 0.3759
vn 0.7221 -0.5807 0.3759
vn 0.7280 -0.5819 0.3625
vn 0.1773 -0.9075 0.3808
vn 0.1771 -0.9090 0.3772
vn 0.0737 -0.3773 0.9232
vn 0.9239 -0.0050 -0.3827
vn 0.9264 -0.0094 -0.3764
vn 0.9265 -0.0087 0.3762
vn 0.1768 -0.9084 -0.3789
vn 0.1775 -0.9097 -0.3754
vn 0.1772 -0.9090 0.3772
vn 0.1772 -0.9075 0.3808
vn 0.9239 -0.0048 -0.3827
vn 0.9239 -0.0051 -0.3827
vn 0.3887 -0.0048 -0.9213
vn 0.3827 -0.0029 -0.9239
vn 0.7213 -0.5814 -0.3766
vn 0.1767 -0.9084 -0.3788
vn 0.0737 -0.3800 -0.9220
vn 0.0739 -0.3834 -0.9206
vn 0.3826 -0.0028 -0.9239
vn -0.2966 0.2476 -0.9224
vn 0.0739 -0.3836 -0.9206
vn -0.0731 0.3778 -0.9230
vn -0.0734 0.3817 -0.9214
vn -0.9239 0.0034 -0.3827
vn -0.3826 0.0006 -0.9239
vn -0.9239 0.0035 -0.3827
vn -0.3826 0.0005 -0.9239
vn -0.1735 0.9081 -0.3811
vn -0.0734 0.3815 -0.9214
vn -0.9238 -0.0004 -0.3828
vn -0.3827 0.0028 0.9239
vn -0.9265 0.0072 -0.3763
vn -0.7062 0.5978 -0.3793
vn -0.2966 0.2497 0.9218
vn -0.7139 0.5989 -0.3627
vn -0.1736 0.9081 -0.3811
vn 0.9264 -0.0095 -0.3763
vn 0.9264 -0.0094 -0.3763
vn -0.3154 0.2589 0.9130
vn -0.7139 0.5989 -0.3628
vn -0.3890 0.0024 -0.9212
vn 0.7222 -0.5806 0.3759
vn 0.0740 -0.3811 0.9216
vn -0.2990 0.2510 0.9206
vn -0.1743 0.9095 -0.3773
vn 0.2997 -0.2469 -0.9215
vn 0.2997 -0.2470 -0.9215
vt 0.709189 0.107227
vt 0.654497 0.110209
vt 0.654497 0.087115
vt 0.709188 0.090092
vt 0.843060 0.198538
vt 0.854982 0.143532
vt 0.846240 0.143532
vt 0.835668 0.198536
vt 0.860107 0.107222
vt 0.850395 0.107226
vt 0.850398 0.090094
vt 0.860111 0.090090
vt 0.684422 0.160955
vt 0.677027 0.160955
vt 0.687597 0.215962
vt 0.696334 0.215967
vt 0.925309 0.107231
vt 0.917217 0.107228
vt 0.917219 0.090096
vt 0.925311 0.090095
vt 0.835668 0.206934
vt 0.835669 0.215023
vt 0.843063 0.215023
vt 0.843063 0.206934
vt 0.717281 0.090096
vt 0.717275 0.107228
vt 0.684422 0.152556
vt 0.684422 0.144467
vt 0.677027 0.144467
vt 0.677027 0.152556
vt 0.589813 0.336912
vt 0.511297 0.337899
vt 0.518972 0.344622
vt 0.585892 0.343741
vt 0.595667 0.391609
vt 0.591577 0.384773
vt 0.524040 0.384174
vt 0.516754 0.391378
vt 0.786575 0.090092
vt 0.786575 0.107227
vt 0.981279 0.110207
vt 0.981279 0.121527
vt 0.925310 0.115629
vt 0.709186 0.115624
vt 0.654500 0.121530
vt 0.981275 0.087112
vt 0.925309 0.081695
vt 0.981280 0.075795
vt 0.654497 0.075795
vt 0.709187 0.081694
vt 0.602226 0.345122
vt 0.594562 0.355233
vt 0.510707 0.254342
vt 0.517975 0.266322
vt 0.598231 0.265160
vt 0.608549 0.254342
vt 0.511309 0.355684
vt 0.499674 0.344512
vt 0.606562 0.383355
vt 0.598863 0.373118
vt 0.515306 0.373118
vt 0.504399 0.384902
vt 0.521281 0.475879
vt 0.619377 0.472397
vt 0.608050 0.461883
vt 0.527800 0.463795
vt 0.784738 0.198535
vt 0.786034 0.143530
vt 0.777664 0.143533
vt 0.777662 0.198535
vt 0.784738 0.206933
vt 0.777662 0.206934
vt 0.777662 0.215023
vt 0.784739 0.215023
vt 0.612018 0.265903
vt 0.598776 0.272140
vt 0.511651 0.274031
vt 0.499793 0.266005
vt 0.795985 0.107227
vt 0.795985 0.090092
vt 0.509520 0.464657
vt 0.520914 0.456549
vt 0.607872 0.454685
vt 0.621397 0.460385
vt 0.626100 0.152561
vt 0.626096 0.144475
vt 0.619022 0.144472
vt 0.619023 0.152561
vt 0.619023 0.160960
vt 0.626100 0.160960
vt 0.619020 0.215967
vt 0.627385 0.215967
vt 0.750913 0.706465
vt 0.750913 0.577066
vt 0.733070 0.577066
vt 0.733070 0.706465
vt 0.768756 0.706466
vt 0.768756 0.577066
vt 0.786599 0.706466
vt 0.786599 0.577066
vt 0.804442 0.706466
vt 0.804442 0.577066
vt 0.822284 0.706466
vt 0.822285 0.577066
vt 0.840127 0.706466
vt 0.840127 0.577066
vt 0.857970 0.706465
vt 0.857970 0.577066
vt 0.875813 0.706465
vt 0.875813 0.577066
vt 0.893656 0.706465
vt 0.893656 0.577066
vt 0.911499 0.706465
vt 0.911499 0.577066
vt 0.929342 0.706466
vt 0.929342 0.577066
vt 0.947184 0.706466
vt 0.947185 0.577066
vt 0.965027 0.706466
vt 0.965028 0.577066
vt 0.982870 0.706466
vt 0.982870 0.577066
vt 0.643857 0.706465
vt 0.643857 0.577066
vt 0.626014 0.577066
vt 0.626014 0.706465
vt 0.661700 0.706465
vt 0.661699 0.577066
vt 0.679542 0.706465
vt 0.679542 0.577066
vt 0.697385 0.706465
vt 0.697385 0.577066
vt 0.715228 0.706465
vt 0.715228 0.577066
vt 0.838171 0.458166
vt 0.821201 0.452650
vt 0.812276 0.508976
vt 0.852603 0.468656
vt 0.863092 0.483091
vt 0.868604 0.500060
vt 0.868601 0.517904
vt 0.863086 0.534873
vt 0.852597 0.549307
vt 0.838160 0.559794
vt 0.821192 0.565304
vt 0.803350 0.565302
vt 0.786380 0.559787
vt 0.771942 0.549302
vt 0.761460 0.534863
vt 0.755947 0.517893
vt 0.755946 0.500051
vt 0.761463 0.483082
vt 0.771952 0.468647
vt 0.786388 0.458162
vt 0.803357 0.452650
vt 0.285415 0.385333
vt 0.279750 0.402516
vt 0.229034 0.376382
vt 0.269630 0.417096
vt 0.254803 0.427339
vt 0.237712 0.432801
vt 0.219942 0.432649
vt 0.202911 0.426849
vt 0.188433 0.416602
vt 0.177831 0.402250
vt 0.172236 0.385236
vt 0.172399 0.367279
vt 0.178190 0.349986
vt 0.188460 0.335229
vt 0.203152 0.324826
vt 0.220225 0.319323
vt 0.238039 0.319509
vt 0.255557 0.325044
vt 0.270239 0.335511
vt 0.280411 0.350459
vt 0.286008 0.367534
vt 0.747709 0.298440
vt 0.756287 0.406758
vt 0.740466 0.407969
vt 0.729443 0.300023
vt 0.723162 0.409309
vt 0.710682 0.302057
vt 0.705767 0.411110
vt 0.692716 0.304329
vt 0.688729 0.413500
vt 0.674658 0.306903
vt 0.671655 0.416358
vt 0.656821 0.310267
vt 0.655466 0.419981
vt 0.639084 0.314239
vt 0.639165 0.425206
vt 0.621795 0.318272
vt 0.985941 0.312638
vt 0.969728 0.425142
vt 0.952958 0.419663
vt 0.967546 0.309096
vt 0.936630 0.415649
vt 0.948990 0.306056
vt 0.918930 0.412724
vt 0.930189 0.303334
vt 0.901400 0.410486
vt 0.911362 0.300997
vt 0.884202 0.408848
vt 0.893049 0.299120
vt 0.867661 0.407387
vt 0.874749 0.297561
vt 0.851831 0.406291
vt 0.856117 0.296619
vt 0.835807 0.405518
vt 0.837962 0.296015
vt 0.819810 0.405334
vt 0.819842 0.295756
vt 0.803199 0.405278
vt 0.801688 0.295858
vt 0.787500 0.405557
vt 0.783469 0.296417
vt 0.771993 0.405962
vt 0.765485 0.297270
vt 0.890300 0.549989
vt 0.982488 0.549990
vt 0.982488 0.532147
vt 0.890300 0.532147
vt 0.982491 0.514302
vt 0.890302 0.514303
vt 0.982489 0.496460
vt 0.890302 0.496459
vt 0.982490 0.478619
vt 0.890302 0.478618
vt 0.982490 0.460776
vt 0.890303 0.460776
vt 0.982388 0.549931
vt 0.890202 0.549931
vt 0.890202 0.567775
vt 0.982387 0.567772
vt 0.075192 0.039727
vt 0.072988 0.043940
vt 0.062843 0.042583
vt 0.063553 0.037885
vt 0.085173 0.044990
vt 0.081700 0.048372
vt 0.075507 0.112897
vt 0.073265 0.109129
vt 0.082040 0.104745
vt 0.085719 0.107892
vt 0.064097 0.114931
vt 0.063299 0.110905
vt 0.052051 0.113575
vt 0.052985 0.109313
vt 0.041097 0.108176
vt 0.043500 0.104454
vt 0.032044 0.100016
vt 0.035507 0.097248
vt 0.024497 0.088894
vt 0.028458 0.087422
vt 0.022011 0.076924
vt 0.026180 0.076946
vt 0.025075 0.064399
vt 0.029264 0.065830
vt 0.030951 0.053470
vt 0.034295 0.056213
vt 0.040070 0.045030
vt 0.042239 0.048842
vt 0.051319 0.039651
vt 0.052162 0.044121
vt 0.161154 0.037884
vt 0.161976 0.042226
vt 0.151849 0.043747
vt 0.149554 0.039615
vt 0.142288 0.044325
vt 0.142964 0.048142
vt 0.082113 0.044439
vt 0.139168 0.044645
vt 0.012555 0.248984
vt 0.012556 0.241207
vt 0.115390 0.241216
vt 0.115393 0.248984
vt 0.137913 0.107815
vt 0.141558 0.104537
vt 0.149763 0.109076
vt 0.147374 0.113181
vt 0.159472 0.110582
vt 0.158765 0.115314
vt 0.170192 0.109439
vt 0.171049 0.114017
vt 0.180257 0.105039
vt 0.182489 0.108996
vt 0.188380 0.097865
vt 0.191808 0.100784
vt 0.193705 0.088422
vt 0.198030 0.090017
vt 0.197330 0.077513
vt 0.201489 0.077665
vt 0.195819 0.066847
vt 0.199763 0.065439
vt 0.189543 0.056978
vt 0.193013 0.054188
vt 0.181780 0.049386
vt 0.184308 0.045555
vt 0.172276 0.044242
vt 0.173295 0.039836
vt 0.085138 0.057430
vt 0.139568 0.057786
vt 0.085677 0.067544
vt 0.138603 0.067710
vt 0.085815 0.077201
vt 0.139215 0.076880
vt 0.086582 0.086049
vt 0.138815 0.086302
vt 0.085568 0.095656
vt 0.138848 0.095894
vt 0.056573 0.077262
vt 0.167556 0.076922
vt 0.174819 0.653730
vt 0.008720 0.625560
vt 0.010525 0.598035
vt 0.174820 0.635346
vt 0.013447 0.570474
vt 0.174819 0.616759
vt 0.018283 0.542639
vt 0.174820 0.598190
vt 0.024861 0.514514
vt 0.174820 0.579600
vt 0.033178 0.486458
vt 0.174820 0.559440
vt 0.042332 0.458768
vt 0.174820 0.538482
vt 0.053810 0.431174
vt 0.174820 0.517415
vt 0.174820 0.914492
vt 0.055319 0.987877
vt 0.042621 0.961279
vt 0.174820 0.896440
vt 0.032258 0.934506
vt 0.174820 0.877680
vt 0.024785 0.906072
vt 0.174820 0.858694
vt 0.019631 0.877330
vt 0.174820 0.839257
vt 0.015992 0.848676
vt 0.174819 0.818588
vt 0.013375 0.820344
vt 0.174819 0.796421
vt 0.011795 0.791986
vt 0.174820 0.774045
vt 0.011461 0.763439
vt 0.174820 0.751596
vt 0.010753 0.735412
vt 0.174820 0.729034
vt 0.010045 0.707735
vt 0.174820 0.708743
vt 0.008841 0.680434
vt 0.174819 0.690403
vt 0.008278 0.653110
vt 0.174820 0.672064
vt 0.316803 0.275069
vt 0.322184 0.268768
vt 0.342794 0.290894
vt 0.336012 0.295883
vt 0.358185 0.316985
vt 0.350539 0.320421
vt 0.366593 0.345475
vt 0.358617 0.346634
vt 0.369236 0.374482
vt 0.360846 0.374157
vt 0.365939 0.403116
vt 0.357930 0.401159
vt 0.356395 0.430012
vt 0.348903 0.426473
vt 0.340843 0.454054
vt 0.334277 0.449589
vt 0.115367 0.450340
vt 0.107914 0.454054
vt 0.095476 0.425826
vt 0.103191 0.423149
vt 0.088098 0.395563
vt 0.096527 0.394535
vt 0.088157 0.364058
vt 0.096509 0.364876
vt 0.094842 0.333331
vt 0.102859 0.336111
vt 0.107971 0.304776
vt 0.115028 0.309158
vt 0.126756 0.279719
vt 0.133261 0.285827
vt 0.150723 0.259452
vt 0.155432 0.266540
vt 0.178121 0.244931
vt 0.181165 0.252835
vt 0.208073 0.236743
vt 0.209248 0.244862
vt 0.238824 0.235024
vt 0.238207 0.243358
vt 0.268948 0.240322
vt 0.266627 0.248184
vt 0.297402 0.251696
vt 0.293319 0.258846
vt 0.303997 0.289800
vt 0.320440 0.307538
vt 0.313956 0.390241
vt 0.331762 0.393343
vt 0.321134 0.423768
vt 0.305387 0.415358
vt 0.332603 0.328665
vt 0.313532 0.363276
vt 0.331507 0.360497
vt 0.339500 0.351442
vt 0.306353 0.337156
vt 0.322314 0.328900
vt 0.341946 0.374064
vt 0.289816 0.315685
vt 0.302593 0.302997
vt 0.338443 0.395688
vt 0.268426 0.299337
vt 0.276774 0.283190
vt 0.331707 0.417636
vt 0.243203 0.290760
vt 0.246187 0.273014
vt 0.319445 0.436766
vt 0.215968 0.291054
vt 0.213100 0.273014
vt 0.131772 0.439152
vt 0.121115 0.416824
vt 0.189784 0.298802
vt 0.181585 0.282954
vt 0.116085 0.392611
vt 0.168353 0.315576
vt 0.155498 0.302626
vt 0.115769 0.366400
vt 0.152302 0.337190
vt 0.136314 0.329016
vt 0.120753 0.342168
vt 0.144049 0.362599
vt 0.126364 0.359600
vt 0.131674 0.319036
vt 0.144782 0.389445
vt 0.126842 0.392075
vt 0.146853 0.298722
vt 0.152038 0.415191
vt 0.136132 0.423039
vt 0.166294 0.282702
vt 0.168648 0.436130
vt 0.155714 0.448824
vt 0.188442 0.270740
vt 0.189768 0.452381
vt 0.181688 0.468196
vt 0.212133 0.263861
vt 0.215078 0.460398
vt 0.212231 0.477992
vt 0.237004 0.262860
vt 0.241874 0.460193
vt 0.244736 0.478001
vt 0.261465 0.266816
vt 0.267759 0.452914
vt 0.275588 0.468492
vt 0.283947 0.276074
vt 0.289112 0.436547
vt 0.301552 0.449615
vt 0.741634 0.429185
vt 0.725751 0.429912
vt 0.710050 0.431023
vt 0.694124 0.432494
vt 0.678992 0.435723
vt 0.664428 0.439887
vt 0.651775 0.445162
vt 0.957424 0.445162
vt 0.944389 0.439558
vt 0.929882 0.436102
vt 0.914328 0.433740
vt 0.898021 0.430963
vt 0.881690 0.428811
vt 0.865778 0.428141
vt 0.850271 0.427550
vt 0.834473 0.427481
vt 0.818760 0.426261
vt 0.803260 0.426720
vt 0.787773 0.426262
vt 0.772723 0.427349
vt 0.757263 0.428838
vt 0.574295 0.635346
vt 0.574295 0.616759
vt 0.574295 0.598190
vt 0.574295 0.579600
vt 0.574295 0.559440
vt 0.574295 0.538482
vt 0.574295 0.517415
vt 0.574295 0.914492
vt 0.574295 0.896440
vt 0.574295 0.877679
vt 0.574295 0.858694
vt 0.574295 0.839257
vt 0.574295 0.818588
vt 0.574295 0.796421
vt 0.574295 0.774045
vt 0.574295 0.751596
vt 0.574295 0.729034
vt 0.574295 0.708743
vt 0.574295 0.690403
vt 0.574295 0.672064
vt 0.574295 0.653730
vt 0.012218 0.219926
vt 0.012219 0.134169
vt 0.026527 0.134169
vt 0.026527 0.219926
vt 0.040834 0.134169
vt 0.040834 0.219926
vt 0.055142 0.134169
vt 0.055143 0.219927
vt 0.069449 0.134168
vt 0.069451 0.219927
vt 0.083756 0.134168
vt 0.083757 0.219925
vt 0.098067 0.134170
vt 0.098065 0.219926
vt 0.106076 0.133335
vt 0.111667 0.133335
vt 0.111668 0.219091
vt 0.106076 0.219092
vt 0.192693 0.219090
vt 0.187102 0.219090
vt 0.187101 0.133333
vt 0.192692 0.133332
vt 0.124234 0.219091
vt 0.124233 0.133335
vt 0.136810 0.219090
vt 0.136806 0.133331
vt 0.149386 0.219092
vt 0.149382 0.133331
vt 0.161961 0.219091
vt 0.161959 0.133333
vt 0.174535 0.219090
vt 0.174534 0.133333
vt 0.675849 0.049931
vt 0.621171 0.052997
vt 0.621127 0.029908
vt 0.675821 0.032796
vt 0.987483 0.052393
vt 0.929178 0.049513
vt 0.929146 0.032378
vt 0.987442 0.029301
vt 0.891957 0.049574
vt 0.891934 0.032437
vt 0.908443 0.160017
vt 0.908443 0.218395
vt 0.865756 0.202646
vt 0.873520 0.147136
vt 0.635275 0.085907
vt 0.648156 0.120825
vt 0.592644 0.128596
vt 0.576899 0.085907
vt 0.975955 0.162908
vt 0.987876 0.217916
vt 0.979135 0.217916
vt 0.968562 0.162910
vt 0.826772 0.049685
vt 0.817057 0.049701
vt 0.817028 0.032563
vt 0.826742 0.032548
vt 0.709472 0.198538
vt 0.716867 0.198538
vt 0.706286 0.143535
vt 0.697546 0.143534
vt 0.883868 0.049588
vt 0.883845 0.032451
vt 0.968562 0.154511
vt 0.968562 0.146422
vt 0.975957 0.146422
vt 0.975957 0.154511
vt 0.683910 0.032783
vt 0.683938 0.049917
vt 0.709472 0.206937
vt 0.709472 0.215027
vt 0.716868 0.215027
vt 0.716867 0.206937
vt 0.403146 0.337171
vt 0.481661 0.338149
vt 0.473985 0.344874
vt 0.407063 0.343994
vt 0.402010 0.392166
vt 0.406035 0.385357
vt 0.473703 0.384773
vt 0.480844 0.392148
vt 0.753204 0.032671
vt 0.753238 0.049801
vt 0.854476 0.201671
vt 0.865154 0.146420
vt 0.675866 0.058328
vt 0.621189 0.064317
vt 0.922221 0.225284
vt 0.978214 0.228178
vt 0.977333 0.236534
vt 0.921045 0.236534
vt 0.621110 0.018590
vt 0.675812 0.024398
vt 0.390739 0.345388
vt 0.398398 0.355492
vt 0.482246 0.254594
vt 0.474978 0.266575
vt 0.394721 0.265410
vt 0.384401 0.254594
vt 0.481647 0.355936
vt 0.493282 0.344762
vt 0.391527 0.384045
vt 0.399097 0.373722
vt 0.482740 0.373722
vt 0.493417 0.385743
vt 0.475015 0.476638
vt 0.376555 0.472924
vt 0.388162 0.462304
vt 0.468730 0.464616
vt 0.917634 0.162908
vt 0.918927 0.217914
vt 0.910561 0.217916
vt 0.910557 0.162908
vt 0.917634 0.154509
vt 0.910557 0.154509
vt 0.910557 0.146420
vt 0.917634 0.146420
vt 0.380934 0.266155
vt 0.394177 0.272389
vt 0.481302 0.274282
vt 0.493162 0.266255
vt 0.762650 0.049788
vt 0.762614 0.032653
vt 0.486806 0.465480
vt 0.475666 0.457438
vt 0.388609 0.454965
vt 0.375010 0.460657
vt 0.767793 0.206938
vt 0.767796 0.215024
vt 0.774871 0.215027
vt 0.774870 0.206937
vt 0.774870 0.198538
vt 0.767792 0.198539
vt 0.774865 0.143529
vt 0.766499 0.143532
vt 0.011956 0.020864
vt 0.012478 0.020832
vt 0.022838 0.028624
vt 0.019875 0.030251
vt 0.012627 0.020748
vt 0.028774 0.025387
vt 0.012466 0.020609
vt 0.036023 0.020184
vt 0.012034 0.020437
vt 0.032078 0.018010
vt 0.011469 0.020256
vt 0.026023 0.013664
vt 0.010723 0.020238
vt 0.022501 0.010787
vt 0.005768 0.020938
vt 0.020451 0.009784
vt 0.019354 0.030751
vt 0.047830 0.022207
vt 0.047826 0.023502
vt 0.048867 0.020772
vt 0.049973 0.019084
vt 0.049689 0.017649
vt 0.049053 0.016516
vt 0.047795 0.015473
vt 0.046233 0.014317
vt 0.048071 0.024995
vt 0.072191 0.021959
vt 0.072359 0.023132
vt 0.072233 0.020738
vt 0.072339 0.019264
vt 0.072452 0.017861
vt 0.072405 0.016718
vt 0.072003 0.015545
vt 0.071559 0.014131
vt 0.072596 0.024524
vt 0.098802 0.021602
vt 0.098790 0.022786
vt 0.099030 0.020371
vt 0.099333 0.018890
vt 0.099653 0.017490
vt 0.099811 0.016372
vt 0.099613 0.015226
vt 0.099440 0.013822
vt 0.098934 0.024171
vt 0.125965 0.021555
vt 0.126088 0.022797
vt 0.126062 0.020266
vt 0.126232 0.018727
vt 0.126528 0.017266
vt 0.126775 0.016123
vt 0.126678 0.014946
vt 0.126621 0.013529
vt 0.126401 0.024272
vt 0.153768 0.021875
vt 0.153910 0.023181
vt 0.153832 0.020516
vt 0.153959 0.018897
vt 0.154210 0.017312
vt 0.154433 0.016083
vt 0.154305 0.014840
vt 0.154217 0.013384
vt 0.154206 0.024730
vt 0.179605 0.022440
vt 0.179855 0.023813
vt 0.179486 0.020939
vt 0.179501 0.019219
vt 0.179907 0.017514
vt 0.180387 0.016130
vt 0.180699 0.014801
vt 0.181017 0.013314
vt 0.180245 0.025470
vt 0.208294 0.023403
vt 0.209130 0.024698
vt 0.207410 0.021969
vt 0.207234 0.020019
vt 0.207815 0.018025
vt 0.208863 0.016415
vt 0.209691 0.015025
vt 0.210060 0.013640
vt 0.209619 0.026168
vt 0.217055 0.021283
vt 0.218041 0.021569
vt 0.216426 0.020795
vt 0.216343 0.020043
vt 0.216476 0.019607
vt 0.216947 0.019309
vt 0.217808 0.018994
vt 0.223139 0.020273
vt 0.331568 0.156411
vt 0.331584 0.185029
vt 0.285018 0.164810
vt 0.304965 0.145245
vt 0.358286 0.145879
vt 0.377238 0.165336
vt 0.369579 0.119474
vt 0.397623 0.118747
vt 0.358765 0.093158
vt 0.378332 0.074061
vt 0.331949 0.081980
vt 0.331856 0.053894
vt 0.305535 0.092140
vt 0.286409 0.072780
vt 0.294413 0.118515
vt 0.265888 0.119384
vt 0.331639 0.209365
vt 0.267437 0.182509
vt 0.395116 0.182724
vt 0.421179 0.119296
vt 0.395706 0.056946
vt 0.331480 0.030105
vt 0.268531 0.055380
vt 0.241857 0.119090
vt 0.331199 0.229549
vt 0.254354 0.195933
vt 0.408629 0.196283
vt 0.441567 0.119411
vt 0.408452 0.043591
vt 0.331760 0.010203
vt 0.255072 0.042148
vt 0.221484 0.119171
vt 0.331891 0.118935
vt 0.438517 0.032448
vt 0.456630 0.014337
vt 0.469437 0.045257
vt 0.482246 0.014337
vt 0.500358 0.032450
vt 0.500358 0.058066
vt 0.482244 0.076177
vt 0.456629 0.076177
vt 0.438517 0.058064
vt 0.691716 0.552278
vt 0.691819 0.551121
vt 0.707538 0.551046
vt 0.707473 0.552234
vt 0.656407 0.552321
vt 0.656437 0.551165
vt 0.650056 0.552301
vt 0.644505 0.552296
vt 0.644377 0.551169
vt 0.650118 0.551183
vt 0.629002 0.552382
vt 0.628650 0.551249
vt 0.637571 0.551178
vt 0.637833 0.552309
vt 0.691924 0.549949
vt 0.707603 0.549856
vt 0.656433 0.550042
vt 0.644275 0.550105
vt 0.650164 0.550112
vt 0.628288 0.550095
vt 0.637314 0.550090
vt 0.692032 0.548767
vt 0.707667 0.548666
vt 0.656317 0.548966
vt 0.644165 0.549051
vt 0.650126 0.549068
vt 0.628014 0.548960
vt 0.637082 0.548972
vt 0.692070 0.558109
vt 0.691955 0.556925
vt 0.707664 0.556944
vt 0.707732 0.558136
vt 0.656169 0.558006
vt 0.656277 0.556927
vt 0.644117 0.558016
vt 0.644223 0.556955
vt 0.650155 0.556897
vt 0.650128 0.557944
vt 0.627989 0.558033
vt 0.628270 0.556894
vt 0.637193 0.557003
vt 0.636947 0.558136
vt 0.691845 0.555755
vt 0.707597 0.555753
vt 0.656332 0.555812
vt 0.644325 0.555887
vt 0.650096 0.555826
vt 0.628635 0.555745
vt 0.637481 0.555887
vt 0.691737 0.554599
vt 0.707529 0.554562
vt 0.656358 0.554666
vt 0.650028 0.554703
vt 0.644463 0.554749
vt 0.628992 0.554610
vt 0.637781 0.554727
vt 0.691638 0.553443
vt 0.707114 0.553404
vt 0.656362 0.553501
vt 0.644649 0.553508
vt 0.650022 0.553503
vt 0.629239 0.553494
vt 0.638016 0.553505
vt 0.708736 0.551655
vt 0.708709 0.553374
vt 0.709990 0.552114
vt 0.710479 0.553338
vt 0.710039 0.554583
vt 0.708812 0.555095
vt 0.656854 0.524243
vt 0.656854 0.525426
vt 0.623091 0.525535
vt 0.623097 0.524344
vt 0.681443 0.524436
vt 0.681514 0.525602
vt 0.696121 0.524436
vt 0.696142 0.525609
vt 0.688481 0.525609
vt 0.688454 0.524429
vt 0.712890 0.524536
vt 0.712870 0.525709
vt 0.703863 0.525666
vt 0.703843 0.524511
vt 0.722045 0.524626
vt 0.732385 0.524727
vt 0.732301 0.525869
vt 0.721997 0.525760
vt 0.745210 0.525133
vt 0.746078 0.526133
vt 0.656849 0.526628
vt 0.623087 0.526733
vt 0.681570 0.526751
vt 0.696156 0.526769
vt 0.688498 0.526765
vt 0.712845 0.526852
vt 0.703883 0.526808
vt 0.732218 0.526991
vt 0.721956 0.526885
vt 0.746951 0.527147
vt 0.656844 0.527895
vt 0.623388 0.527914
vt 0.681590 0.527903
vt 0.696160 0.527920
vt 0.688508 0.527905
vt 0.712825 0.527976
vt 0.703886 0.527948
vt 0.732174 0.528114
vt 0.721933 0.528035
vt 0.747309 0.528325
vt 0.656842 0.529149
vt 0.623104 0.529099
vt 0.681560 0.529050
vt 0.696148 0.529068
vt 0.688500 0.529050
vt 0.712814 0.529100
vt 0.703868 0.529090
vt 0.732185 0.529240
vt 0.721938 0.529175
vt 0.746941 0.529481
vt 0.656839 0.530351
vt 0.623094 0.530295
vt 0.681499 0.530178
vt 0.696127 0.530224
vt 0.688481 0.530196
vt 0.712811 0.530245
vt 0.703837 0.530223
vt 0.732249 0.530358
vt 0.721958 0.530299
vt 0.746063 0.530464
vt 0.656835 0.531531
vt 0.623100 0.531478
vt 0.681431 0.531328
vt 0.696094 0.531389
vt 0.688452 0.531358
vt 0.712812 0.531425
vt 0.703801 0.531368
vt 0.721980 0.531441
vt 0.732314 0.531494
vt 0.745184 0.531443
vt 0.656805 0.532684
vt 0.623171 0.532617
vt 0.681323 0.532506
vt 0.696021 0.532593
vt 0.688362 0.532553
vt 0.712811 0.532627
vt 0.703735 0.532575
vt 0.732344 0.532684
vt 0.721998 0.532633
vt 0.744816 0.532598
vt 0.656825 0.523092
vt 0.623165 0.523203
vt 0.681338 0.523265
vt 0.696086 0.523239
vt 0.688373 0.523240
vt 0.712896 0.523337
vt 0.703822 0.523307
vt 0.732435 0.523544
vt 0.722078 0.523438
vt 0.744879 0.523975
vt 0.620729 0.526710
vt 0.621913 0.526198
vt 0.621893 0.527936
vt 0.621949 0.529665
vt 0.620758 0.529190
vt 0.620249 0.527958
vt 0.621668 0.511634
vt 0.621664 0.512818
vt 0.587907 0.512932
vt 0.587912 0.511740
vt 0.646264 0.511824
vt 0.646331 0.512989
vt 0.660938 0.511818
vt 0.660954 0.512991
vt 0.653297 0.512993
vt 0.653274 0.511814
vt 0.677700 0.511916
vt 0.677678 0.513089
vt 0.668671 0.513047
vt 0.668656 0.511892
vt 0.686858 0.512006
vt 0.697200 0.512109
vt 0.697117 0.513253
vt 0.686809 0.513141
vt 0.710028 0.512519
vt 0.710898 0.513520
vt 0.621659 0.514021
vt 0.587906 0.514130
vt 0.646383 0.514138
vt 0.660963 0.514151
vt 0.653310 0.514148
vt 0.677652 0.514232
vt 0.668685 0.514188
vt 0.697034 0.514376
vt 0.686765 0.514266
vt 0.711774 0.514534
vt 0.621653 0.515288
vt 0.588210 0.515311
vt 0.646399 0.515290
vt 0.660961 0.515301
vt 0.653314 0.515288
vt 0.677630 0.515356
vt 0.668686 0.515328
vt 0.696991 0.515500
vt 0.686744 0.515417
vt 0.712135 0.515712
vt 0.621650 0.516542
vt 0.587929 0.516496
vt 0.646366 0.516436
vt 0.660944 0.516449
vt 0.653300 0.516432
vt 0.677617 0.516480
vt 0.668666 0.516470
vt 0.697003 0.516627
vt 0.686749 0.516558
vt 0.711769 0.516869
vt 0.621647 0.517743
vt 0.587921 0.517693
vt 0.646299 0.517565
vt 0.660918 0.517604
vt 0.653276 0.517579
vt 0.677613 0.517625
vt 0.668633 0.517603
vt 0.697069 0.517744
vt 0.686771 0.517682
vt 0.710892 0.517852
vt 0.621643 0.518922
vt 0.587929 0.518874
vt 0.646225 0.518714
vt 0.660883 0.518771
vt 0.653241 0.518740
vt 0.677615 0.518806
vt 0.668595 0.518750
vt 0.686794 0.518825
vt 0.697138 0.518881
vt 0.710014 0.518831
vt 0.621610 0.520073
vt 0.587999 0.520009
vt 0.646114 0.519889
vt 0.660810 0.519973
vt 0.653147 0.519933
vt 0.677616 0.520010
vt 0.668529 0.519958
vt 0.697168 0.520073
vt 0.686814 0.520019
vt 0.709645 0.519987
vt 0.621640 0.510482
vt 0.587974 0.510593
vt 0.646162 0.510654
vt 0.660905 0.510622
vt 0.653196 0.510625
vt 0.677706 0.510718
vt 0.668636 0.510689
vt 0.697252 0.510927
vt 0.686890 0.510819
vt 0.709695 0.511361
vt 0.585547 0.514105
vt 0.586730 0.513594
vt 0.586714 0.515332
vt 0.586775 0.517062
vt 0.585582 0.516586
vt 0.585069 0.515353
vt 0.671901 0.542185
vt 0.671804 0.543339
vt 0.656077 0.543402
vt 0.656137 0.542213
vt 0.707234 0.542179
vt 0.707176 0.543338
vt 0.713612 0.542202
vt 0.719136 0.542183
vt 0.719244 0.543294
vt 0.713540 0.543310
vt 0.734594 0.542069
vt 0.734937 0.543195
vt 0.726008 0.543261
vt 0.725781 0.542152
vt 0.671706 0.544507
vt 0.656017 0.544592
vt 0.707157 0.544459
vt 0.719336 0.544347
vt 0.713484 0.544371
vt 0.735289 0.544342
vt 0.726232 0.544328
vt 0.671605 0.545686
vt 0.655957 0.545783
vt 0.707264 0.545525
vt 0.719436 0.545391
vt 0.713513 0.545405
vt 0.735553 0.545471
vt 0.726447 0.545434
vt 0.671495 0.536337
vt 0.671617 0.537526
vt 0.655905 0.537497
vt 0.655833 0.536303
vt 0.707574 0.536480
vt 0.707471 0.537568
vt 0.719592 0.536441
vt 0.719492 0.537510
vt 0.713533 0.537590
vt 0.713556 0.536534
vt 0.735666 0.536422
vt 0.735373 0.537563
vt 0.726547 0.537439
vt 0.726809 0.536303
vt 0.671735 0.538699
vt 0.655978 0.538690
vt 0.707395 0.538688
vt 0.719395 0.538588
vt 0.713597 0.538669
vt 0.734998 0.538713
vt 0.726229 0.538569
vt 0.671852 0.539859
vt 0.656050 0.539880
vt 0.707341 0.539833
vt 0.713670 0.539801
vt 0.719243 0.539738
vt 0.734630 0.539848
vt 0.725896 0.539742
vt 0.671966 0.541017
vt 0.656483 0.541040
vt 0.707307 0.540998
vt 0.719023 0.540993
vt 0.713663 0.541007
vt 0.734370 0.540967
vt 0.725629 0.540978
vt 0.654873 0.542791
vt 0.654887 0.541071
vt 0.653613 0.542329
vt 0.653117 0.541103
vt 0.653551 0.539858
vt 0.654771 0.539347
s 0
usemtl Material.005
f 1/1/1 2/2/1 3/3/1
f 3/3/1 4/4/1 1/1/1
f 5/5/2 6/6/2 7/7/2
f 7/7/2 8/8/2 5/5/2
f 9/9/3 10/10/3 11/11/3
f 11/11/3 12/12/3 9/9/3
f 13/13/4 14/14/4 15/15/4
f 15/15/4 16/16/4 13/13/4
f 17/17/5 18/18/5 19/19/5
f 19/19/5 20/20/5 17/17/5
f 21/21/6 22/22/6 23/23/5
f 23/23/5 24/24/5 21/21/6
f 4/4/1 25/25/7 26/26/8
f 26/26/9 1/1/1 4/4/1
f 27/27/5 28/28/5 29/29/10
f 29/29/10 30/30/10 27/27/5
f 31/31/6 32/32/6 33/33/6
f 33/33/6 34/34/6 31/31/6
f 18/18/5 9/9/11 12/12/3
f 12/12/3 19/19/5 18/18/5
f 35/35/10 36/36/10 37/37/10
f 37/37/10 38/38/10 35/35/10
f 25/25/12 39/39/13 40/40/14
f 40/40/14 26/26/9 25/25/12
f 24/24/15 5/5/2 8/8/2
f 8/8/16 21/21/6 24/24/15
f 41/41/17 42/42/2 43/43/18
f 43/43/2 17/17/5 41/41/17
f 2/2/19 1/1/19 44/44/19
f 44/44/19 45/45/19 2/2/19
f 46/46/20 20/20/5 47/47/21
f 47/47/21 48/48/4 46/46/20
f 30/30/10 14/14/4 13/13/22
f 13/13/4 27/27/5 30/30/23
f 3/3/1 49/49/1 50/50/1
f 50/50/1 4/4/1 3/3/1
f 51/51/6 31/31/6 34/34/24
f 34/34/6 52/52/15 51/51/24
f 53/53/14 54/54/25 55/55/25
f 55/55/26 56/56/9 53/53/14
f 57/57/11 33/33/24 32/32/24
f 32/32/6 58/58/3 57/57/3
f 52/52/5 34/34/6 33/33/24
f 33/33/24 57/57/11 52/52/5
f 59/59/23 60/60/5 36/36/10
f 36/36/23 35/35/10 59/59/10
f 61/61/11 37/37/10 36/36/27
f 36/36/10 60/60/5 61/61/11
f 61/61/11 62/62/11 38/38/10
f 38/38/10 37/37/28 61/61/11
f 63/63/13 64/64/12 65/65/29
f 65/65/30 66/66/30 63/63/31
f 67/67/2 68/68/2 69/69/1
f 69/69/1 70/70/1 67/67/2
f 71/71/32 67/67/2 70/70/19
f 70/70/19 72/72/1 71/71/32
f 71/71/32 72/72/1 73/73/33
f 73/73/8 74/74/6 71/71/32
f 75/75/6 56/56/9 55/55/34
f 55/55/26 76/76/35 75/75/6
f 76/76/35 55/55/36 54/54/26
f 54/54/26 77/77/6 76/76/37
f 78/78/38 77/77/6 54/54/26
f 54/54/25 53/53/14 78/78/39
f 79/79/38 40/40/14 39/39/31
f 39/39/13 80/80/40 79/79/38
f 81/81/40 63/63/31 66/66/29
f 66/66/30 82/82/41 81/81/40
f 83/83/10 82/82/42 66/66/30
f 66/66/30 65/65/43 83/83/10
f 84/84/44 83/83/23 65/65/30
f 65/65/43 64/64/12 84/84/44
f 85/85/10 86/86/44 87/87/7
f 87/87/45 88/88/1 85/85/10
f 85/85/23 88/88/19 89/89/1
f 89/89/1 90/90/32 85/85/10
f 90/90/46 89/89/1 91/91/1
f 91/91/1 92/92/4 90/90/47
f 8/8/2 7/7/2 68/68/2
f 68/68/2 67/67/2 8/8/2
f 21/21/24 8/8/2 67/67/48
f 67/67/49 71/71/32 21/21/6
f 21/21/6 71/71/32 74/74/6
f 74/74/6 22/22/6 21/21/6
f 51/51/6 75/75/6 76/76/35
f 76/76/35 31/31/24 51/51/24
f 31/31/6 76/76/35 77/77/6
f 77/77/6 32/32/6 31/31/6
f 78/78/38 58/58/11 32/32/24
f 32/32/24 77/77/6 78/78/50
f 10/10/51 79/79/38 80/80/40
f 80/80/52 11/11/3 10/10/11
f 38/38/10 62/62/3 81/81/40
f 81/81/53 82/82/41 38/38/10
f 35/35/10 38/38/10 82/82/41
f 82/82/41 83/83/10 35/35/10
f 59/59/10 35/35/10 83/83/10
f 83/83/10 84/84/44 59/59/10
f 30/30/10 29/29/10 86/86/44
f 86/86/44 85/85/10 30/30/10
f 30/30/23 85/85/10 90/90/32
f 90/90/32 14/14/54 30/30/10
f 14/14/4 90/90/32 92/92/4
f 92/92/4 15/15/4 14/14/4
f 17/17/5 20/20/5 46/46/20
f 46/46/20 41/41/20 17/17/5
f 93/93/55 94/94/55 95/95/56
f 95/95/56 96/96/57 93/93/55
f 97/97/58 98/98/59 94/94/55
f 94/94/55 93/93/55 97/97/59
f 99/99/60 100/100/60 98/98/58
f 98/98/59 97/97/58 99/99/60
f 101/101/6 102/102/6 100/100/61
f 100/100/60 99/99/60 101/101/6
f 103/103/62 104/104/62 102/102/6
f 102/102/6 101/101/6 103/103/63
f 105/105/64 106/106/65 104/104/62
f 104/104/62 103/103/62 105/105/65
f 107/107/66 108/108/66 106/106/64
f 106/106/65 105/105/64 107/107/66
f 109/109/67 110/110/67 108/108/66
f 108/108/66 107/107/66 109/109/67
f 111/111/68 112/112/68 110/110/67
f 110/110/67 109/109/67 111/111/68
f 113/113/69 114/114/69 112/112/68
f 112/112/68 111/111/68 113/113/69
f 115/115/70 116/116/71 114/114/69
f 114/114/69 113/113/69 115/115/70
f 117/117/72 118/118/73 116/116/70
f 116/116/70 115/115/70 117/117/73
f 119/119/74 120/120/75 118/118/72
f 118/118/73 117/117/72 119/119/74
f 121/121/10 122/122/10 120/120/76
f 120/120/76 119/119/74 121/121/10
f 123/123/77 124/124/77 125/125/10
f 125/125/10 126/126/10 123/123/77
f 127/127/78 128/128/79 124/124/77
f 124/124/77 123/123/77 127/127/79
f 129/129/80 130/130/80 128/128/79
f 128/128/79 127/127/78 129/129/80
f 131/131/81 132/132/82 130/130/80
f 130/130/80 129/129/80 131/131/81
f 133/133/32 134/134/83 132/132/81
f 132/132/81 131/131/81 133/133/32
f 96/96/56 95/95/56 134/134/84
f 134/134/83 133/133/32 96/96/56
f 135/135/55 136/136/56 137/137/5
f 138/138/59 135/135/55 137/137/5
f 139/139/60 138/138/58 137/137/5
f 140/140/6 139/139/60 137/137/5
f 141/141/62 140/140/6 137/137/5
f 142/142/64 141/141/62 137/137/5
f 143/143/66 142/142/65 137/137/5
f 144/144/67 143/143/66 137/137/5
f 145/145/68 144/144/67 137/137/5
f 146/146/69 145/145/68 137/137/5
f 147/147/70 146/146/69 137/137/5
f 148/148/72 147/147/70 137/137/5
f 149/149/74 148/148/72 137/137/5
f 150/150/10 149/149/74 137/137/5
f 151/151/77 150/150/10 137/137/5
f 152/152/78 151/151/77 137/137/5
f 153/153/80 152/152/78 137/137/5
f 154/154/81 153/153/80 137/137/5
f 155/155/32 154/154/81 137/137/5
f 136/136/56 155/155/32 137/137/5
f 156/156/1 157/157/1 158/158/1
f 157/157/19 159/159/19 158/158/19
f 159/159/1 160/160/1 158/158/1
f 160/160/1 161/161/1 158/158/1
f 161/161/1 162/162/1 158/158/1
f 162/162/1 163/163/1 158/158/1
f 163/163/19 164/164/19 158/158/19
f 164/164/1 165/165/1 158/158/1
f 165/165/1 166/166/1 158/158/1
f 166/166/1 167/167/1 158/158/1
f 167/167/1 168/168/1 158/158/1
f 168/168/19 169/169/19 158/158/19
f 169/169/1 170/170/1 158/158/1
f 170/170/1 171/171/1 158/158/1
f 171/171/1 172/172/1 158/158/1
f 172/172/1 173/173/1 158/158/1
f 173/173/19 174/174/19 158/158/19
f 174/174/1 175/175/1 158/158/1
f 175/175/1 176/176/1 158/158/1
f 176/176/1 156/156/1 158/158/1
f 177/177/55 178/178/55 179/179/56
f 179/179/56 180/180/56 177/177/55
f 180/180/56 179/179/56 181/181/32
f 181/181/32 182/182/83 180/180/56
f 182/182/83 181/181/46 183/183/81
f 183/183/81 184/184/81 182/182/83
f 184/184/81 183/183/81 185/185/80
f 185/185/80 186/186/80 184/184/81
f 186/186/80 185/185/80 187/187/78
f 187/187/78 188/188/78 186/186/80
f 188/188/78 187/187/79 189/189/77
f 189/189/77 190/190/77 188/188/79
f 190/190/77 189/189/77 191/191/10
f 191/191/10 192/192/10 190/190/77
f 193/193/10 194/194/10 195/195/74
f 195/195/74 196/196/76 193/193/10
f 196/196/76 195/195/74 197/197/72
f 197/197/72 198/198/72 196/196/76
f 198/198/72 197/197/73 199/199/70
f 199/199/70 200/200/70 198/198/73
f 200/200/70 199/199/70 201/201/69
f 201/201/69 202/202/69 200/200/70
f 202/202/69 201/201/85 203/203/68
f 203/203/68 204/204/68 202/202/69
f 204/204/68 203/203/68 205/205/67
f 205/205/67 206/206/86 204/204/68
f 206/206/67 205/205/67 207/207/66
f 207/207/66 208/208/66 206/206/67
f 208/208/66 207/207/66 209/209/64
f 209/209/65 210/210/64 208/208/66
f 210/210/65 209/209/65 211/211/62
f 211/211/62 212/212/62 210/210/65
f 212/212/62 211/211/62 213/213/6
f 213/213/6 214/214/6 212/212/62
f 214/214/6 213/213/6 215/215/60
f 215/215/60 216/216/60 214/214/6
f 216/216/60 215/215/60 217/217/58
f 217/217/59 218/218/58 216/216/60
f 218/218/59 217/217/59 178/178/55
f 178/178/55 177/177/55 218/218/59
f 219/219/83 220/220/83 221/221/81
f 221/221/81 222/222/81 219/219/83
f 222/222/81 221/221/81 223/223/80
f 223/223/80 224/224/80 222/222/81
f 224/224/80 223/223/80 225/225/78
f 225/225/78 226/226/78 224/224/80
f 226/226/79 225/225/79 227/227/77
f 227/227/77 228/228/77 226/226/78
f 228/228/77 227/227/77 229/229/10
f 229/229/10 230/230/10 228/228/77
f 231/231/10 232/232/10 233/233/76
f 233/233/76 234/234/76 231/231/10
f 235/235/56 236/236/5 237/237/5
f 237/237/5 238/238/55 235/235/56
f 239/239/83 240/240/5 236/236/5
f 236/236/5 235/235/56 239/239/87
f 241/241/72 242/242/5 243/243/5
f 243/243/5 244/244/76 241/241/88
f 245/245/70 246/246/5 242/242/5
f 242/242/5 241/241/72 245/245/70
f 247/247/69 248/248/5 246/246/5
f 246/246/5 245/245/70 247/247/69
f 249/249/68 250/250/5 248/248/5
f 248/248/5 247/247/69 249/249/68
f 251/251/67 252/252/5 250/250/5
f 250/250/5 249/249/68 251/251/67
f 253/253/66 254/254/5 252/252/5
f 252/252/5 251/251/67 253/253/66
f 255/255/64 256/256/5 254/254/5
f 254/254/5 253/253/66 255/255/64
f 257/257/62 258/258/5 256/256/5
f 256/256/5 255/255/64 257/257/62
f 259/259/6 260/260/5 258/258/5
f 258/258/5 257/257/62 259/259/6
f 261/261/60 262/262/5 260/260/5
f 260/260/5 259/259/6 261/261/60
f 263/263/58 264/264/5 262/262/5
f 262/262/5 261/261/60 263/263/59
f 238/238/55 237/237/5 264/264/5
f 264/264/5 263/263/58 238/238/55
f 265/265/55 266/266/1 267/267/1
f 267/267/89 268/268/56 265/265/55
f 269/269/87 270/270/6 240/240/5
f 240/240/90 271/271/87 269/269/91
f 268/268/92 267/267/89 270/270/6
f 270/270/93 272/272/83 268/268/56
f 273/273/76 274/274/5 275/275/67
f 275/275/67 276/276/75 273/273/75
f 277/277/94 278/278/67 279/279/19
f 279/279/19 280/280/73 277/277/75
f 280/280/73 279/279/95 281/281/95
f 281/281/1 282/282/70 280/280/72
f 282/282/70 281/281/1 283/283/1
f 283/283/89 284/284/69 282/282/71
f 284/284/69 283/283/89 285/285/89
f 285/285/1 286/286/68 284/284/69
f 286/286/68 285/285/1 287/287/1
f 287/287/96 288/288/67 286/286/68
f 288/288/86 287/287/96 289/289/96
f 289/289/1 290/290/66 288/288/67
f 290/290/66 289/289/1 291/291/1
f 291/291/19 292/292/64 290/290/66
f 292/292/64 291/291/19 293/293/19
f 293/293/19 294/294/62 292/292/65
f 294/294/62 293/293/19 295/295/19
f 295/295/97 296/296/6 294/294/62
f 296/296/6 295/295/98 297/297/98
f 297/297/95 298/298/60 296/296/6
f 298/298/60 297/297/19 299/299/19
f 299/299/19 300/300/58 298/298/60
f 300/300/58 299/299/95 266/266/95
f 266/266/1 265/265/55 300/300/58
f 301/301/99 240/240/5 270/270/6
f 270/270/6 302/302/99 301/301/99
f 303/303/66 301/301/99 302/302/100
f 302/302/99 304/304/66 303/303/66
f 305/305/65 303/303/66 304/304/66
f 304/304/66 306/306/65 305/305/64
f 307/307/62 305/305/65 306/306/65
f 306/306/65 308/308/62 307/307/62
f 309/309/101 307/307/62 308/308/62
f 308/308/62 310/310/101 309/309/101
f 243/243/102 309/309/101 310/310/101
f 310/310/101 278/278/67 243/243/5
f 237/237/5 236/236/5 311/311/5
f 236/236/5 240/240/5 311/311/5
f 243/243/5 242/242/5 311/311/5
f 242/242/5 246/246/5 311/311/5
f 246/246/5 248/248/5 311/311/5
f 248/248/5 250/250/5 311/311/5
f 250/250/5 252/252/5 311/311/5
f 252/252/5 254/254/5 311/311/5
f 254/254/5 256/256/5 311/311/5
f 256/256/5 258/258/5 311/311/5
f 258/258/5 260/260/5 311/311/5
f 260/260/5 262/262/5 311/311/5
f 262/262/5 264/264/5 311/311/5
f 264/264/5 237/237/5 311/311/5
f 240/240/5 301/301/103 311/311/5
f 301/301/99 303/303/104 311/311/5
f 303/303/66 305/305/105 311/311/5
f 305/305/106 307/307/107 311/311/5
f 307/307/62 309/309/108 311/311/5
f 309/309/101 243/243/5 311/311/5
f 267/267/1 266/266/1 312/312/1
f 270/270/93 267/267/1 312/312/1
f 279/279/1 278/278/109 312/312/1
f 281/281/1 279/279/1 312/312/1
f 283/283/1 281/281/1 312/312/1
f 285/285/1 283/283/1 312/312/1
f 287/287/1 285/285/1 312/312/1
f 289/289/1 287/287/1 312/312/1
f 291/291/1 289/289/1 312/312/1
f 293/293/1 291/291/1 312/312/1
f 295/295/1 293/293/1 312/312/1
f 297/297/1 295/295/1 312/312/1
f 299/299/1 297/297/1 312/312/1
f 266/266/1 299/299/1 312/312/1
f 302/302/99 270/270/6 312/312/1
f 304/304/66 302/302/103 312/312/1
f 306/306/64 304/304/104 312/312/1
f 308/308/110 306/306/111 312/312/1
f 310/310/101 308/308/107 312/312/1
f 278/278/67 310/310/108 312/312/1
f 313/313/112 314/314/113 315/315/114
f 315/315/115 316/316/116 313/313/112
f 316/316/117 315/315/115 317/317/118
f 317/317/118 318/318/119 316/316/117
f 318/318/120 317/317/118 319/319/121
f 319/319/122 320/320/123 318/318/119
f 320/320/124 319/319/122 321/321/125
f 321/321/125 322/322/126 320/320/123
f 322/322/127 321/321/125 323/323/128
f 323/323/128 324/324/129 322/322/127
f 324/324/129 323/323/130 325/325/131
f 325/325/132 326/326/133 324/324/129
f 326/326/134 325/325/131 327/327/135
f 327/327/135 328/328/136 326/326/134
f 329/329/136 330/330/137 331/331/138
f 331/331/138 332/332/139 329/329/136
f 332/332/139 331/331/138 333/333/140
f 333/333/140 334/334/141 332/332/139
f 334/334/141 333/333/140 335/335/142
f 335/335/142 336/336/143 334/334/141
f 336/336/144 335/335/142 337/337/145
f 337/337/145 338/338/146 336/336/144
f 338/338/146 337/337/145 339/339/147
f 339/339/147 340/340/148 338/338/146
f 340/340/148 339/339/147 341/341/149
f 341/341/150 342/342/151 340/340/148
f 342/342/151 341/341/150 343/343/152
f 343/343/152 344/344/153 342/342/151
f 344/344/153 343/343/154 345/345/155
f 345/345/155 346/346/156 344/344/153
f 346/346/156 345/345/155 347/347/157
f 347/347/157 348/348/158 346/346/156
f 348/348/158 347/347/157 349/349/159
f 349/349/159 350/350/160 348/348/161
f 350/350/160 349/349/159 351/351/162
f 351/351/162 352/352/163 350/350/160
f 352/352/163 351/351/162 353/353/164
f 353/353/165 354/354/166 352/352/167
f 313/313/112 354/354/166 353/353/164
f 353/353/164 314/314/113 313/313/112
f 355/355/168 356/356/168 357/357/169
f 357/357/169 358/358/169 355/355/168
f 358/358/169 357/357/169 359/359/170
f 359/359/170 360/360/170 358/358/169
f 360/360/170 359/359/170 361/361/171
f 361/361/172 362/362/172 360/360/170
f 362/362/171 361/361/171 363/363/173
f 363/363/173 364/364/173 362/362/174
f 364/364/173 363/363/175 365/365/176
f 365/365/177 366/366/177 364/364/173
f 366/366/176 365/365/176 367/367/178
f 367/367/178 368/368/178 366/366/176
f 368/368/178 367/367/178 369/369/179
f 369/369/179 370/370/179 368/368/178
f 371/371/179 372/372/179 373/373/180
f 373/373/180 374/374/180 371/371/179
f 374/374/181 373/373/181 375/375/182
f 375/375/182 376/376/182 374/374/180
f 376/376/183 375/375/183 377/377/184
f 377/377/184 378/378/184 376/376/185
f 378/378/186 377/377/184 379/379/187
f 379/379/188 380/380/188 378/378/184
f 380/380/187 379/379/187 381/381/189
f 381/381/189 382/382/189 380/380/188
f 382/382/189 381/381/189 383/383/190
f 383/383/190 384/384/190 382/382/189
f 384/384/190 383/383/190 385/385/191
f 385/385/191 386/386/191 384/384/190
f 386/386/191 385/385/191 387/387/192
f 387/387/192 388/388/192 386/386/191
f 388/388/193 387/387/192 389/389/194
f 389/389/194 390/390/194 388/388/193
f 390/390/194 389/389/194 391/391/195
f 391/391/195 392/392/195 390/390/194
f 392/392/195 391/391/195 393/393/196
f 393/393/196 394/394/196 392/392/195
f 394/394/196 393/393/196 395/395/197
f 395/395/197 396/396/197 394/394/196
f 396/396/198 395/395/198 356/356/168
f 356/356/168 355/355/168 396/396/198
f 397/397/199 355/355/200 358/358/169
f 358/358/201 398/398/114 397/397/202
f 399/399/203 400/400/204 401/401/205
f 401/401/206 402/402/207 399/399/203
f 398/398/208 358/358/169 360/360/170
f 360/360/209 403/403/118 398/398/115
f 404/404/210 405/405/211 400/400/201
f 400/400/212 399/399/213 404/404/210
f 403/403/214 360/360/215 362/362/171
f 362/362/216 406/406/122 403/403/118
f 407/407/217 408/408/172 405/405/209
f 405/405/218 404/404/210 407/407/217
f 406/406/219 362/362/174 364/364/175
f 364/364/220 409/409/125 406/406/122
f 410/410/221 411/411/220 408/408/174
f 408/408/171 407/407/217 410/410/221
f 409/409/222 364/364/173 366/366/176
f 366/366/176 412/412/128 409/409/125
f 413/413/223 414/414/177 411/411/224
f 411/411/225 410/410/221 413/413/223
f 412/412/226 366/366/176 368/368/178
f 368/368/227 415/415/131 412/412/128
f 416/416/228 417/417/229 414/414/176
f 414/414/177 413/413/223 416/416/228
f 415/415/230 368/368/178 370/370/179
f 370/370/231 418/418/135 415/415/132
f 419/419/232 420/420/179 417/417/233
f 417/417/234 416/416/228 419/419/232
f 421/421/235 371/371/179 374/374/236
f 374/374/237 422/422/138 421/421/137
f 423/423/238 424/424/239 420/420/240
f 420/420/231 419/419/232 423/423/238
f 422/422/241 374/374/181 376/376/185
f 376/376/242 425/425/140 422/422/138
f 426/426/243 427/427/182 424/424/244
f 424/424/245 423/423/238 426/426/246
f 425/425/247 376/376/185 378/378/248
f 378/378/186 428/428/142 425/425/249
f 429/429/250 430/430/186 427/427/251
f 427/427/252 426/426/243 429/429/250
f 428/428/253 378/378/254 380/380/188
f 380/380/255 431/431/256 428/428/142
f 432/432/257 433/433/187 430/430/184
f 430/430/254 429/429/250 432/432/257
f 431/431/258 380/380/188 382/382/189
f 382/382/259 434/434/147 431/431/145
f 435/435/260 436/436/261 433/433/262
f 433/433/187 432/432/257 435/435/263
f 434/434/264 382/382/189 384/384/190
f 384/384/265 437/437/150 434/434/147
f 438/438/266 439/439/267 436/436/268
f 436/436/261 435/435/263 438/438/266
f 437/437/269 384/384/190 386/386/191
f 386/386/270 440/440/154 437/437/149
f 441/441/271 442/442/272 439/439/265
f 439/439/273 438/438/274 441/441/271
f 440/440/275 386/386/270 388/388/193
f 388/388/192 443/443/155 440/440/276
f 444/444/277 445/445/192 442/442/270
f 442/442/278 441/441/271 444/444/277
f 443/443/279 388/388/193 390/390/194
f 390/390/280 446/446/281 443/443/155
f 447/447/282 448/448/283 445/445/192
f 445/445/284 444/444/277 447/447/285
f 446/446/286 390/390/194 392/392/195
f 392/392/287 449/449/159 446/446/288
f 450/450/289 451/451/195 448/448/290
f 448/448/290 447/447/282 450/450/289
f 449/449/291 392/392/195 394/394/196
f 394/394/292 452/452/293 449/449/159
f 453/453/294 454/454/295 451/451/296
f 451/451/287 450/450/289 453/453/297
f 452/452/298 394/394/299 396/396/300
f 396/396/300 455/455/164 452/452/162
f 456/456/301 457/457/197 454/454/299
f 454/454/302 453/453/297 456/456/301
f 455/455/303 396/396/300 355/355/200
f 355/355/304 397/397/305 455/455/165
f 402/402/207 401/401/168 457/457/198
f 457/457/306 456/456/301 402/402/307
f 179/179/56 458/458/308 459/459/309
f 459/459/309 181/181/32 179/179/56
f 181/181/32 459/459/309 460/460/310
f 460/460/310 183/183/81 181/181/32
f 183/183/311 460/460/310 461/461/312
f 461/461/312 185/185/313 183/183/81
f 185/185/80 461/461/312 462/462/314
f 462/462/314 187/187/78 185/185/80
f 187/187/78 462/462/314 463/463/315
f 463/463/315 189/189/316 187/187/78
f 189/189/77 463/463/315 464/464/317
f 464/464/317 191/191/10 189/189/77
f 194/194/10 465/465/317 466/466/318
f 466/466/318 195/195/74 194/194/10
f 195/195/319 466/466/318 467/467/320
f 467/467/320 197/197/321 195/195/74
f 197/197/72 467/467/320 468/468/322
f 468/468/322 199/199/70 197/197/72
f 199/199/70 468/468/322 469/469/323
f 469/469/323 201/201/324 199/199/70
f 201/201/69 469/469/325 470/470/326
f 470/470/326 203/203/68 201/201/69
f 203/203/68 470/470/326 471/471/327
f 471/471/327 205/205/67 203/203/68
f 205/205/328 471/471/327 472/472/329
f 472/472/329 207/207/330 205/205/67
f 207/207/66 472/472/329 473/473/331
f 473/473/331 209/209/64 207/207/66
f 209/209/64 473/473/331 474/474/332
f 474/474/332 211/211/333 209/209/65
f 211/211/62 474/474/332 475/475/334
f 475/475/334 213/213/6 211/211/62
f 213/213/6 475/475/334 476/476/335
f 476/476/335 215/215/60 213/213/6
f 215/215/336 476/476/335 477/477/337
f 477/477/337 217/217/338 215/215/60
f 217/217/58 477/477/337 478/478/339
f 478/478/339 178/178/55 217/217/58
f 178/178/55 478/478/339 458/458/308
f 458/458/308 179/179/92 178/178/55
f 479/479/340 316/316/117 318/318/341
f 318/318/341 480/480/342 479/479/308
f 480/480/343 318/318/344 320/320/123
f 320/320/123 481/481/345 480/480/309
f 481/481/346 320/320/124 322/322/127
f 322/322/127 482/482/312 481/481/310
f 482/482/347 322/322/127 324/324/129
f 324/324/129 483/483/314 482/482/312
f 483/483/348 324/324/129 326/326/349
f 326/326/133 484/484/350 483/483/348
f 484/484/351 326/326/352 328/328/136
f 328/328/136 485/485/353 484/484/350
f 486/486/353 329/329/136 332/332/354
f 332/332/355 487/487/356 486/486/317
f 487/487/357 332/332/354 334/334/141
f 334/334/141 488/488/358 487/487/357
f 488/488/320 334/334/141 336/336/144
f 336/336/143 489/489/359 488/488/320
f 489/489/322 336/336/144 338/338/360
f 338/338/360 490/490/325 489/489/322
f 490/490/325 338/338/146 340/340/361
f 340/340/361 491/491/362 490/490/325
f 491/491/363 340/340/364 342/342/151
f 342/342/151 492/492/365 491/491/326
f 492/492/366 342/342/367 344/344/153
f 344/344/153 493/493/368 492/492/327
f 493/493/329 344/344/153 346/346/156
f 346/346/156 494/494/369 493/493/329
f 494/494/370 346/346/156 348/348/371
f 348/348/371 495/495/372 494/494/373
f 495/495/372 348/348/374 350/350/160
f 350/350/160 496/496/334 495/495/332
f 496/496/375 350/350/160 352/352/376
f 352/352/376 497/497/335 496/496/334
f 497/497/335 352/352/377 354/354/166
f 354/354/166 498/498/378 497/497/335
f 498/498/379 354/354/166 313/313/112
f 313/313/380 499/499/339 498/498/379
f 499/499/381 313/313/112 316/316/116
f 316/316/116 479/479/340 499/499/339
f 402/402/207 157/157/1 156/156/1
f 156/156/1 399/399/382 402/402/307
f 456/456/301 159/159/1 157/157/1
f 157/157/1 402/402/207 456/456/301
f 453/453/294 160/160/1 159/159/1
f 159/159/1 456/456/301 453/453/383
f 450/450/384 161/161/1 160/160/1
f 160/160/19 453/453/294 450/450/385
f 447/447/285 162/162/1 161/161/1
f 161/161/1 450/450/289 447/447/386
f 444/444/277 163/163/1 162/162/19
f 162/162/1 447/447/282 444/444/277
f 441/441/387 164/164/1 163/163/95
f 163/163/1 444/444/277 441/441/271
f 438/438/274 165/165/1 164/164/19
f 164/164/1 441/441/388 438/438/274
f 435/435/260 166/166/1 165/165/19
f 165/165/1 438/438/266 435/435/263
f 432/432/389 167/167/1 166/166/19
f 166/166/1 435/435/260 432/432/257
f 429/429/250 168/168/1 167/167/1
f 167/167/1 432/432/257 429/429/390
f 426/426/391 169/169/1 168/168/19
f 168/168/1 429/429/250 426/426/391
f 423/423/238 170/170/1 169/169/19
f 169/169/1 426/426/391 423/423/238
f 419/419/232 171/171/1 170/170/1
f 170/170/1 423/423/238 419/419/392
f 416/416/228 172/172/1 171/171/1
f 171/171/1 419/419/232 416/416/393
f 413/413/394 173/173/1 172/172/1
f 172/172/1 416/416/228 413/413/394
f 410/410/221 174/174/1 173/173/1
f 173/173/1 413/413/394 410/410/221
f 407/407/217 175/175/1 174/174/1
f 174/174/1 410/410/395 407/407/396
f 404/404/210 176/176/1 175/175/1
f 175/175/1 407/407/217 404/404/397
f 399/399/213 156/156/1 176/176/1
f 176/176/1 404/404/210 399/399/213
f 500/500/398 501/501/398 502/502/399
f 502/502/399 503/503/399 500/500/398
f 503/503/399 502/502/399 504/504/400
f 504/504/400 505/505/400 503/503/399
f 505/505/400 504/504/401 506/506/402
f 506/506/402 507/507/402 505/505/400
f 507/507/403 506/506/403 508/508/404
f 508/508/404 509/509/404 507/507/403
f 509/509/405 508/508/405 510/510/406
f 510/510/406 511/511/406 509/509/405
f 511/511/407 510/510/407 512/512/408
f 512/512/408 513/513/408 511/511/407
f 514/514/409 515/515/410 516/516/410
f 516/516/410 517/517/411 514/514/412
f 518/518/408 519/519/413 520/520/413
f 520/520/413 521/521/408 518/518/414
f 522/522/415 516/516/410 515/515/410
f 515/515/410 523/523/415 522/522/415
f 524/524/416 522/522/415 523/523/415
f 523/523/415 525/525/416 524/524/416
f 526/526/417 524/524/416 525/525/416
f 525/525/416 527/527/417 526/526/417
f 528/528/418 526/526/419 527/527/419
f 527/527/419 529/529/418 528/528/418
f 530/530/420 528/528/421 529/529/421
f 529/529/421 531/531/420 530/530/420
f 519/519/422 530/530/420 531/531/420
f 531/531/420 520/520/422 519/519/413
f 532/532/1 533/533/1 534/534/1
f 534/534/1 535/535/1 532/532/1
f 536/536/423 537/537/423 538/538/423
f 538/538/423 539/539/423 536/536/423
f 537/537/424 540/540/10 541/541/10
f 541/541/10 538/538/425 537/537/425
f 542/542/426 543/543/425 544/544/427
f 544/544/427 545/545/10 542/542/423
f 546/546/423 547/547/10 548/548/428
f 548/548/428 549/549/425 546/546/426
f 550/550/429 551/551/429 552/552/429
f 552/552/429 553/553/429 550/550/429
f 554/554/430 555/555/430 556/556/430
f 556/556/430 557/557/430 554/554/430
f 558/558/431 559/559/431 560/560/431
f 560/560/431 561/561/431 558/558/431
f 540/540/23 562/562/432 563/563/432
f 563/563/432 541/541/23 540/540/23
f 564/564/32 565/565/32 566/566/5
f 566/566/15 567/567/10 564/564/32
f 535/535/97 568/568/433 569/569/434
f 569/569/434 532/532/97 535/535/97
f 570/570/435 571/571/5 572/572/68
f 572/572/68 573/573/68 570/570/23
f 574/574/32 575/575/32 576/576/32
f 576/576/32 577/577/32 574/574/32
f 562/562/5 554/554/436 557/557/436
f 557/557/437 563/563/5 562/562/5
f 578/578/68 579/579/68 580/580/68
f 580/580/68 581/581/68 578/578/68
f 568/568/433 582/582/438 583/583/439
f 583/583/439 569/569/434 568/568/433
f 567/567/10 550/550/429 553/553/440
f 553/553/441 564/564/32 567/567/10
f 544/544/427 584/584/429 585/585/442
f 585/585/442 545/545/443 544/544/427
f 533/533/1 532/532/1 586/586/1
f 586/586/1 587/587/1 533/533/1
f 588/588/428 589/589/28 590/590/444
f 590/590/444 591/591/431 588/588/428
f 573/573/68 559/559/445 558/558/431
f 558/558/446 570/570/10 573/573/447
f 534/534/1 592/592/1 593/593/1
f 593/593/1 535/535/1 534/534/1
f 594/594/32 574/574/32 577/577/32
f 577/577/46 595/595/5 594/594/32
f 596/596/439 597/597/448 598/598/448
f 598/598/449 599/599/434 596/596/439
f 600/600/430 576/576/450 575/575/32
f 575/575/32 601/601/430 600/600/436
f 595/595/15 577/577/32 576/576/32
f 576/576/32 600/600/430 595/595/5
f 602/602/68 603/603/5 579/579/451
f 579/579/68 578/578/68 602/602/68
f 604/604/430 580/580/68 579/579/452
f 579/579/68 603/603/5 604/604/453
f 604/604/436 605/605/430 581/581/68
f 581/581/68 580/580/454 604/604/430
f 606/606/455 607/607/433 608/608/456
f 608/608/457 609/609/457 606/606/455
f 610/610/429 611/611/429 612/612/19
f 612/612/1 613/613/19 610/610/429
f 614/614/23 610/610/429 613/613/1
f 613/613/1 615/615/1 614/614/23
f 614/614/10 615/615/19 616/616/458
f 616/616/434 617/617/32 614/614/10
f 618/618/32 599/599/458 598/598/459
f 598/598/459 619/619/460 618/618/32
f 619/619/460 598/598/459 597/597/461
f 597/597/461 620/620/32 619/619/460
f 621/621/462 620/620/32 597/597/463
f 597/597/463 596/596/439 621/621/464
f 622/622/465 583/583/439 582/582/455
f 582/582/455 623/623/466 622/622/465
f 624/624/467 606/606/455 609/609/468
f 609/609/468 625/625/469 624/624/470
f 626/626/68 625/625/471 609/609/472
f 609/609/472 608/608/473 626/626/68
f 627/627/474 626/626/451 608/608/473
f 608/608/473 607/607/475 627/627/476
f 628/628/68 629/629/474 630/630/433
f 630/630/475 631/631/19 628/628/68
f 628/628/451 631/631/1 632/632/1
f 632/632/1 633/633/23 628/628/68
f 633/633/10 632/632/19 634/634/1
f 634/634/19 635/635/431 633/633/23
f 553/553/429 552/552/429 611/611/429
f 611/611/429 610/610/429 553/553/429
f 564/564/32 553/553/429 610/610/440
f 610/610/429 614/614/10 564/564/47
f 564/564/32 614/614/435 617/617/32
f 617/617/32 565/565/32 564/564/32
f 594/594/32 618/618/32 619/619/460
f 619/619/460 574/574/32 594/594/32
f 574/574/32 619/619/460 620/620/32
f 620/620/32 575/575/32 574/574/32
f 621/621/465 601/601/477 575/575/32
f 575/575/46 620/620/32 621/621/465
f 555/555/478 622/622/465 623/623/467
f 623/623/479 556/556/430 555/555/430
f 581/581/68 605/605/477 624/624/467
f 624/624/467 625/625/480 581/581/451
f 578/578/68 581/581/68 625/625/480
f 625/625/480 626/626/68 578/578/68
f 602/602/68 578/578/68 626/626/68
f 626/626/68 627/627/474 602/602/68
f 573/573/68 572/572/68 629/629/474
f 629/629/476 628/628/68 573/573/68
f 573/573/447 628/628/68 633/633/10
f 633/633/10 559/559/446 573/573/68
f 559/559/431 633/633/10 635/635/431
f 635/635/431 560/560/431 559/559/431
f 636/636/481 637/637/482 638/638/483
f 638/638/484 639/639/485 636/636/481
f 640/640/486 641/641/487 638/638/488
f 638/638/483 637/637/489 640/640/486
f 642/642/490 643/643/491 641/641/492
f 641/641/493 640/640/486 642/642/490
f 644/644/494 645/645/495 643/643/491
f 643/643/496 642/642/490 644/644/497
f 646/646/498 647/647/499 645/645/495
f 645/645/495 644/644/494 646/646/498
f 646/646/498 648/648/500 649/649/501
f 649/649/501 647/647/502 646/646/503
f 648/648/500 650/650/504 651/651/505
f 651/651/506 649/649/501 648/648/500
f 650/650/507 636/636/508 639/639/485
f 639/639/485 652/652/506 650/650/509
f 653/653/510 654/654/511 639/639/485
f 639/639/485 638/638/483 653/653/510
f 641/641/492 655/655/512 653/653/513
f 653/653/510 638/638/483 641/641/492
f 643/643/491 656/656/514 655/655/512
f 655/655/512 641/641/492 643/643/491
f 645/645/515 657/657/516 656/656/514
f 656/656/514 643/643/491 645/645/495
f 647/647/499 658/658/517 657/657/518
f 657/657/516 645/645/519 647/647/499
f 659/659/520 658/658/517 647/647/521
f 647/647/499 649/649/501 659/659/522
f 660/660/523 659/659/522 649/649/524
f 649/649/524 651/651/505 660/660/525
f 654/654/511 661/661/525 652/652/506
f 652/652/526 639/639/527 654/654/511
f 662/662/528 663/663/529 654/654/511
f 654/654/511 653/653/510 662/662/528
f 655/655/530 664/664/531 662/662/532
f 662/662/532 653/653/513 655/655/512
f 656/656/533 665/665/534 664/664/531
f 664/664/531 655/655/512 656/656/514
f 657/657/535 666/666/536 665/665/537
f 665/665/538 656/656/539 657/657/516
f 658/658/517 667/667/540 666/666/536
f 666/666/536 657/657/516 658/658/517
f 668/668/541 667/667/540 658/658/517
f 658/658/542 659/659/522 668/668/541
f 669/669/543 668/668/541 659/659/522
f 659/659/544 660/660/525 669/669/545
f 663/663/529 670/670/543 661/661/546
f 661/661/547 654/654/511 663/663/529
f 671/671/548 672/672/549 663/663/529
f 663/663/529 662/662/528 671/671/548
f 664/664/531 673/673/550 671/671/551
f 671/671/551 662/662/552 664/664/531
f 665/665/553 674/674/554 673/673/555
f 673/673/550 664/664/531 665/665/534
f 666/666/536 675/675/556 674/674/554
f 674/674/554 665/665/537 666/666/557
f 667/667/540 676/676/558 675/675/559
f 675/675/559 666/666/536 667/667/540
f 677/677/560 676/676/561 667/667/540
f 667/667/562 668/668/563 677/677/560
f 678/678/564 677/677/560 668/668/565
f 668/668/566 669/669/567 678/678/568
f 672/672/569 679/679/568 670/670/570
f 670/670/567 663/663/529 672/672/569
f 680/680/571 681/681/572 672/672/569
f 672/672/569 671/671/548 680/680/571
f 673/673/555 682/682/573 680/680/571
f 680/680/574 671/671/548 673/673/550
f 674/674/575 683/683/576 682/682/573
f 682/682/573 673/673/577 674/674/554
f 675/675/559 684/684/578 683/683/579
f 683/683/576 674/674/580 675/675/581
f 676/676/561 685/685/582 684/684/578
f 684/684/578 675/675/556 676/676/558
f 686/686/583 685/685/582 676/676/584
f 676/676/584 677/677/560 686/686/583
f 687/687/585 686/686/583 677/677/560
f 677/677/586 678/678/568 687/687/587
f 681/681/588 688/688/589 679/679/590
f 679/679/568 672/672/549 681/681/591
f 689/689/592 690/690/593 681/681/594
f 681/681/572 680/680/571 689/689/592
f 682/682/573 691/691/595 689/689/592
f 689/689/596 680/680/571 682/682/573
f 683/683/579 692/692/514 691/691/597
f 691/691/597 682/682/573 683/683/576
f 684/684/578 693/693/535 692/692/514
f 692/692/533 683/683/579 684/684/598
f 685/685/599 694/694/600 693/693/601
f 693/693/535 684/684/578 685/685/582
f 695/695/602 694/694/600 685/685/603
f 685/685/582 686/686/604 695/695/602
f 696/696/605 695/695/602 686/686/583
f 686/686/583 687/687/587 696/696/523
f 690/690/606 697/697/523 688/688/585
f 688/688/585 681/681/572 690/690/593
f 698/698/607 699/699/608 690/690/609
f 690/690/606 689/689/592 698/698/607
f 691/691/597 700/700/610 698/698/607
f 698/698/607 689/689/592 691/691/595
f 692/692/533 701/701/553 700/700/610
f 700/700/610 691/691/597 692/692/514
f 693/693/601 702/702/536 701/701/611
f 701/701/553 692/692/539 693/693/612
f 694/694/613 703/703/614 702/702/536
f 702/702/536 693/693/601 694/694/615
f 704/704/616 703/703/614 694/694/600
f 694/694/600 695/695/617 704/704/616
f 705/705/567 704/704/616 695/695/617
f 695/695/602 696/696/523 705/705/545
f 699/699/618 706/706/545 697/697/605
f 697/697/523 690/690/619 699/699/618
f 707/707/620 708/708/621 699/699/608
f 699/699/622 698/698/607 707/707/620
f 700/700/610 709/709/623 707/707/620
f 707/707/624 698/698/607 700/700/610
f 701/701/611 710/710/575 709/709/623
f 709/709/623 700/700/625 701/701/553
f 702/702/536 711/711/556 710/710/575
f 710/710/575 701/701/626 702/702/536
f 703/703/614 712/712/558 711/711/559
f 711/711/627 702/702/557 703/703/628
f 713/713/560 712/712/561 703/703/614
f 703/703/628 704/704/629 713/713/560
f 714/714/568 713/713/560 704/704/616
f 704/704/630 705/705/567 714/714/564
f 708/708/621 715/715/564 706/706/567
f 706/706/545 699/699/608 708/708/621
f 708/708/621 707/707/620 716/716/631
f 716/716/631 717/717/632 708/708/633
f 709/709/634 718/718/635 716/716/631
f 716/716/631 707/707/620 709/709/623
f 710/710/575 719/719/636 718/718/637
f 718/718/637 709/709/638 710/710/575
f 711/711/639 720/720/640 719/719/636
f 719/719/636 710/710/575 711/711/556
f 712/712/584 721/721/641 720/720/642
f 720/720/643 711/711/556 712/712/558
f 712/712/584 713/713/560 722/722/644
f 722/722/644 721/721/645 712/712/646
f 713/713/560 714/714/564 723/723/647
f 723/723/648 722/722/649 713/713/650
f 715/715/651 708/708/652 717/717/653
f 717/717/632 723/723/654 715/715/564
f 724/724/655 725/725/656 726/726/657
f 726/726/658 727/727/659 724/724/655
f 728/728/660 729/729/661 725/725/656
f 725/725/656 724/724/655 728/728/660
f 730/730/662 731/731/663 729/729/661
f 729/729/661 728/728/660 730/730/662
f 732/732/664 733/733/665 731/731/666
f 731/731/666 730/730/662 732/732/664
f 734/734/667 735/735/668 733/733/665
f 733/733/665 732/732/664 734/734/667
f 736/736/669 737/737/670 735/735/671
f 735/735/671 734/734/667 736/736/669
f 738/738/672 739/739/673 737/737/670
f 737/737/670 736/736/669 738/738/674
f 727/727/659 726/726/658 739/739/675
f 739/739/673 738/738/674 727/727/676
f 725/725/656 740/740/677 741/741/677
f 741/741/677 726/726/658 725/725/656
f 729/729/678 742/742/679 740/740/680
f 740/740/677 725/725/656 729/729/661
f 731/731/666 743/743/681 742/742/679
f 742/742/682 729/729/661 731/731/666
f 733/733/665 744/744/683 743/743/684
f 743/743/684 731/731/666 733/733/665
f 735/735/668 745/745/685 744/744/686
f 744/744/686 733/733/665 735/735/668
f 737/737/670 746/746/687 745/745/685
f 745/745/685 735/735/668 737/737/670
f 739/739/688 747/747/689 746/746/687
f 746/746/687 737/737/670 739/739/675
f 726/726/658 741/741/680 747/747/689
f 747/747/690 739/739/675 726/726/658
f 740/740/680 748/748/691 749/749/691
f 749/749/691 741/741/692 740/740/680
f 742/742/682 750/750/693 748/748/691
f 748/748/694 740/740/677 742/742/682
f 743/743/681 751/751/695 750/750/693
f 750/750/696 742/742/679 743/743/681
f 744/744/683 752/752/697 751/751/695
f 751/751/695 743/743/684 744/744/683
f 745/745/685 753/753/698 752/752/697
f 752/752/699 744/744/683 745/745/685
f 746/746/687 754/754/700 753/753/701
f 753/753/702 745/745/685 746/746/687
f 747/747/703 755/755/704 754/754/705
f 754/754/706 746/746/687 747/747/703
f 741/741/677 749/749/691 755/755/707
f 755/755/707 747/747/708 741/741/709
f 724/724/655 727/727/659 756/756/5
f 728/728/660 724/724/655 756/756/5
f 730/730/710 728/728/660 756/756/5
f 732/732/664 730/730/710 756/756/5
f 734/734/667 732/732/664 756/756/5
f 736/736/669 734/734/667 756/756/5
f 738/738/674 736/736/669 756/756/5
f 727/727/659 738/738/674 756/756/5
f 757/757/691 758/758/691 759/759/1
f 758/758/691 760/760/693 759/759/1
f 760/760/693 761/761/695 759/759/1
f 761/761/711 762/762/697 759/759/1
f 762/762/712 763/763/701 759/759/1
f 763/763/698 764/764/705 759/759/1
f 764/764/700 765/765/713 759/759/1
f 765/765/704 757/757/691 759/759/1
f 766/766/714 767/767/715 768/768/716
f 768/768/716 769/769/716 766/766/714
f 770/770/717 771/771/717 767/767/718
f 767/767/715 766/766/718 770/770/719
f 772/772/720 773/773/721 774/774/722
f 774/774/722 775/775/723 772/772/720
f 776/776/724 777/777/724 778/778/725
f 778/778/725 779/779/726 776/776/727
f 767/767/715 780/780/728 781/781/729
f 781/781/729 768/768/716 767/767/715
f 771/771/717 782/782/730 780/780/731
f 780/780/732 767/767/718 771/771/733
f 775/775/734 774/774/722 783/783/735
f 783/783/736 784/784/737 775/775/723
f 777/777/724 785/785/738 786/786/739
f 786/786/739 778/778/740 777/777/741
f 780/780/742 787/787/743 788/788/744
f 788/788/744 781/781/729 780/780/742
f 782/782/730 789/789/745 787/787/743
f 787/787/743 780/780/731 782/782/730
f 784/784/746 783/783/736 790/790/747
f 790/790/747 791/791/748 784/784/737
f 785/785/749 792/792/750 793/793/751
f 793/793/752 786/786/739 785/785/738
f 794/794/743 795/795/753 796/796/754
f 796/796/754 797/797/744 794/794/743
f 798/798/745 799/799/755 795/795/753
f 795/795/753 794/794/743 798/798/756
f 800/800/747 801/801/757 802/802/758
f 802/802/758 803/803/759 800/800/747
f 804/804/750 805/805/760 806/806/761
f 806/806/762 807/807/751 804/804/763
f 795/795/764 808/808/765 809/809/766
f 809/809/766 796/796/754 795/795/767
f 795/795/753 799/799/768 810/810/769
f 810/810/770 808/808/771 795/795/753
f 801/801/757 811/811/772 812/812/773
f 812/812/773 802/802/758 801/801/757
f 806/806/761 805/805/760 813/813/774
f 813/813/775 814/814/776 806/806/777
f 808/808/771 815/815/778 816/816/779
f 816/816/779 809/809/780 808/808/771
f 808/808/771 810/810/781 817/817/782
f 817/817/783 815/815/778 808/808/771
f 818/818/784 812/812/773 811/811/772
f 811/811/785 819/819/786 818/818/784
f 814/814/787 813/813/775 820/820/788
f 820/820/789 821/821/790 814/814/776
f 815/815/778 822/822/791 823/823/792
f 823/823/792 816/816/779 815/815/793
f 817/817/783 824/824/794 822/822/795
f 822/822/795 815/815/778 817/817/796
f 819/819/797 825/825/798 826/826/799
f 826/826/799 818/818/784 819/819/786
f 820/820/789 827/827/800 828/828/801
f 828/828/802 821/821/803 820/820/804
f 822/822/791 766/766/718 769/769/805
f 769/769/805 823/823/792 822/822/795
f 824/824/794 770/770/806 766/766/718
f 766/766/718 822/822/791 824/824/794
f 826/826/799 825/825/798 773/773/721
f 773/773/807 772/772/808 826/826/799
f 827/827/809 776/776/727 779/779/810
f 779/779/810 828/828/802 827/827/800
f 802/802/811 812/812/812 810/810/781
f 810/810/770 799/799/755 802/802/758
f 803/803/813 802/802/758 799/799/755
f 799/799/755 798/798/745 803/803/748
f 782/782/730 784/784/737 791/791/748
f 791/791/748 789/789/745 782/782/730
f 771/771/733 775/775/723 784/784/737
f 784/784/737 782/782/730 771/771/717
f 770/770/719 772/772/808 775/775/734
f 775/775/814 771/771/717 770/770/719
f 824/824/815 826/826/799 772/772/720
f 772/772/816 770/770/719 824/824/794
f 818/818/784 826/826/799 824/824/794
f 824/824/794 817/817/796 818/818/817
f 812/812/773 818/818/784 817/817/818
f 817/817/796 810/810/770 812/812/773
f 801/801/757 806/806/819 814/814/776
f 814/814/776 811/811/772 801/801/757
f 807/807/751 806/806/819 801/801/820
f 801/801/757 800/800/821 807/807/751
f 786/786/739 793/793/751 790/790/822
f 790/790/822 783/783/823 786/786/739
f 778/778/725 786/786/739 783/783/736
f 783/783/736 774/774/722 778/778/725
f 779/779/824 778/778/725 774/774/722
f 774/774/722 773/773/721 779/779/824
f 828/828/825 779/779/726 773/773/721
f 773/773/826 825/825/827 828/828/802
f 819/819/786 821/821/790 828/828/801
f 828/828/801 825/825/827 819/819/828
f 811/811/785 814/814/776 821/821/790
f 821/821/803 819/819/786 811/811/772
f 769/769/716 829/829/716 830/830/829
f 829/829/716 831/831/729 830/830/830
f 831/831/729 832/832/744 830/830/831
f 832/832/744 833/833/754 830/830/831
f 833/833/754 834/834/766 830/830/832
f 834/834/766 816/816/779 830/830/833
f 816/816/779 823/823/792 830/830/831
f 823/823/792 769/769/716 830/830/834
f 835/835/835 836/836/836 837/837/716
f 837/837/837 838/838/837 835/835/835
f 839/839/838 840/840/838 836/836/839
f 836/836/839 835/835/835 839/839/840
f 841/841/841 842/842/841 843/843/842
f 843/843/843 844/844/843 841/841/844
f 845/845/845 846/846/846 847/847/847
f 847/847/848 848/848/848 845/845/849
f 849/849/850 850/850/851 851/851/852
f 851/851/852 852/852/853 849/849/854
f 853/853/855 854/854/856 851/851/857
f 851/851/858 850/850/851 853/853/859
f 836/836/839 855/855/860 856/856/861
f 856/856/729 837/837/837 836/836/836
f 840/840/862 857/857/863 855/855/860
f 855/855/864 836/836/839 840/840/865
f 842/842/866 858/858/867 859/859/868
f 859/859/869 843/843/842 842/842/866
f 846/846/846 860/860/870 861/861/871
f 861/861/872 847/847/847 846/846/846
f 852/852/853 851/851/873 862/862/874
f 862/862/874 863/863/875 852/852/853
f 854/854/876 864/864/877 862/862/874
f 862/862/874 851/851/857 854/854/876
f 855/855/860 865/865/878 866/866/879
f 866/866/879 856/856/729 855/855/860
f 857/857/880 867/867/881 865/865/882
f 865/865/878 855/855/860 857/857/880
f 858/858/883 868/868/884 869/869/885
f 869/869/886 859/859/887 858/858/883
f 860/860/888 870/870/889 871/871/890
f 871/871/891 861/861/892 860/860/870
f 862/862/874 872/872/893 873/873/894
f 873/873/895 863/863/875 862/862/874
f 864/864/896 874/874/897 872/872/893
f 872/872/893 862/862/874 864/864/877
f 865/865/882 875/875/898 876/876/754
f 876/876/754 866/866/879 865/865/878
f 867/867/899 877/877/900 875/875/898
f 875/875/898 865/865/878 867/867/899
f 868/868/901 878/878/902 879/879/903
f 879/879/904 869/869/905 868/868/901
f 870/870/889 880/880/906 881/881/907
f 881/881/908 871/871/909 870/870/910
f 872/872/911 882/882/912 883/883/913
f 883/883/914 873/873/915 872/872/911
f 872/872/911 874/874/916 884/884/917
f 884/884/917 882/882/912 872/872/893
f 875/875/898 885/885/918 886/886/919
f 886/886/766 876/876/754 875/875/898
f 875/875/898 877/877/920 887/887/921
f 887/887/922 885/885/923 875/875/898
f 878/878/924 888/888/925 889/889/926
f 889/889/926 879/879/903 878/878/924
f 881/881/907 880/880/927 890/890/928
f 890/890/929 891/891/930 881/881/931
f 882/882/912 892/892/932 893/893/933
f 893/893/933 883/883/914 882/882/934
f 882/882/912 884/884/935 894/894/936
f 894/894/936 892/892/932 882/882/912
f 885/885/918 895/895/937 896/896/779
f 896/896/938 886/886/766 885/885/918
f 885/885/923 887/887/922 897/897/939
f 897/897/940 895/895/941 885/885/918
f 889/889/942 888/888/943 898/898/944
f 898/898/945 899/899/946 889/889/947
f 891/891/948 890/890/949 900/900/950
f 900/900/951 901/901/952 891/891/953
f 902/902/954 893/893/933 892/892/955
f 892/892/932 903/903/956 902/902/954
f 892/892/932 894/894/957 904/904/958
f 904/904/958 903/903/956 892/892/932
f 895/895/937 905/905/959 906/906/792
f 906/906/792 896/896/938 895/895/941
f 897/897/940 907/907/960 905/905/959
f 905/905/959 895/895/941 897/897/940
f 898/898/945 908/908/961 909/909/962
f 909/909/963 899/899/964 898/898/965
f 900/900/951 910/910/966 911/911/967
f 911/911/968 901/901/969 900/900/970
f 903/903/956 912/912/971 913/913/972
f 913/913/973 902/902/974 903/903/956
f 903/903/975 904/904/976 914/914/977
f 914/914/977 912/912/971 903/903/978
f 915/915/979 835/835/835 838/838/837
f 838/838/980 916/916/981 915/915/979
f 917/917/982 839/839/983 835/835/984
f 835/835/835 915/915/959 917/917/985
f 918/918/986 841/841/844 844/844/987
f 844/844/843 919/919/962 918/918/961
f 920/920/988 845/845/849 848/848/989
f 848/848/989 921/921/990 920/920/988
f 922/922/971 850/850/851 849/849/850
f 849/849/854 923/923/972 922/922/971
f 924/924/977 853/853/859 850/850/991
f 850/850/851 922/922/971 924/924/992
f 879/879/993 889/889/942 887/887/922
f 887/887/922 877/877/920 879/879/903
f 869/869/885 879/879/903 877/877/920
f 877/877/920 867/867/899 869/869/885
f 859/859/868 869/869/885 867/867/899
f 867/867/899 857/857/880 859/859/868
f 843/843/842 859/859/868 857/857/880
f 857/857/880 840/840/994 843/843/842
f 844/844/843 843/843/842 840/840/994
f 840/840/994 839/839/840 844/844/843
f 919/919/962 844/844/843 839/839/995
f 839/839/840 917/917/960 919/919/996
f 899/899/964 909/909/962 907/907/960
f 907/907/982 897/897/940 899/899/997
f 889/889/998 899/899/964 897/897/940
f 897/897/940 887/887/922 889/889/942
f 878/878/924 881/881/931 891/891/999
f 891/891/1000 888/888/943 878/878/924
f 871/871/909 881/881/907 878/878/924
f 878/878/924 868/868/901 871/871/1001
f 861/861/892 871/871/909 868/868/901
f 868/868/901 858/858/1002 861/861/892
f 847/847/847 861/861/871 858/858/1002
f 858/858/1002 842/842/866 847/847/847
f 848/848/989 847/847/847 842/842/866
f 842/842/866 841/841/844 848/848/989
f 921/921/990 848/848/989 841/841/844
f 841/841/1003 918/918/961 921/921/990
f 901/901/1004 911/911/1005 908/908/961
f 908/908/986 898/898/945 901/901/952
f 888/888/1006 891/891/1007 901/901/1004
f 901/901/1008 898/898/965 888/888/943
f 883/883/914 893/893/933 890/890/929
f 890/890/929 880/880/906 883/883/914
f 873/873/894 883/883/913 880/880/906
f 880/880/906 870/870/889 873/873/894
f 863/863/1009 873/873/894 870/870/889
f 870/870/889 860/860/870 863/863/875
f 846/846/846 852/852/1010 863/863/1011
f 863/863/1011 860/860/870 846/846/846
f 845/845/849 849/849/854 852/852/1010
f 852/852/1012 846/846/846 845/845/1013
f 923/923/972 849/849/854 845/845/849
f 845/845/1014 920/920/988 923/923/972
f 902/902/974 913/913/972 910/910/988
f 910/910/988 900/900/951 902/902/954
f 893/893/933 902/902/954 900/900/951
f 900/900/951 890/890/949 893/893/933
f 925/925/837 926/926/716 927/927/830
f 926/926/837 856/856/1015 927/927/829
f 856/856/729 866/866/879 927/927/831
f 866/866/879 876/876/754 927/927/1016
f 876/876/754 928/928/766 927/927/830
f 928/928/780 929/929/779 927/927/829
f 929/929/938 930/930/792 927/927/831
f 930/930/792 925/925/837 927/927/831
f 931/931/835 932/932/836 933/933/716
f 933/933/837 934/934/837 931/931/835
f 935/935/1017 936/936/838 932/932/839
f 932/932/839 931/931/835 935/935/840
f 937/937/844 938/938/866 939/939/842
f 939/939/1018 940/940/1019 937/937/844
f 941/941/845 942/942/846 943/943/1020
f 943/943/1021 944/944/989 941/941/1014
f 945/945/854 946/946/1022 947/947/873
f 947/947/873 948/948/1010 945/945/1023
f 949/949/855 950/950/1024 947/947/873
f 947/947/873 946/946/1022 949/949/855
f 932/932/839 951/951/860 952/952/861
f 952/952/729 933/933/716 932/932/836
f 936/936/994 953/953/880 951/951/860
f 951/951/864 932/932/839 936/936/865
f 938/938/1025 954/954/1002 955/955/869
f 955/955/1026 939/939/842 938/938/1027
f 942/942/846 956/956/1028 957/957/872
f 957/957/1029 943/943/847 942/942/1030
f 948/948/1010 947/947/857 958/958/1031
f 958/958/874 959/959/875 948/948/1010
f 950/950/1024 960/960/1032 958/958/1031
f 958/958/1031 947/947/873 950/950/856
f 951/951/860 961/961/1033 962/962/744
f 962/962/744 952/952/729 951/951/860
f 953/953/880 963/963/899 961/961/1033
f 961/961/1034 951/951/860 953/953/880
f 954/954/1002 964/964/884 965/965/885
f 965/965/1035 955/955/868 954/954/1002
f 956/956/888 966/966/889 967/967/891
f 967/967/1036 957/957/892 956/956/1028
f 958/958/874 968/968/911 969/969/1037
f 969/969/1037 959/959/875 958/958/874
f 960/960/896 970/970/897 968/968/911
f 968/968/911 958/958/1031 960/960/1038
f 961/961/1033 971/971/898 972/972/754
f 972/972/754 962/962/879 961/961/1033
f 963/963/899 973/973/920 971/971/898
f 971/971/898 961/961/1033 963/963/899
f 964/964/884 974/974/1039 975/975/903
f 975/975/1040 965/965/886 964/964/1041
f 966/966/1042 976/976/927 977/977/1043
f 977/977/1044 967/967/909 966/966/889
f 968/968/911 978/978/1045 979/979/913
f 979/979/914 969/969/1046 968/968/911
f 968/968/911 970/970/916 980/980/917
f 980/980/1047 978/978/1045 968/968/911
f 971/971/898 981/981/918 982/982/919
f 982/982/766 972/972/1048 971/971/898
f 971/971/898 973/973/920 983/983/1049
f 983/983/922 981/981/918 971/971/898
f 974/974/1039 984/984/925 985/985/942
f 985/985/1050 975/975/903 974/974/1039
f 977/977/1043 976/976/1051 986/986/1052
f 986/986/929 987/987/1000 977/977/1053
f 978/978/1054 988/988/932 989/989/1055
f 989/989/1056 979/979/913 978/978/1045
f 978/978/1045 980/980/1047 990/990/936
f 990/990/1057 988/988/932 978/978/1045
f 981/981/918 991/991/941 992/992/779
f 992/992/938 982/982/780 981/981/918
f 981/981/923 983/983/922 993/993/1058
f 993/993/940 991/991/941 981/981/918
f 985/985/926 984/984/925 994/994/1059
f 994/994/965 995/995/946 985/985/1060
f 987/987/948 986/986/1061 996/996/1062
f 996/996/951 997/997/952 987/987/1000
f 998/998/1063 989/989/1064 988/988/1065
f 988/988/932 999/999/956 998/998/954
f 988/988/955 990/990/1066 1000/1000/976
f 1000/1000/976 999/999/956 988/988/932
f 991/991/941 1001/1001/959 1002/1002/792
f 1002/1002/792 992/992/938 991/991/941
f 993/993/940 1003/1003/960 1001/1001/959
f 1001/1001/959 991/991/941 993/993/940
f 994/994/1059 1004/1004/1067 1005/1005/962
f 1005/1005/962 995/995/1068 994/994/1059
f 996/996/951 1006/1006/966 1007/1007/1069
f 1007/1007/1069 997/997/952 996/996/951
f 999/999/956 1008/1008/1070 1009/1009/1071
f 1009/1009/972 998/998/1072 999/999/956
f 999/999/975 1000/1000/1073 1010/1010/977
f 1010/1010/977 1008/1008/1070 999/999/956
f 1011/1011/979 931/931/835 934/934/837
f 934/934/1074 1012/1012/1075 1011/1011/979
f 1013/1013/982 935/935/995 931/931/1076
f 931/931/835 1011/1011/959 1013/1013/960
f 1014/1014/1077 937/937/844 940/940/987
f 940/940/1078 1015/1015/962 1014/1014/1067
f 1016/1016/988 941/941/849 944/944/989
f 944/944/989 1017/1017/990 1016/1016/966
f 1018/1018/1070 946/946/1079 945/945/854
f 945/945/854 1019/1019/1071 1018/1018/1080
f 1020/1020/977 949/949/855 946/946/1081
f 946/946/1022 1018/1018/1080 1020/1020/977
f 975/975/903 985/985/942 983/983/922
f 983/983/922 973/973/920 975/975/903
f 965/965/886 975/975/903 973/973/920
f 973/973/920 963/963/1082 965/965/905
f 955/955/868 965/965/885 963/963/899
f 963/963/899 953/953/1083 955/955/1084
f 939/939/1085 955/955/868 953/953/880
f 953/953/880 936/936/994 939/939/1086
f 940/940/1019 939/939/842 936/936/1087
f 936/936/838 935/935/840 940/940/1019
f 1015/1015/1088 940/940/1019 935/935/995
f 935/935/840 1013/1013/982 1015/1015/996
f 995/995/946 1005/1005/962 1003/1003/982
f 1003/1003/960 993/993/940 995/995/997
f 985/985/947 995/995/946 993/993/940
f 993/993/940 983/983/922 985/985/942
f 974/974/1039 977/977/1053 987/987/1000
f 987/987/1000 984/984/925 974/974/1039
f 967/967/909 977/977/1089 974/974/1039
f 974/974/1039 964/964/901 967/967/909
f 957/957/1090 967/967/890 964/964/884
f 964/964/884 954/954/1002 957/957/892
f 943/943/847 957/957/872 954/954/1002
f 954/954/1002 938/938/1027 943/943/847
f 944/944/989 943/943/847 938/938/1025
f 938/938/1025 937/937/844 944/944/989
f 1017/1017/1091 944/944/1092 937/937/844
f 937/937/844 1014/1014/1067 1017/1017/990
f 997/997/952 1007/1007/1093 1004/1004/1067
f 1004/1004/1077 994/994/965 997/997/952
f 984/984/925 987/987/948 997/997/952
f 997/997/1008 994/994/1059 984/984/925
f 979/979/1094 989/989/1064 986/986/929
f 986/986/929 976/976/1095 979/979/913
f 969/969/1037 979/979/913 976/976/1051
f 976/976/927 966/966/889 969/969/1037
f 959/959/1096 969/969/1037 966/966/889
f 966/966/889 956/956/1028 959/959/1011
f 942/942/846 948/948/1010 959/959/875
f 959/959/875 956/956/1028 942/942/1013
f 941/941/849 945/945/854 948/948/1010
f 948/948/1097 942/942/846 941/941/1030
f 1019/1019/1071 945/945/854 941/941/849
f 941/941/849 1016/1016/988 1019/1019/972
f 998/998/974 1009/1009/1071 1006/1006/966
f 1006/1006/966 996/996/951 998/998/954
f 989/989/1055 998/998/954 996/996/951
f 996/996/951 986/986/1098 989/989/1056
f 1021/1021/837 1022/1022/716 1023/1023/829
f 1022/1022/1074 952/952/729 1023/1023/830
f 952/952/729 962/962/744 1023/1023/1016
f 962/962/744 972/972/754 1023/1023/831
f 972/972/754 1024/1024/766 1023/1023/24
f 1024/1024/766 1025/1025/938 1023/1023/24
f 1025/1025/938 1026/1026/792 1023/1023/831
f 1026/1026/792 1021/1021/837 1023/1023/1016
f 1027/1027/718 1028/1028/718 1029/1029/716
f 1029/1029/716 1030/1030/716 1027/1027/718
f 1031/1031/733 1032/1032/733 1028/1028/718
f 1028/1028/718 1027/1027/718 1031/1031/1099
f 1033/1033/808 1034/1034/826 1035/1035/722
f 1035/1035/722 1036/1036/1100 1033/1033/808
f 1037/1037/1101 1038/1038/1102 1039/1039/725
f 1039/1039/1103 1040/1040/1103 1037/1037/727
f 1028/1028/718 1041/1041/731 1042/1042/729
f 1042/1042/729 1029/1029/837 1028/1028/718
f 1032/1032/1104 1043/1043/1105 1041/1041/731
f 1041/1041/1106 1028/1028/718 1032/1032/717
f 1036/1036/734 1035/1035/722 1044/1044/736
f 1044/1044/736 1045/1045/1107 1036/1036/1100
f 1038/1038/724 1046/1046/1108 1047/1047/739
f 1047/1047/1109 1039/1039/725 1038/1038/1110
f 1041/1041/731 1048/1048/743 1049/1049/879
f 1049/1049/879 1042/1042/729 1041/1041/1106
f 1043/1043/730 1050/1050/1111 1048/1048/743
f 1048/1048/1112 1041/1041/1106 1043/1043/1113
f 1045/1045/746 1044/1044/736 1051/1051/1114
f 1051/1051/1115 1052/1052/1116 1045/1045/737
f 1046/1046/738 1053/1053/1117 1054/1054/1118
f 1054/1054/1118 1047/1047/739 1046/1046/1119
f 1055/1055/1112 1056/1056/1120 1057/1057/754
f 1057/1057/754 1058/1058/879 1055/1055/743
f 1059/1059/745 1060/1060/1121 1056/1056/1120
f 1056/1056/1120 1055/1055/743 1059/1059/1122
f 1061/1061/1115 1062/1062/820 1063/1063/758
f 1063/1063/758 1064/1064/813 1061/1061/747
f 1065/1065/1117 1066/1066/1123 1067/1067/761
f 1067/1067/1124 1068/1068/1125 1065/1065/1126
f 1056/1056/1127 1069/1069/771 1070/1070/766
f 1070/1070/766 1057/1057/754 1056/1056/1128
f 1056/1056/1120 1060/1060/755 1071/1071/1129
f 1071/1071/781 1069/1069/1130 1056/1056/1120
f 1062/1062/757 1072/1072/772 1073/1073/773
f 1073/1073/773 1063/1063/758 1062/1062/1131
f 1067/1067/761 1066/1066/1132 1074/1074/1133
f 1074/1074/775 1075/1075/1134 1067/1067/819
f 1069/1069/771 1076/1076/778 1077/1077/779
f 1077/1077/779 1070/1070/919 1069/1069/1135
f 1069/1069/771 1071/1071/781 1078/1078/783
f 1078/1078/796 1076/1076/778 1069/1069/771
f 1079/1079/784 1073/1073/773 1072/1072/785
f 1072/1072/785 1080/1080/1136 1079/1079/784
f 1075/1075/1137 1074/1074/775 1081/1081/1138
f 1081/1081/789 1082/1082/1139 1075/1075/1137
f 1076/1076/778 1083/1083/1140 1084/1084/792
f 1084/1084/792 1077/1077/938 1076/1076/1141
f 1078/1078/796 1085/1085/794 1083/1083/1140
f 1083/1083/1142 1076/1076/1143 1078/1078/796
f 1080/1080/797 1086/1086/827 1087/1087/799
f 1087/1087/799 1079/1079/784 1080/1080/786
f 1081/1081/789 1088/1088/1144 1089/1089/802
f 1089/1089/801 1082/1082/1145 1081/1081/789
f 1083/1083/1140 1027/1027/718 1030/1030/805
f 1030/1030/716 1084/1084/1146 1083/1083/1142
f 1085/1085/794 1031/1031/1099 1027/1027/718
f 1027/1027/1147 1083/1083/1140 1085/1085/1148
f 1087/1087/799 1086/1086/1149 1034/1034/807
f 1034/1034/1150 1033/1033/808 1087/1087/1151
f 1088/1088/1152 1037/1037/1102 1040/1040/824
f 1040/1040/824 1089/1089/802 1088/1088/1144
f 1063/1063/758 1073/1073/773 1071/1071/770
f 1071/1071/781 1060/1060/755 1063/1063/758
f 1064/1064/1116 1063/1063/758 1060/1060/1153
f 1060/1060/1154 1059/1059/745 1064/1064/748
f 1043/1043/730 1045/1045/746 1052/1052/813
f 1052/1052/1116 1050/1050/745 1043/1043/730
f 1032/1032/717 1036/1036/734 1045/1045/737
f 1045/1045/737 1043/1043/730 1032/1032/719
f 1031/1031/1099 1033/1033/808 1036/1036/734
f 1036/1036/1155 1032/1032/717 1031/1031/1099
f 1085/1085/1148 1087/1087/1156 1033/1033/720
f 1033/1033/808 1031/1031/1099 1085/1085/1148
f 1079/1079/784 1087/1087/1156 1085/1085/1148
f 1085/1085/1148 1078/1078/1157 1079/1079/784
f 1073/1073/773 1079/1079/784 1078/1078/796
f 1078/1078/796 1071/1071/770 1073/1073/773
f 1062/1062/820 1067/1067/761 1075/1075/1137
f 1075/1075/776 1072/1072/785 1062/1062/820
f 1068/1068/751 1067/1067/761 1062/1062/757
f 1062/1062/757 1061/1061/1158 1068/1068/1118
f 1047/1047/739 1054/1054/1118 1051/1051/747
f 1051/1051/1115 1044/1044/736 1047/1047/1159
f 1039/1039/725 1047/1047/739 1044/1044/736
f 1044/1044/736 1035/1035/1160 1039/1039/725
f 1040/1040/824 1039/1039/725 1035/1035/722
f 1035/1035/722 1034/1034/807 1040/1040/824
f 1089/1089/802 1040/1040/726 1034/1034/1150
f 1034/1034/807 1086/1086/827 1089/1089/802
f 1080/1080/786 1082/1082/803 1089/1089/802
f 1089/1089/1161 1086/1086/827 1080/1080/786
f 1072/1072/1162 1075/1075/776 1082/1082/803
f 1082/1082/790 1080/1080/786 1072/1072/1163
f 1030/1030/837 1090/1090/805 1091/1091/830
f 1090/1090/716 1092/1092/861 1091/1091/830
f 1092/1092/729 1093/1093/744 1091/1091/831
f 1093/1093/879 1094/1094/754 1091/1091/831
f 1094/1094/754 1095/1095/766 1091/1091/830
f 1095/1095/780 1077/1077/779 1091/1091/829
f 1077/1077/779 1084/1084/792 1091/1091/831
f 1084/1084/792 1030/1030/716 1091/1091/831
