# Blender 3.4.1
# www.blender.org
mtllib pblauncher_1jar.mtl
o pblauncher_1jar
v -8.393029 -0.076455 1.973201
v -8.265401 0.099210 1.973001
v -8.289741 0.132609 1.886571
v -8.432411 -0.063760 1.886801
v -8.058894 0.166308 1.972921
v -8.058894 0.207616 1.886491
v -7.852387 0.099210 1.973001
v -7.828048 0.132609 1.886571
v -7.724760 -0.076455 1.973201
v -7.685380 -0.063760 1.886801
v -7.724760 -0.293590 1.973461
v -7.685380 -0.306487 1.887091
v -7.852387 -0.469255 1.973661
v -7.828048 -0.502856 1.887321
v -8.058894 -0.536353 1.973741
v -8.058894 -0.577863 1.887411
v -8.058894 -0.536353 1.973741
v -8.265401 -0.469255 1.973661
v -8.289741 -0.502856 1.887321
v -8.058894 -0.577863 1.887411
v -8.393028 -0.293590 1.973461
v -8.432411 -0.306487 1.887091
v -8.265401 0.099210 1.973001
v -8.393029 -0.076455 1.973201
v -8.058894 -0.185078 1.926011
v -8.058894 0.166308 1.972921
v -7.852387 0.099210 1.973001
v -7.724760 -0.076455 1.973201
v -7.724760 -0.293590 1.973461
v -7.852387 -0.469255 1.973661
v -8.058894 -0.536353 1.973741
v -8.265401 -0.469255 1.973661
v -8.393028 -0.293590 1.973461
v -8.058894 -0.186136 1.023101
v -8.427608 -0.066333 1.022960
v -8.286773 0.127512 1.022733
v -8.058894 0.201554 1.022647
v -7.831016 0.127512 1.022733
v -7.690180 -0.066333 1.022960
v -7.690180 -0.305938 1.023241
v -7.831016 -0.499782 1.023468
v -8.058894 -0.573824 1.023555
v -8.286773 -0.499782 1.023468
v -8.427608 -0.305938 1.023241
v -8.427608 -0.066333 1.022960
v -8.427608 -0.066141 1.186491
v -8.286773 0.127704 1.186261
v -8.286773 0.127512 1.022733
v -8.427608 -0.305938 1.023241
v -8.427608 -0.305746 1.186771
v -8.286773 -0.499782 1.023468
v -8.286773 -0.499591 1.186991
v -8.058894 -0.573824 1.023555
v -8.058894 -0.573633 1.187081
v -7.831016 -0.499782 1.023468
v -7.831016 -0.499591 1.186991
v -8.058894 -0.573633 1.187081
v -8.058894 -0.573824 1.023555
v -7.690180 -0.305938 1.023241
v -7.690180 -0.305746 1.186771
v -7.690180 -0.066333 1.022960
v -7.690180 -0.066141 1.186491
v -7.831016 0.127512 1.022733
v -7.831016 0.127704 1.186261
v -8.058894 0.201554 1.022647
v -8.058894 0.201746 1.186171
v -8.427608 -0.066085 1.234711
v -8.286773 0.127760 1.234491
v -8.263742 0.096004 1.185101
v -8.390346 -0.078250 1.185311
v -8.390346 -0.293640 1.185561
v -8.427608 -0.305690 1.234991
v -8.263742 -0.467894 1.185761
v -8.286773 -0.499534 1.235221
v -8.058894 -0.534453 1.185841
v -8.058894 -0.573576 1.235311
v -7.854045 -0.467894 1.185761
v -7.831016 -0.499534 1.235221
v -8.058894 -0.573576 1.235311
v -8.058894 -0.534453 1.185841
v -7.727439 -0.293640 1.185561
v -7.690180 -0.305690 1.234991
v -7.727439 -0.078251 1.185311
v -7.690180 -0.066085 1.234711
v -7.854045 0.096004 1.185101
v -7.831016 0.127760 1.234491
v -8.058894 0.162564 1.185031
v -8.058894 0.201802 1.234401
v -8.427608 -0.066141 1.186491
v -8.390346 -0.078250 1.185311
v -8.263742 0.096004 1.185101
v -8.286773 0.127704 1.186261
v -8.427608 -0.305746 1.186771
v -8.390346 -0.293640 1.185561
v -8.286773 -0.499591 1.186991
v -8.263742 -0.467894 1.185761
v -8.058894 -0.573633 1.187081
v -8.058894 -0.534453 1.185841
v -7.831016 -0.499591 1.186991
v -7.854045 -0.467894 1.185761
v -7.690180 -0.305746 1.186771
v -7.727439 -0.293640 1.185561
v -7.690180 -0.066141 1.186491
v -7.727439 -0.078251 1.185311
v -7.831016 0.127704 1.186261
v -7.854045 0.096004 1.185101
v -8.058894 0.201746 1.186171
v -8.058894 0.162564 1.185031
v -9.132384 -0.104252 1.973231
v -9.004757 0.071413 1.973031
v -9.029097 0.104813 1.886611
v -9.171767 -0.091557 1.886841
v -8.798249 0.138511 1.972951
v -8.798249 0.179820 1.886521
v -8.591743 0.071413 1.973031
v -8.567403 0.104813 1.886611
v -8.464114 -0.104252 1.973231
v -8.424731 -0.091557 1.886841
v -8.464114 -0.321386 1.973491
v -8.424731 -0.334283 1.887121
v -8.591743 -0.497051 1.973691
v -8.567403 -0.530653 1.887351
v -8.798249 -0.564148 1.973771
v -8.798249 -0.605659 1.887441
v -8.798249 -0.564148 1.973771
v -9.004757 -0.497051 1.973691
v -9.029096 -0.530653 1.887351
v -8.798249 -0.605659 1.887441
v -9.132384 -0.321386 1.973491
v -9.171766 -0.334283 1.887121
v -9.004757 0.071413 1.973031
v -9.132384 -0.104252 1.973231
v -8.798249 -0.212874 1.926041
v -8.798249 0.138511 1.972951
v -8.591743 0.071413 1.973031
v -8.464114 -0.104252 1.973231
v -8.464114 -0.321386 1.973491
v -8.591743 -0.497051 1.973691
v -8.798249 -0.564148 1.973771
v -9.004757 -0.497051 1.973691
v -9.132384 -0.321386 1.973491
v -8.798249 -0.213932 1.023133
v -9.166965 -0.094129 1.022993
v -9.026128 0.099716 1.022766
v -8.798249 0.173758 1.022679
v -8.570372 0.099716 1.022766
v -8.429535 -0.094129 1.022993
v -8.429535 -0.333735 1.023273
v -8.570372 -0.527578 1.023500
v -8.798249 -0.601621 1.023587
v -9.026128 -0.527578 1.023500
v -9.166965 -0.333735 1.023273
v -9.166965 -0.094129 1.022993
v -9.166965 -0.093937 1.186521
v -9.026128 0.099908 1.186291
v -9.026128 0.099716 1.022766
v -9.166965 -0.333735 1.023273
v -9.166965 -0.333543 1.186801
v -9.026128 -0.527578 1.023500
v -9.026128 -0.527387 1.187031
v -8.798249 -0.601621 1.023587
v -8.798249 -0.601430 1.187111
v -8.570372 -0.527578 1.023500
v -8.570372 -0.527387 1.187031
v -8.798249 -0.601430 1.187111
v -8.798249 -0.601621 1.023587
v -8.429535 -0.333735 1.023273
v -8.429535 -0.333543 1.186801
v -8.429535 -0.094129 1.022993
v -8.429535 -0.093937 1.186521
v -8.570372 0.099716 1.022766
v -8.570372 0.099908 1.186291
v -8.798249 0.173758 1.022679
v -8.798249 0.173950 1.186211
v -9.166965 -0.093881 1.234741
v -9.026128 0.099964 1.234521
v -9.003098 0.068208 1.185141
v -9.129702 -0.106047 1.185341
v -9.129702 -0.321436 1.185591
v -9.166965 -0.333487 1.235031
v -9.003098 -0.495691 1.185801
v -9.026128 -0.527330 1.235251
v -8.798249 -0.562250 1.185871
v -8.798249 -0.601373 1.235341
v -8.593401 -0.495691 1.185801
v -8.570372 -0.527330 1.235251
v -8.798249 -0.601373 1.235341
v -8.798249 -0.562250 1.185871
v -8.466798 -0.321436 1.185591
v -8.429535 -0.333487 1.235031
v -8.466798 -0.106047 1.185341
v -8.429535 -0.093881 1.234741
v -8.593401 0.068208 1.185141
v -8.570372 0.099964 1.234521
v -8.798249 0.134767 1.185061
v -8.798249 0.174005 1.234431
v -9.166965 -0.093937 1.186521
v -9.129702 -0.106047 1.185341
v -9.003098 0.068208 1.185141
v -9.026128 0.099908 1.186291
v -9.166965 -0.333543 1.186801
v -9.129702 -0.321436 1.185591
v -9.026128 -0.527387 1.187031
v -9.003098 -0.495691 1.185801
v -8.798249 -0.601430 1.187111
v -8.798249 -0.562250 1.185871
v -8.570372 -0.527387 1.187031
v -8.593401 -0.495691 1.185801
v -8.429535 -0.333543 1.186801
v -8.466798 -0.321436 1.185591
v -8.429535 -0.093937 1.186521
v -8.466798 -0.106047 1.185341
v -8.570372 0.099908 1.186291
v -8.593401 0.068208 1.185141
v -8.798249 0.173950 1.186211
v -8.798249 0.134767 1.185061
v -9.620330 -0.142227 -2.226929
v -9.138306 -0.115964 -2.226959
v -9.138306 -0.319512 -2.226719
v -9.620330 -0.293249 -2.226749
v -9.620330 -0.067525 -1.650579
v -9.138306 -0.015392 -1.545579
v -9.138306 -0.015482 -1.622639
v -9.620330 -0.067601 -1.715749
v -10.175130 -0.141388 -1.510599
v -10.250950 -0.141435 -1.550379
v -10.250950 -0.292456 -1.550199
v -10.175130 -0.292410 -1.510419
v -9.620330 -0.366601 -1.650229
v -9.620330 -0.366677 -1.715399
v -9.138306 -0.418578 -1.622169
v -9.138306 -0.418488 -1.545109
v -9.620330 -0.141552 -1.650499
v -9.691631 -0.141552 -1.650499
v -9.691631 -0.292574 -1.650319
v -9.620330 -0.292574 -1.650319
v -9.620330 -0.141628 -1.715669
v -9.691631 -0.141628 -1.715669
v -9.691631 -0.141552 -1.650499
v -9.620330 -0.141552 -1.650499
v -9.691631 -0.293249 -2.226749
v -9.691631 -0.142227 -2.226929
v -9.620330 -0.292574 -1.650319
v -9.691631 -0.292574 -1.650319
v -9.691631 -0.292650 -1.715489
v -9.620330 -0.292650 -1.715489
v -9.739407 -0.061300 -1.738729
v -10.214829 -0.061135 -1.598229
v -10.150379 -0.061096 -1.564409
v -9.739407 -0.061235 -1.683329
v -9.739407 -0.373032 -1.738359
v -9.739407 -0.372967 -1.682959
v -10.150379 -0.372828 -1.564039
v -10.214829 -0.372867 -1.597859
v -10.288250 -0.293096 -2.095899
v -10.288250 -0.142074 -2.096079
v -9.138306 -0.115166 -1.545469
v -9.138306 -0.015392 -1.545579
v -9.620330 -0.067525 -1.650579
v -9.620330 -0.068200 -2.227009
v -9.138306 -0.016190 -2.227069
v -9.138306 -0.318714 -1.545229
v -9.620330 -0.366601 -1.650229
v -9.138306 -0.418488 -1.545109
v -9.138306 -0.419286 -2.226599
v -9.620330 -0.367276 -2.226659
v -9.691631 -0.141628 -1.715669
v -9.691631 -0.141552 -1.650499
v -10.288250 -0.142074 -2.096079
v -10.246530 -0.061678 -2.062069
v -9.739407 -0.061809 -2.173299
v -9.691631 -0.142227 -2.226929
v -10.175130 -0.141388 -1.510599
v -10.250950 -0.141435 -1.550379
v -9.691631 -0.292650 -1.715489
v -9.691631 -0.292574 -1.650319
v -10.175130 -0.292410 -1.510419
v -10.250950 -0.292456 -1.550199
v -10.288250 -0.293096 -2.095899
v -9.691631 -0.293249 -2.226749
v -9.739407 -0.373541 -2.172929
v -10.246530 -0.373411 -2.061699
v -9.620330 -0.068127 -2.164639
v -9.138306 -0.016103 -2.153329
v -9.138306 -0.016190 -2.227069
v -9.620330 -0.068200 -2.227009
v -9.620330 -0.142154 -2.164559
v -9.620330 -0.142227 -2.226929
v -9.691631 -0.142227 -2.226929
v -9.691631 -0.142154 -2.164559
v -9.691631 -0.142154 -2.164559
v -9.739407 -0.061747 -2.120279
v -10.280860 -0.061606 -2.000499
v -10.328640 -0.141989 -2.023639
v -10.328640 -0.141989 -2.023639
v -10.328640 -0.293011 -2.023459
v -10.328640 -0.293011 -2.023459
v -10.280860 -0.373338 -2.000129
v -9.739407 -0.373479 -2.119909
v -9.691631 -0.293176 -2.164379
v -9.620330 -0.293176 -2.164379
v -9.691631 -0.293176 -2.164379
v -9.691631 -0.293249 -2.226749
v -9.620330 -0.293249 -2.226749
v -9.620330 -0.367276 -2.226659
v -9.620330 -0.367203 -2.164289
v -9.138306 -0.419286 -2.226599
v -9.138306 -0.419199 -2.152859
v -9.251729 0.118124 3.229761
v -9.251729 0.116635 1.957921
v -9.331346 -0.039623 1.958111
v -9.331346 -0.038134 3.229951
v -9.127722 0.242131 3.229621
v -9.127722 0.240642 1.957781
v -8.971462 0.321748 3.229531
v -8.971462 0.320259 1.957691
v -8.798249 0.349183 3.229491
v -8.798249 0.347694 1.957651
v -8.625036 0.321748 3.229531
v -8.625036 0.320259 1.957691
v -8.468778 0.242131 3.229621
v -8.468778 0.240642 1.957781
v -8.344770 0.118124 3.229761
v -8.344770 0.116635 1.957921
v -8.265154 -0.038135 3.229951
v -8.265154 -0.039624 1.958111
v -8.237720 -0.211348 3.230151
v -8.237720 -0.212836 1.958311
v -8.265154 -0.384560 3.230351
v -8.265154 -0.386049 1.958511
v -8.344770 -0.540820 3.230541
v -8.344770 -0.542308 1.958701
v -8.468778 -0.664827 3.230681
v -8.468778 -0.666315 1.958841
v -8.625036 -0.744443 3.230770
v -8.625036 -0.745932 1.958931
v -8.798249 -0.771877 3.230810
v -8.798249 -0.773366 1.958971
v -8.971462 -0.744443 3.230770
v -8.971462 -0.745932 1.958931
v -8.798249 -0.773366 1.958971
v -8.798249 -0.771877 3.230810
v -9.127721 -0.664827 3.230681
v -9.127721 -0.666315 1.958841
v -9.251729 -0.540819 3.230541
v -9.251729 -0.542307 1.958701
v -9.331346 -0.384560 3.230351
v -9.331346 -0.386049 1.958511
v -9.358780 -0.211348 3.230151
v -9.358780 -0.212836 1.958311
v -9.251729 0.118124 3.229761
v -9.331346 -0.038134 3.229951
v -8.798249 -0.211348 3.230151
v -9.127722 0.242131 3.229621
v -8.971462 0.321748 3.229531
v -8.798249 0.349183 3.229491
v -8.625036 0.321748 3.229531
v -8.468778 0.242131 3.229621
v -8.344770 0.118124 3.229761
v -8.265154 -0.038135 3.229951
v -8.237720 -0.211348 3.230151
v -8.265154 -0.384560 3.230351
v -8.344770 -0.540820 3.230541
v -8.468778 -0.664827 3.230681
v -8.625036 -0.744443 3.230770
v -8.798249 -0.771877 3.230810
v -8.971462 -0.744443 3.230770
v -9.127721 -0.664827 3.230681
v -9.251729 -0.540819 3.230541
v -9.331346 -0.384560 3.230351
v -9.358780 -0.211348 3.230151
v -9.298677 -0.056706 -3.565539
v -9.223940 0.089977 -3.565709
v -8.798249 -0.219304 -3.565349
v -9.107532 0.206385 -3.565839
v -8.960849 0.281123 -3.565929
v -8.798249 0.306876 -3.565959
v -8.635651 0.281123 -3.565929
v -8.488968 0.206384 -3.565839
v -8.372561 0.089977 -3.565709
v -8.297822 -0.056706 -3.565539
v -8.272069 -0.219304 -3.565349
v -8.297822 -0.381903 -3.565159
v -8.372561 -0.528586 -3.564979
v -8.488969 -0.644993 -3.564849
v -8.635651 -0.719732 -3.564759
v -8.798249 -0.745485 -3.564729
v -8.960849 -0.719732 -3.564759
v -9.107531 -0.644993 -3.564849
v -9.223939 -0.528585 -3.564979
v -9.298677 -0.381903 -3.565159
v -9.324430 -0.219304 -3.565349
v -9.251729 0.115574 1.051840
v -9.251729 0.114315 -0.023612
v -9.331346 -0.041943 -0.023429
v -9.331346 -0.040684 1.052023
v -9.358780 -0.215157 -0.023226
v -9.358780 -0.213898 1.052226
v -9.331346 -0.388370 -0.023023
v -9.331346 -0.387110 1.052429
v -9.251729 -0.544628 -0.022840
v -9.251729 -0.543368 1.052612
v -9.127721 -0.668636 -0.022695
v -9.127721 -0.667376 1.052757
v -8.971462 -0.748253 -0.022602
v -8.971462 -0.746993 1.052850
v -8.798249 -0.775687 -0.022570
v -8.798249 -0.774427 1.052883
v -8.798249 -0.774427 1.052883
v -8.798249 -0.775687 -0.022570
v -8.625036 -0.748253 -0.022602
v -8.625036 -0.746993 1.052850
v -8.468778 -0.668636 -0.022695
v -8.468778 -0.667376 1.052757
v -8.344770 -0.544629 -0.022840
v -8.344770 -0.543369 1.052612
v -8.265154 -0.388370 -0.023023
v -8.265154 -0.387110 1.052429
v -8.237720 -0.215157 -0.023226
v -8.237720 -0.213898 1.052226
v -8.265154 -0.041944 -0.023429
v -8.265154 -0.040685 1.052023
v -8.344770 0.114315 -0.023612
v -8.344770 0.115574 1.051840
v -8.468778 0.238322 -0.023757
v -8.468778 0.239581 1.051695
v -8.625036 0.317939 -0.023850
v -8.625036 0.319198 1.051602
v -8.798249 0.345374 -0.023883
v -8.798249 0.346633 1.051570
v -8.971462 0.317939 -0.023850
v -8.971462 0.319198 1.051602
v -9.127722 0.238322 -0.023757
v -9.127722 0.239581 1.051695
v -9.358780 -0.212836 1.958311
v -9.358780 -0.213898 1.052226
v -9.331346 -0.387110 1.052429
v -9.331346 -0.386049 1.958511
v -9.251729 -0.543368 1.052612
v -9.251729 -0.542307 1.958701
v -9.127721 -0.667376 1.052757
v -9.127721 -0.666315 1.958841
v -8.971462 -0.746993 1.052850
v -8.971462 -0.745932 1.958931
v -8.798249 -0.774427 1.052883
v -8.798249 -0.773366 1.958971
v -8.798249 -0.773366 1.958971
v -8.798249 -0.774427 1.052883
v -8.625036 -0.746993 1.052850
v -8.625036 -0.745932 1.958931
v -9.331346 -0.040684 1.052023
v -9.265550 -0.062063 1.052048
v -9.195759 0.074909 1.051888
v -9.251729 0.115574 1.051840
v -9.358780 -0.213898 1.052226
v -9.290250 -0.213898 1.052226
v -8.468778 -0.667376 1.052757
v -8.509442 -0.611406 1.052692
v -8.646213 -0.681817 1.052774
v -8.625036 -0.746993 1.052850
v -8.344770 -0.543369 1.052612
v -8.400741 -0.502704 1.052564
v -8.265154 -0.387110 1.052429
v -8.330950 -0.365732 1.052404
v -8.237720 -0.213898 1.052226
v -8.306902 -0.213898 1.052226
v -8.265154 -0.040685 1.052023
v -8.330950 -0.062063 1.052048
v -8.344770 0.115574 1.051840
v -8.400741 0.074909 1.051888
v -8.468778 0.239581 1.051695
v -8.509442 0.183611 1.051761
v -8.625036 0.319198 1.051602
v -8.646415 0.253402 1.051679
v -8.798249 0.346633 1.051570
v -8.798249 0.277450 1.051651
v -8.971462 0.319198 1.051602
v -8.950085 0.253402 1.051679
v -9.127722 0.239581 1.051695
v -9.087056 0.183611 1.051761
v -9.251729 0.116635 1.957921
v -9.195759 0.075970 1.957971
v -9.265550 -0.061002 1.958131
v -9.331346 -0.039623 1.958111
v -9.358780 -0.212836 1.958311
v -9.290250 -0.212836 1.958311
v -9.358780 -0.213898 1.052226
v -9.358780 -0.212836 1.958311
v -8.625036 -0.746993 1.052850
v -8.646213 -0.681817 1.052774
v -8.646213 -0.680756 1.958861
v -8.625036 -0.745932 1.958931
v -8.625036 -0.745932 1.958931
v -8.646213 -0.680756 1.958861
v -8.509442 -0.610345 1.958781
v -8.468778 -0.666315 1.958841
v -8.400741 -0.501643 1.958651
v -8.344770 -0.542308 1.958701
v -8.330950 -0.364671 1.958491
v -8.265154 -0.386049 1.958511
v -8.306902 -0.212836 1.958311
v -8.237720 -0.212836 1.958311
v -8.330950 -0.061002 1.958131
v -8.265154 -0.039624 1.958111
v -8.400741 0.075970 1.957971
v -8.344770 0.116635 1.957921
v -8.509442 0.184672 1.957841
v -8.468778 0.240642 1.957781
v -8.646415 0.254463 1.957761
v -8.625036 0.320259 1.957691
v -8.798249 0.278511 1.957741
v -8.798249 0.347694 1.957651
v -8.950085 0.254463 1.957761
v -8.971462 0.320259 1.957691
v -9.087056 0.184672 1.957841
v -9.127722 0.240642 1.957781
v -9.266790 -0.366135 1.052404
v -9.266790 -0.365074 1.958491
v -9.196815 -0.503471 1.052565
v -9.196815 -0.502410 1.958651
v -9.087824 -0.612462 1.052693
v -9.087824 -0.611401 1.958781
v -8.950487 -0.682438 1.052775
v -8.950487 -0.681377 1.958861
v -8.798249 -0.706550 1.052803
v -8.798249 -0.705489 1.958891
v -8.798575 -0.214550 1.052227
v -8.798575 -0.213488 1.958311
v -9.135839 0.026965 -2.714489
v -9.343772 0.176870 -3.711329
v -9.439548 -0.011104 -3.711109
v -9.195110 -0.089360 -2.714359
v -9.472551 -0.219475 -3.710869
v -9.215533 -0.218309 -2.714209
v -9.439548 -0.427846 -3.710619
v -9.195109 -0.347257 -2.714059
v -9.343771 -0.615820 -3.710399
v -9.135839 -0.463581 -2.713919
v -9.194594 -0.764996 -3.710230
v -9.043523 -0.555898 -2.713809
v -9.006620 -0.860773 -3.710109
v -8.927197 -0.615167 -2.713739
v -8.798249 -0.893776 -3.710079
v -8.798249 -0.635592 -2.713719
v -8.798249 -0.635592 -2.713719
v -8.798249 -0.893776 -3.710079
v -8.589879 -0.860773 -3.710109
v -8.669302 -0.615167 -2.713739
v -8.401905 -0.764996 -3.710230
v -8.552977 -0.555898 -2.713809
v -8.252728 -0.615820 -3.710399
v -8.460660 -0.463581 -2.713919
v -8.156951 -0.427846 -3.710619
v -8.401388 -0.347257 -2.714059
v -8.123947 -0.219475 -3.710869
v -8.380965 -0.218309 -2.714209
v -8.156951 -0.011104 -3.711109
v -8.401388 -0.089360 -2.714359
v -8.252728 0.176870 -3.711329
v -8.460660 0.026965 -2.714489
v -8.401905 0.326047 -3.711499
v -8.552977 0.119281 -2.714599
v -8.589879 0.421824 -3.711619
v -8.669302 0.178552 -2.714669
v -8.798249 0.454827 -3.711659
v -8.798249 0.198975 -2.714699
v -9.006620 0.421824 -3.711619
v -8.927197 0.178552 -2.714669
v -9.194594 0.326047 -3.711499
v -9.043523 0.119281 -2.714599
v -9.480893 0.276498 -3.708619
v -9.491997 0.284483 -3.778789
v -9.613797 0.045434 -3.778509
v -9.600745 0.041275 -3.708339
v -9.655767 -0.219554 -3.778199
v -9.642044 -0.219472 -3.708039
v -9.613797 -0.484542 -3.777879
v -9.600744 -0.480217 -3.707729
v -9.491996 -0.723589 -3.777609
v -9.480892 -0.715440 -3.707449
v -9.302285 -0.913300 -3.777380
v -9.294219 -0.902115 -3.707240
v -9.063237 -1.035099 -3.777240
v -9.058996 -1.021969 -3.707099
v -8.798249 -1.077069 -3.777189
v -8.798249 -1.063269 -3.707050
v -8.798249 -1.063269 -3.707050
v -8.798249 -1.077069 -3.777189
v -8.533261 -1.035099 -3.777240
v -8.537502 -1.021969 -3.707099
v -8.294213 -0.913300 -3.777380
v -8.302279 -0.902115 -3.707240
v -8.104504 -0.723590 -3.777609
v -8.115605 -0.715441 -3.707449
v -7.982702 -0.484542 -3.777879
v -7.995755 -0.480218 -3.707729
v -7.940732 -0.219554 -3.778199
v -7.954455 -0.219472 -3.708039
v -7.982702 0.045434 -3.778509
v -7.995755 0.041275 -3.708339
v -8.104503 0.284483 -3.778789
v -8.115605 0.276498 -3.708619
v -8.294213 0.474192 -3.779009
v -8.302279 0.463172 -3.708839
v -8.533261 0.595994 -3.779149
v -8.537502 0.583024 -3.708979
v -8.798249 0.637964 -3.779199
v -8.798249 0.624322 -3.709019
v -9.063237 0.595994 -3.779149
v -9.058996 0.583024 -3.708979
v -9.302286 0.474193 -3.779009
v -9.294220 0.463172 -3.708839
v -9.343772 0.176870 -3.711329
v -9.439548 -0.011104 -3.711109
v -9.450981 -0.007472 -3.781269
v -9.613797 0.045434 -3.778509
v -9.491997 0.284483 -3.778789
v -9.353497 0.183854 -3.781499
v -9.472551 -0.219475 -3.710869
v -9.484572 -0.219557 -3.781029
v -9.655767 -0.219554 -3.778199
v -9.439548 -0.427846 -3.710619
v -9.450981 -0.431643 -3.780779
v -9.613797 -0.484542 -3.777879
v -9.343771 -0.615820 -3.710399
v -9.353497 -0.622968 -3.780549
v -9.491996 -0.723589 -3.777609
v -9.194594 -0.764996 -3.710230
v -9.201660 -0.774804 -3.780370
v -9.302285 -0.913300 -3.777380
v -9.006620 -0.860773 -3.710109
v -9.010336 -0.872289 -3.780260
v -9.063237 -1.035099 -3.777240
v -8.798249 -0.893776 -3.710079
v -8.798249 -0.905880 -3.780220
v -8.798249 -1.077069 -3.777189
v -8.798249 -0.893776 -3.710079
v -8.589879 -0.860773 -3.710109
v -8.586164 -0.872289 -3.780260
v -8.533261 -1.035099 -3.777240
v -8.401905 -0.764996 -3.710230
v -8.394838 -0.774804 -3.780370
v -8.294213 -0.913300 -3.777380
v -8.252728 -0.615820 -3.710399
v -8.243003 -0.622968 -3.780549
v -8.104504 -0.723590 -3.777609
v -8.156951 -0.427846 -3.710619
v -8.145517 -0.431643 -3.780779
v -7.982702 -0.484542 -3.777879
v -8.123947 -0.219475 -3.710869
v -8.111927 -0.219557 -3.781029
v -7.940732 -0.219554 -3.778199
v -8.156951 -0.011104 -3.711109
v -8.145517 -0.007472 -3.781269
v -7.982702 0.045434 -3.778509
v -8.252728 0.176870 -3.711329
v -8.243003 0.183854 -3.781499
v -8.104503 0.284483 -3.778789
v -8.401905 0.326047 -3.711499
v -8.394838 0.335690 -3.781679
v -8.294213 0.474192 -3.779009
v -8.589879 0.421824 -3.711619
v -8.586164 0.433175 -3.781789
v -8.533261 0.595994 -3.779149
v -8.798249 0.454827 -3.711659
v -8.798249 0.466766 -3.781829
v -8.798249 0.637964 -3.779199
v -9.006620 0.421824 -3.711619
v -9.010336 0.433175 -3.781789
v -9.063237 0.595994 -3.779149
v -9.194594 0.326047 -3.711499
v -9.201660 0.335690 -3.781679
v -9.302286 0.474193 -3.779009
v -9.195110 -0.086357 -0.149465
v -9.215533 -0.215305 -0.149314
v -9.195109 -0.344253 -0.149163
v -9.135839 -0.460578 -0.149027
v -9.043523 -0.552894 -0.148919
v -8.927197 -0.612164 -0.148849
v -8.798249 -0.632588 -0.148825
v -8.798249 -0.632588 -0.148825
v -8.669302 -0.612164 -0.148849
v -8.552977 -0.552894 -0.148919
v -8.460660 -0.460578 -0.149027
v -8.401388 -0.344253 -0.149163
v -8.380965 -0.215305 -0.149314
v -8.401388 -0.086357 -0.149465
v -8.460660 0.029968 -0.149601
v -8.552977 0.122285 -0.149709
v -8.669302 0.181556 -0.149779
v -8.798249 0.201979 -0.149803
v -8.927197 0.181556 -0.149779
v -9.043523 0.122285 -0.149709
v -9.135839 0.029968 -0.149601
v -9.195110 -0.086357 -0.149465
v -9.215533 -0.215305 -0.149314
v -9.195109 -0.344253 -0.149163
v -9.135839 -0.460578 -0.149027
v -9.043523 -0.552894 -0.148919
v -8.927197 -0.612164 -0.148849
v -8.798249 -0.632588 -0.148825
v -8.798249 -0.632588 -0.148825
v -8.669302 -0.612164 -0.148849
v -8.552977 -0.552894 -0.148919
v -8.460660 -0.460578 -0.149027
v -8.401388 -0.344253 -0.149163
v -8.380965 -0.215305 -0.149314
v -8.401388 -0.086357 -0.149465
v -8.460660 0.029968 -0.149601
v -8.552977 0.122285 -0.149709
v -8.669302 0.181556 -0.149779
v -8.798249 0.201979 -0.149803
v -8.927197 0.181556 -0.149779
v -9.043523 0.122285 -0.149709
v -9.135839 0.029968 -0.149601
v -8.854400 0.277651 1.967581
v -8.854400 0.276567 1.041810
v -9.003218 0.235210 1.041858
v -9.003218 0.236294 1.967621
v -9.131970 0.149890 1.041958
v -9.131970 0.150974 1.967721
v -9.228058 0.028959 1.042100
v -9.228058 0.030043 1.967871
v -9.282071 -0.115746 1.042269
v -9.282071 -0.114662 1.968041
v -9.288726 -0.270059 1.042450
v -9.288726 -0.268975 1.968221
v -9.247369 -0.418877 1.042624
v -9.247369 -0.417793 1.968391
v -8.854400 0.277651 1.967581
v -8.847535 0.217686 1.967651
v -8.847535 0.216602 1.041880
v -8.854400 0.276567 1.041810
v -9.247369 -0.418877 1.042624
v -9.192459 -0.393818 1.042595
v -9.192459 -0.392734 1.968361
v -9.247369 -0.417793 1.968391
v -8.978396 0.180824 1.041922
v -8.978396 0.181908 1.967691
v -9.091559 0.105836 1.042010
v -9.091559 0.106920 1.967781
v -9.176010 -0.000451 1.042134
v -9.176010 0.000633 1.967901
v -9.223484 -0.127633 1.042283
v -9.223484 -0.126549 1.968051
v -9.229332 -0.263260 1.042442
v -9.229332 -0.262176 1.968211
v -8.873760 -1.205600 2.120100
v -8.900023 -0.723575 2.119541
v -8.696476 -0.723575 2.119541
v -8.722738 -1.205600 2.120100
v -8.900023 -0.722308 3.202091
v -8.873760 -1.204540 3.024580
v -8.722738 -1.204540 3.024580
v -8.696476 -0.722308 3.202091
v -8.873760 -1.204921 2.696530
v -8.722738 -1.204921 2.696530
v -8.873760 -1.204540 3.024580
v -8.900023 -0.722308 3.202091
v -8.900023 -0.722777 2.801031
v -8.873760 -1.204921 2.696530
v -8.722738 -1.204540 3.024580
v -8.722738 -1.204921 2.696530
v -8.696476 -0.722777 2.801031
v -8.696476 -0.722308 3.202091
v -8.947787 -1.204921 2.696530
v -8.999798 -0.722777 2.801031
v -8.999798 -0.722867 2.723971
v -8.947787 -1.205000 2.631361
v -8.873760 -1.759560 2.837080
v -8.873760 -1.835420 2.797390
v -8.722738 -1.835420 2.797390
v -8.722738 -1.759560 2.837080
v -8.648711 -1.204921 2.696530
v -8.648711 -1.205000 2.631361
v -8.596702 -0.722867 2.723971
v -8.596702 -0.722777 2.801031
v -8.873760 -1.276220 2.696620
v -8.722738 -1.276220 2.696620
v -8.873760 -1.205000 2.631361
v -8.873760 -1.276300 2.631450
v -8.873760 -1.276220 2.696620
v -8.873760 -1.204921 2.696530
v -8.722738 -1.276900 2.120190
v -8.873760 -1.276900 2.120190
v -8.722738 -1.204921 2.696530
v -8.722738 -1.276220 2.696620
v -8.722738 -1.276300 2.631450
v -8.722738 -1.205000 2.631361
v -8.954116 -1.324110 2.608531
v -8.954116 -1.799361 2.749590
v -8.954116 -1.734870 2.783330
v -8.954116 -1.324040 2.663930
v -8.642384 -1.324110 2.608531
v -8.642384 -1.324040 2.663930
v -8.642384 -1.734870 2.783330
v -8.642384 -1.799361 2.749590
v -8.722738 -1.873360 2.251740
v -8.873760 -1.873360 2.251740
v -8.999798 -0.722777 2.801031
v -8.947787 -1.204921 2.696530
v -8.947787 -1.205600 2.120100
v -8.999798 -0.723575 2.119541
v -8.696476 -0.722777 2.801031
v -8.722738 -1.204921 2.696530
v -8.648711 -1.204921 2.696530
v -8.596702 -0.722777 2.801031
v -8.596702 -0.723575 2.119541
v -8.648711 -1.205600 2.120100
v -8.873760 -1.276300 2.631450
v -8.873760 -1.276220 2.696620
v -8.873760 -1.873360 2.251740
v -8.954116 -1.831600 2.285790
v -8.954116 -1.324610 2.173960
v -8.873760 -1.276900 2.120190
v -8.873760 -1.759560 2.837080
v -8.873760 -1.835420 2.797390
v -8.722738 -1.276300 2.631450
v -8.722738 -1.276220 2.696620
v -8.722738 -1.759560 2.837080
v -8.722738 -1.835420 2.797390
v -8.722738 -1.873360 2.251740
v -8.722738 -1.276900 2.120190
v -8.642384 -1.324610 2.173960
v -8.642384 -1.831600 2.285790
v -8.947787 -1.205530 2.182471
v -8.999798 -0.723489 2.193281
v -8.999798 -0.723575 2.119541
v -8.947787 -1.205600 2.120100
v -8.873760 -1.205530 2.182471
v -8.873760 -1.205600 2.120100
v -8.873760 -1.276900 2.120190
v -8.873760 -1.276820 2.182560
v -8.873760 -1.276820 2.182560
v -8.954116 -1.324550 2.226980
v -8.954116 -1.865860 2.347400
v -8.873760 -1.913670 2.324220
v -8.873760 -1.913670 2.324220
v -8.722738 -1.913670 2.324220
v -8.722738 -1.913670 2.324220
v -8.642384 -1.865860 2.347400
v -8.642384 -1.324550 2.226980
v -8.722738 -1.276820 2.182560
v -8.722738 -1.205530 2.182471
v -8.722738 -1.276820 2.182560
v -8.722738 -1.276900 2.120190
v -8.722738 -1.205600 2.120100
v -8.648711 -1.205600 2.120100
v -8.648711 -1.205530 2.182471
v -8.596702 -0.723575 2.119541
v -8.596702 -0.723489 2.193281
v -9.233604 -0.210709 3.775881
v -9.198250 -0.210693 3.789621
v -9.081093 0.072109 3.754091
v -9.106092 0.097093 3.740321
v -9.162894 -0.210709 3.775881
v -9.056092 0.047093 3.740381
v -9.148250 -0.210748 3.742691
v -9.045736 0.036698 3.707201
v -9.162894 -0.210786 3.709511
v -9.056092 0.047016 3.674011
v -9.198250 -0.210803 3.695761
v -9.081093 0.071999 3.660231
v -9.233604 -0.210786 3.709511
v -9.106092 0.097016 3.673951
v -9.248250 -0.210748 3.742691
v -9.116447 0.107409 3.707121
v -9.116447 0.107409 3.707121
v -8.515407 0.072027 3.683701
v -8.490407 0.097011 3.669921
v -8.540406 0.047011 3.669981
v -8.550762 0.036616 3.636801
v -8.540406 0.046933 3.603611
v -8.515407 0.071917 3.589831
v -8.490407 0.096933 3.603551
v -8.480052 0.107327 3.636721
v -8.480052 0.107327 3.636721
v -8.515407 -0.493742 3.613961
v -8.490407 -0.518758 3.600241
v -8.540406 -0.468758 3.600181
v -8.550762 -0.458441 3.566991
v -8.540406 -0.468835 3.533811
v -8.515407 -0.493851 3.520091
v -8.490407 -0.518835 3.533871
v -8.480052 -0.529151 3.567071
v -8.480052 -0.529151 3.567071
v -9.081093 -0.493824 3.543561
v -9.106092 -0.518840 3.529841
v -9.056092 -0.468840 3.529781
v -9.045736 -0.458523 3.496591
v -9.056092 -0.468918 3.463411
v -9.081093 -0.493934 3.449691
v -9.106092 -0.518918 3.463471
v -9.116447 -0.529234 3.496671
v -9.116447 -0.529234 3.496671
v -9.081093 0.071780 3.472501
v -9.106092 0.096764 3.458721
v -9.056092 0.046764 3.458781
v -9.045737 0.036369 3.425611
v -9.056092 0.046686 3.392411
v -9.081093 0.071670 3.378631
v -9.106092 0.096686 3.392351
v -9.116447 0.107079 3.425531
v -9.116447 0.107079 3.425531
v -8.515407 0.071697 3.402101
v -8.490407 0.096681 3.388331
v -8.540406 0.046681 3.388391
v -8.550762 0.036286 3.355211
v -8.540406 0.046603 3.322011
v -8.515407 0.071587 3.308241
v -8.490407 0.096603 3.321951
v -8.480052 0.106997 3.355131
v -8.480052 0.106997 3.355131
v -8.515407 -0.494071 3.332361
v -8.490407 -0.519087 3.318651
v -8.540406 -0.469087 3.318591
v -8.550762 -0.458770 3.285391
v -8.540406 -0.469165 3.252211
v -8.515407 -0.494181 3.238501
v -8.490407 -0.519165 3.252271
v -8.480052 -0.529481 3.285471
v -8.480052 -0.529481 3.285471
v -9.081093 -0.494153 3.261961
v -9.106092 -0.519169 3.248251
v -9.056092 -0.469169 3.248191
v -9.045737 -0.458852 3.214991
v -9.056092 -0.469247 3.181821
v -9.081093 -0.494263 3.168101
v -9.106092 -0.519246 3.181881
v -9.116447 -0.529563 3.215071
v -9.116447 -0.529563 3.215071
v -9.198250 -0.211351 3.226431
v -9.233604 -0.211367 3.212691
v -9.162894 -0.211368 3.212691
v -9.148250 -0.211407 3.179501
v -9.162894 -0.211445 3.146321
v -9.198250 -0.211460 3.132571
v -9.233604 -0.211444 3.146321
v -9.248250 -0.211406 3.179501
v -8.798249 0.001479 3.978851
v -8.798249 0.181080 3.910451
v -9.075174 0.066375 3.910581
v -8.948120 -0.060599 3.978921
v -8.648378 -0.060599 3.978921
v -8.521324 0.066375 3.910581
v -8.586301 -0.210471 3.979101
v -8.406618 -0.210551 3.910911
v -8.648378 -0.360342 3.979271
v -8.521324 -0.487475 3.911231
v -8.798249 -0.422420 3.979351
v -8.798249 -0.602181 3.911371
v -8.948120 -0.360342 3.979271
v -9.075174 -0.487475 3.911231
v -9.010199 -0.210471 3.979101
v -9.189880 -0.210551 3.910911
v -8.798249 0.301021 3.808251
v -9.160069 0.151150 3.808431
v -8.436430 0.151150 3.808431
v -8.286558 -0.210670 3.808851
v -8.436430 -0.572490 3.809271
v -8.798249 -0.722361 3.809451
v -9.160069 -0.572490 3.809271
v -9.309940 -0.210670 3.808851
v -8.798249 0.343039 3.687821
v -9.189880 0.180820 3.688011
v -8.406618 0.180820 3.688011
v -8.244400 -0.210811 3.688471
v -8.406618 -0.602442 3.688931
v -8.798249 -0.764661 3.689121
v -9.189880 -0.602442 3.688931
v -9.352099 -0.210811 3.688471
v -8.798249 -0.210443 4.003051
v -9.189880 0.180820 3.688011
v -8.798249 0.343039 3.687821
v -8.798249 -0.210811 3.688471
v -8.406618 0.180820 3.688011
v -8.244400 -0.210811 3.688471
v -8.406618 -0.602442 3.688931
v -8.798249 -0.764661 3.689121
v -9.189880 -0.602442 3.688931
v -9.352099 -0.210811 3.688471
v -8.168075 1.491930 1.032790
v -8.137751 1.491750 1.045352
v -8.137765 1.917360 1.044853
v -8.168090 1.917340 1.032292
v -8.176352 0.517201 1.033932
v -8.146678 0.510967 1.046500
v -8.232530 0.348576 1.034129
v -8.325313 0.237911 1.034259
v -8.305566 0.214910 1.046847
v -8.204411 0.338242 1.046703
v -8.724079 0.097927 1.034423
v -8.722256 0.067671 1.047019
v -8.470496 0.116316 1.046962
v -8.478376 0.145021 1.034368
v -8.107427 1.491530 1.032791
v -8.107440 1.917340 1.032292
v -8.117002 0.504705 1.033946
v -8.285820 0.191881 1.034313
v -8.176291 0.327880 1.034154
v -8.720431 0.037386 1.034494
v -8.462617 0.087581 1.034435
v -8.094866 1.491410 1.002466
v -8.094878 1.917310 1.001967
v -8.104712 0.502081 1.003625
v -8.277640 0.182312 1.003999
v -8.164642 0.323558 1.003834
v -8.719676 0.024812 1.004183
v -8.459352 0.075648 1.004124
v -8.094866 1.491410 1.002466
v -8.107427 1.491460 0.972141
v -8.107440 1.917270 0.971642
v -8.094878 1.917310 1.001967
v -8.104712 0.502081 1.003625
v -8.117002 0.504633 0.973297
v -8.277640 0.182312 1.003999
v -8.285820 0.191810 0.973663
v -8.176291 0.327809 0.973504
v -8.164642 0.323558 1.003834
v -8.719676 0.024812 1.004183
v -8.720431 0.037315 0.973844
v -8.462617 0.087510 0.973785
v -8.459352 0.075648 1.004124
v -8.137751 1.491650 0.959580
v -8.137765 1.917250 0.959081
v -8.146678 0.510867 0.960728
v -8.305566 0.214810 0.961075
v -8.204411 0.338142 0.960931
v -8.722256 0.067571 0.961247
v -8.470496 0.116215 0.961190
v -8.168075 1.491860 0.972140
v -8.168090 1.917270 0.971642
v -8.176352 0.517129 0.973282
v -8.232530 0.348505 0.973479
v -8.325313 0.237840 0.973609
v -8.724079 0.097856 0.973773
v -8.478376 0.144950 0.973718
v -8.180635 1.491990 1.002465
v -8.180651 1.917310 1.001967
v -8.188643 0.519753 1.003604
v -8.333491 0.247408 1.003923
v -8.244178 0.352826 1.003799
v -8.724834 0.110429 1.004083
v -8.481641 0.156882 1.004029
v -8.137765 1.917360 1.044853
v -8.137765 1.917310 1.001967
v -8.107440 1.917340 1.032292
v -8.094878 1.917310 1.001967
v -8.107440 1.917270 0.971642
v -8.137765 1.917250 0.959081
v -7.377369 0.962996 2.027911
v -7.347050 0.962811 2.040471
v -7.347060 1.918520 2.039351
v -7.377389 1.918510 2.026791
v -7.385650 0.273027 2.028721
v -7.355979 0.266794 2.041291
v -7.522729 -0.109757 2.029171
v -7.496380 -0.124744 2.041751
v -7.408070 0.074342 2.041511
v -7.436190 0.084675 2.028941
v -7.814529 -0.470726 2.029591
v -7.795630 -0.494430 2.042181
v -7.617599 -0.309898 2.041961
v -7.640560 -0.290943 2.029381
v -8.030519 -0.599063 2.029741
v -8.303834 -0.682553 2.029840
v -8.297271 -0.712145 2.042440
v -8.017580 -0.625610 2.042331
v -8.658022 -0.694626 2.029850
v -8.681871 -0.719391 2.042440
v -7.316720 0.962596 2.027911
v -7.316740 1.918510 2.026791
v -7.326300 0.260531 2.028741
v -7.470019 -0.139759 2.029201
v -7.379950 0.063979 2.028971
v -7.776740 -0.518165 2.029651
v -7.594640 -0.328883 2.029431
v -8.290708 -0.741766 2.029911
v -8.004640 -0.652187 2.029800
v -8.705722 -0.744185 2.029911
v -7.304160 0.962470 1.997581
v -7.304180 1.918470 1.996461
v -7.314010 0.257908 1.998411
v -7.459109 -0.146008 1.998881
v -7.368309 0.059658 1.998641
v -7.768909 -0.528026 1.999331
v -7.585130 -0.336776 1.999111
v -8.287990 -0.754065 1.999591
v -7.999279 -0.663225 1.999491
v -8.715601 -0.754485 1.999591
v -7.316720 0.962525 1.967261
v -7.316740 1.918430 1.966141
v -7.326300 0.260460 1.968091
v -7.470019 -0.139830 1.968561
v -7.379950 0.063908 1.968321
v -7.776740 -0.518236 1.969001
v -7.594640 -0.328954 1.968781
v -8.290708 -0.741837 1.969261
v -8.004640 -0.652258 1.969161
v -8.705722 -0.744257 1.969261
v -7.347050 0.962710 1.954701
v -7.347060 1.918420 1.953581
v -7.355979 0.266694 1.955521
v -7.496380 -0.124844 1.955981
v -7.408070 0.074242 1.955741
v -7.795630 -0.494531 1.956411
v -7.617599 -0.309999 1.956191
v -8.297271 -0.712246 1.956671
v -8.017580 -0.625711 1.956561
v -8.681871 -0.719492 1.956671
v -7.377369 0.962925 1.967261
v -7.377389 1.918430 1.966141
v -7.385650 0.272956 1.968071
v -7.522729 -0.109828 1.968521
v -7.436190 0.084604 1.968291
v -7.814529 -0.470797 1.968941
v -7.640560 -0.291014 1.968731
v -8.030519 -0.599134 1.969091
v -8.303834 -0.682624 1.969191
v -8.658022 -0.694697 1.969201
v -7.389930 0.963050 1.997581
v -7.389950 1.918470 1.996461
v -7.397940 0.275580 1.998391
v -7.533649 -0.103580 1.998831
v -7.447840 0.088926 1.998611
v -7.822351 -0.460937 1.999251
v -7.650060 -0.283121 1.999041
v -8.306552 -0.670325 1.999501
v -8.035879 -0.588096 1.999401
v -8.648143 -0.684397 1.999511
v -7.389930 0.963050 1.997581
v -7.389950 1.918470 1.996461
v -7.397940 0.275580 1.998391
v -7.533649 -0.103580 1.998831
v -7.447840 0.088926 1.998611
v -7.822351 -0.460937 1.999251
v -7.650060 -0.283121 1.999041
v -8.306552 -0.670325 1.999501
v -8.035879 -0.588096 1.999401
v -8.648143 -0.684397 1.999511
v -7.377389 1.918510 2.026791
v -7.347060 1.918520 2.039351
v -7.347060 1.918470 1.996461
v -7.347060 1.918420 1.953581
v -7.377389 1.918430 1.966141
v -7.389950 1.918470 1.996461
v -7.377369 0.961831 1.033411
v -7.347050 0.961646 1.045972
v -7.347060 1.917360 1.044853
v -7.377389 1.917340 1.032292
v -7.385650 0.271863 1.034219
v -7.355979 0.265629 1.046788
v -7.522729 -0.110922 1.034668
v -7.496380 -0.125908 1.047246
v -7.408070 0.073177 1.047013
v -7.436190 0.083511 1.034440
v -7.814529 -0.471891 1.035090
v -7.795630 -0.495595 1.047679
v -7.617599 -0.311063 1.047463
v -7.640560 -0.292108 1.034880
v -8.030519 -0.600228 1.035241
v -8.303834 -0.683718 1.035338
v -8.297271 -0.713310 1.047934
v -8.017580 -0.626775 1.047832
v -8.658022 -0.695791 1.035352
v -8.681871 -0.720556 1.047943
v -7.316720 0.961431 1.033412
v -7.316740 1.917340 1.032292
v -7.326300 0.259367 1.034234
v -7.470019 -0.140924 1.034703
v -7.379950 0.062815 1.034464
v -7.776740 -0.519330 1.035146
v -7.594640 -0.330048 1.034924
v -8.290708 -0.742931 1.035408
v -8.004640 -0.653352 1.035303
v -8.705722 -0.745350 1.035410
v -7.304160 0.961306 1.003087
v -7.304180 1.917310 1.001967
v -7.314010 0.256743 1.003912
v -7.459109 -0.147173 1.004385
v -7.368309 0.058493 1.004144
v -7.768909 -0.529190 1.004832
v -7.585130 -0.337940 1.004608
v -8.287990 -0.755230 1.005097
v -7.999279 -0.664390 1.004991
v -8.715601 -0.755649 1.005098
v -7.316720 0.961360 0.972762
v -7.316740 1.917270 0.971642
v -7.326300 0.259296 0.973584
v -7.470019 -0.140995 0.974053
v -7.379950 0.062744 0.973814
v -7.776740 -0.519401 0.974496
v -7.594640 -0.330119 0.974274
v -8.290708 -0.743002 0.974758
v -8.004640 -0.653423 0.974653
v -8.705722 -0.745421 0.974761
v -7.347050 0.961545 0.960200
v -7.347060 1.917250 0.959081
v -7.355979 0.265529 0.961016
v -7.496380 -0.126009 0.961474
v -7.408070 0.073077 0.961241
v -7.795630 -0.495696 0.961907
v -7.617599 -0.311164 0.961691
v -8.297271 -0.713410 0.962162
v -8.017580 -0.626875 0.962061
v -8.681871 -0.720656 0.962171
v -7.377369 0.961760 0.972761
v -7.377389 1.917270 0.971642
v -7.385650 0.271792 0.973569
v -7.522729 -0.110993 0.974018
v -7.436190 0.083440 0.973790
v -7.814529 -0.471962 0.974440
v -7.640560 -0.292179 0.974230
v -8.030519 -0.600299 0.974591
v -8.303834 -0.683789 0.974688
v -8.658022 -0.695862 0.974703
v -7.389930 0.961886 1.003086
v -7.389950 1.917310 1.001967
v -7.397940 0.274415 1.003891
v -7.533649 -0.104745 1.004335
v -7.447840 0.087761 1.004110
v -7.822351 -0.462101 1.004754
v -7.650060 -0.284285 1.004545
v -8.306552 -0.671490 1.004999
v -8.035879 -0.589261 1.004903
v -8.648143 -0.685562 1.005015
v -7.389930 0.961886 1.003086
v -7.389950 1.917310 1.001967
v -7.397940 0.274415 1.003891
v -7.533649 -0.104745 1.004335
v -7.447840 0.087761 1.004110
v -7.822351 -0.462101 1.004754
v -7.650060 -0.284285 1.004545
v -8.306552 -0.671490 1.004999
v -8.035879 -0.589261 1.004903
v -8.648143 -0.685562 1.005015
v -7.377389 1.917340 1.032292
v -7.347060 1.917360 1.044853
v -7.347060 1.917310 1.001967
v -7.347060 1.917250 0.959081
v -7.377389 1.917270 0.971642
v -7.389950 1.917310 1.001967
v -8.168075 1.493100 2.027291
v -8.137751 1.492910 2.039851
v -8.137765 1.918520 2.039351
v -8.168090 1.918510 2.026791
v -8.176352 0.518365 2.028431
v -8.146678 0.512132 2.041001
v -8.232530 0.349740 2.028631
v -8.325313 0.239075 2.028761
v -8.305566 0.216075 2.041351
v -8.204411 0.339407 2.041201
v -8.724079 0.099091 2.028931
v -8.722256 0.068836 2.041521
v -8.470496 0.117480 2.041461
v -8.478376 0.146186 2.028871
v -8.107427 1.492700 2.027291
v -8.107440 1.918510 2.026791
v -8.117002 0.505869 2.028451
v -8.285820 0.193045 2.028821
v -8.176291 0.329044 2.028661
v -8.720431 0.038550 2.029001
v -8.462617 0.088745 2.028941
v -8.094866 1.492570 1.996961
v -8.094878 1.918470 1.996461
v -8.104712 0.503246 1.998121
v -8.277640 0.183477 1.998501
v -8.164642 0.324723 1.998331
v -8.719676 0.025977 1.998681
v -8.459352 0.076813 1.998621
v -8.094866 1.492570 1.996961
v -8.107427 1.492620 1.966641
v -8.107440 1.918430 1.966141
v -8.094878 1.918470 1.996461
v -8.104712 0.503246 1.998121
v -8.117002 0.505798 1.967801
v -8.277640 0.183477 1.998501
v -8.285820 0.192974 1.968171
v -8.176291 0.328973 1.968011
v -8.164642 0.324723 1.998331
v -8.719676 0.025977 1.998681
v -8.720431 0.038479 1.968351
v -8.462617 0.088674 1.968291
v -8.459352 0.076813 1.998621
v -8.137751 1.492810 1.954081
v -8.137765 1.918420 1.953581
v -8.146678 0.512031 1.955231
v -8.305566 0.215975 1.955581
v -8.204411 0.339307 1.955431
v -8.722256 0.068736 1.955751
v -8.470496 0.117380 1.955691
v -8.168075 1.493020 1.966641
v -8.168090 1.918430 1.966141
v -8.176352 0.518294 1.967781
v -8.232530 0.349669 1.967981
v -8.325313 0.239004 1.968111
v -8.724079 0.099020 1.968281
v -8.478376 0.146114 1.968221
v -8.180635 1.493150 1.996961
v -8.180651 1.918470 1.996461
v -8.188643 0.520918 1.998101
v -8.333491 0.248573 1.998421
v -8.244178 0.353991 1.998301
v -8.724834 0.111594 1.998581
v -8.481641 0.158047 1.998531
v -8.137765 1.918520 2.039351
v -8.137765 1.918470 1.996461
v -8.107440 1.918510 2.026791
v -8.094878 1.918470 1.996461
v -8.107440 1.918430 1.966141
v -8.137765 1.918420 1.953581
vn -0.7361 0.5353 0.4142
vn -0.2812 0.8658 0.4138
vn -0.2812 0.8659 0.4138
vn 0.2812 0.8659 0.4138
vn 0.2812 0.8658 0.4138
vn 0.7361 0.5353 0.4142
vn 0.9099 0.0005 0.4148
vn 0.7361 -0.5343 0.4155
vn 0.7361 -0.5343 0.4154
vn 0.9099 0.0005 0.4149
vn 0.2812 -0.8649 0.4159
vn -0.2812 -0.8649 0.4159
vn 0.2812 -0.8649 0.4158
vn -0.2812 -0.8649 0.4158
vn -0.7361 -0.5343 0.4154
vn -0.7361 -0.5343 0.4155
vn -0.7361 0.5354 0.4142
vn -0.7362 0.5353 0.4142
vn -0.0000 0.0012 1.0000
vn -0.2811 0.8659 0.4138
vn 0.7362 0.5353 0.4142
vn 0.9099 0.0004 0.4148
vn 0.7361 -0.5344 0.4154
vn 0.2811 -0.8649 0.4158
vn -0.7362 -0.5343 0.4154
vn -0.2811 -0.8649 0.4159
vn -0.7361 -0.5344 0.4155
vn -0.0000 -0.0012 -1.0000
vn -0.0000 -0.0011 -1.0000
vn -0.8090 0.5878 -0.0007
vn -1.0000 -0.0000 -0.0000
vn -0.8090 -0.5878 0.0007
vn -0.0001 -0.0011 -1.0000
vn -0.3090 -0.9511 0.0011
vn -0.0001 -0.0012 -1.0000
vn 0.3090 -0.9511 0.0011
vn 0.8090 -0.5878 0.0007
vn 1.0000 -0.0000 -0.0000
vn 0.8090 -0.5878 0.0006
vn 0.8090 0.5878 -0.0007
vn 0.0001 -0.0012 -1.0000
vn 0.3090 0.9511 -0.0011
vn 0.3090 0.9511 -0.0012
vn -0.7452 0.2414 -0.6215
vn -0.4606 0.6332 -0.6220
vn -0.7452 0.2414 -0.6216
vn -0.7452 -0.2429 -0.6210
vn -0.7453 0.2414 -0.6215
vn -0.4606 -0.6347 -0.6205
vn -0.7453 -0.2429 -0.6210
vn -0.0000 -0.7843 -0.6203
vn 0.4606 -0.6347 -0.6205
vn -0.0000 -0.7843 -0.6204
vn 0.7453 -0.2429 -0.6210
vn 0.7452 0.2414 -0.6216
vn 0.7452 -0.2429 -0.6210
vn 0.4606 0.6332 -0.6220
vn 0.7452 0.2414 -0.6215
vn 0.7453 0.2414 -0.6215
vn -0.0000 0.7829 -0.6222
vn -0.4658 0.6295 -0.6219
vn -0.8090 0.5878 -0.0006
vn -0.7453 -0.2428 -0.6210
vn -0.7472 0.2353 -0.6215
vn -0.8090 -0.5878 0.0006
vn -0.4606 -0.6346 -0.6206
vn -0.7433 -0.2489 -0.6209
vn -1.0000 0.0001 -0.0001
vn -0.3090 -0.9510 0.0011
vn -0.4605 -0.6347 -0.6206
vn -0.4554 -0.6384 -0.6205
vn -0.8091 -0.5877 0.0007
vn -0.3090 -0.9510 0.0010
vn 0.3090 -0.9511 0.0010
vn 0.4605 -0.6347 -0.6206
vn 0.0064 -0.7843 -0.6203
vn -0.3091 -0.9510 0.0011
vn 0.4606 -0.6346 -0.6205
vn 0.4658 -0.6309 -0.6205
vn 0.7452 -0.2428 -0.6210
vn 0.7473 -0.2368 -0.6209
vn 0.8090 0.5878 -0.0006
vn 0.4606 0.6333 -0.6220
vn 0.7453 0.2415 -0.6215
vn 0.7433 0.2475 -0.6215
vn 1.0000 -0.0001 -0.0000
vn 0.3090 0.9510 -0.0011
vn -0.0001 0.7829 -0.6221
vn 0.4554 0.6370 -0.6219
vn 0.8091 0.5877 -0.0007
vn -0.8091 0.5877 -0.0008
vn -0.0000 0.7829 -0.6221
vn -0.0063 0.7829 -0.6221
vn 0.3091 0.9510 -0.0011
vn -0.7452 0.2415 -0.6215
vn -0.7453 -0.2429 -0.6209
vn -0.4606 -0.6346 -0.6205
vn 0.4605 -0.6347 -0.6205
vn 0.7361 -0.5344 0.4155
vn 0.4606 -0.6346 -0.6206
vn 0.7453 -0.2428 -0.6210
vn 0.2811 0.8659 0.4138
vn 0.0001 0.7829 -0.6222
vn -0.2812 0.8658 0.4139
vn -0.7361 -0.5344 0.4154
vn -0.3090 -0.9511 0.0012
vn 0.0001 -0.0011 -1.0000
vn -0.8090 0.5878 -0.0004
vn -0.4657 0.6295 -0.6220
vn -0.8090 0.5878 -0.0008
vn -0.7472 0.2354 -0.6215
vn -0.8090 -0.5878 0.0008
vn -0.7433 -0.2490 -0.6209
vn -1.0000 0.0001 0.0001
vn -0.3090 -0.9510 0.0012
vn 0.3090 -0.9511 0.0012
vn 0.0001 -0.7844 -0.6203
vn 0.4658 -0.6310 -0.6204
vn 0.3089 -0.9511 0.0011
vn 0.8090 -0.5878 0.0008
vn 0.4605 0.6332 -0.6221
vn 0.4554 0.6370 -0.6220
vn 0.3090 0.9510 -0.0012
vn -0.4606 0.6332 -0.6221
vn -0.0064 0.7829 -0.6221
vn 0.3091 0.9510 -0.0012
vn -0.0001 -0.7843 -0.6203
vn 0.2811 -0.8649 0.4159
vn -0.4605 0.6332 -0.6220
vn -0.1073 0.9942 -0.0012
vn -0.4646 0.0011 0.8855
vn -0.1073 -0.9942 0.0012
vn -0.0000 1.0000 -0.0012
vn -0.1305 -0.1167 -0.9846
vn -0.1305 0.1144 -0.9848
vn -0.1305 0.1143 -0.9848
vn -0.0000 -1.0000 0.0012
vn -0.4646 0.0010 0.8855
vn -0.1305 -0.1166 -0.9846
vn -0.2095 -0.2103 -0.9549
vn -0.2095 0.2081 -0.9554
vn -0.0000 0.0011 1.0000
vn -0.1073 0.9942 -0.0014
vn -0.2130 0.0011 0.9771
vn -0.1072 0.9942 -0.0012
vn -0.2130 0.0012 0.9771
vn -0.1072 -0.9942 0.0012
vn -0.1073 -0.9942 0.0011
vn -0.0000 -1.0000 0.0011
vn -0.0000 1.0000 -0.0011
vn -0.1896 0.4644 -0.8651
vn -0.1896 0.4643 -0.8651
vn 0.0001 -1.0000 0.0011
vn 0.0001 -1.0000 0.0012
vn -0.1896 -0.4663 -0.8640
vn -0.1896 -0.4664 -0.8640
vn -0.2095 -0.2104 -0.9549
vn -0.1306 0.1144 -0.9848
vn -0.1897 0.4643 -0.8651
vn 0.8596 0.5110 -0.0006
vn -0.1896 0.4643 -0.8652
vn 0.8596 0.5110 -0.0005
vn -0.7289 0.5504 -0.4071
vn -0.7289 0.5505 -0.4071
vn -0.8734 -0.0006 -0.4870
vn -0.7289 -0.5514 -0.4058
vn -0.7289 -0.5514 -0.4057
vn -0.1896 -0.4663 -0.8641
vn 0.8596 -0.5110 0.0006
vn -0.1306 -0.1167 -0.9846
vn -1.0000 -0.0000 0.0001
vn -1.0000 -0.0000 -0.0001
vn -0.1073 0.9942 -0.0013
vn -0.1073 0.9942 -0.0015
vn -0.7289 0.5505 -0.4070
vn -0.4646 0.0008 0.8855
vn -0.8734 -0.0007 -0.4870
vn -0.8734 -0.0005 -0.4870
vn -0.1073 -0.9942 0.0013
vn -0.9511 0.3090 -0.0004
vn -0.9511 0.3090 -0.0003
vn -0.5878 0.8090 -0.0010
vn -0.5878 0.8090 -0.0009
vn -0.3090 0.9511 -0.0011
vn -0.3090 0.9510 -0.0011
vn 0.5878 0.8090 -0.0010
vn 0.5878 0.8090 -0.0009
vn 0.9511 0.3090 -0.0004
vn 0.9511 -0.3090 0.0004
vn 0.5878 -0.8090 0.0009
vn 0.5878 -0.8090 0.0010
vn 0.2584 -0.9660 0.0012
vn 0.2584 -0.9660 0.0011
vn -0.5878 -0.8090 0.0009
vn -0.5878 -0.8090 0.0010
vn -0.9511 -0.3090 0.0004
vn -0.9511 -0.3090 0.0003
vn -0.9986 -0.0527 0.0001
vn -0.9986 -0.0527 -0.0000
vn 0.9511 -0.3090 0.0003
vn 0.9511 0.3090 -0.0003
vn -0.9986 -0.0528 0.0001
vn 0.5877 -0.8091 0.0009
vn 0.0001 0.0012 1.0000
vn -0.9986 -0.0528 -0.0000
vn -0.9510 0.3091 -0.0004
vn -0.0001 1.0000 -0.0012
vn 0.2585 -0.9660 0.0012
vn -0.0000 -0.0013 -1.0000
vn 0.0001 -0.0013 -1.0000
vn 0.9517 0.3070 -0.0004
vn 0.9517 0.3070 -0.0003
vn -0.0021 1.0000 -0.0012
vn -0.0001 0.0012 1.0000
vn 0.9514 0.3080 -0.0004
vn 0.8094 0.5872 -0.0007
vn 0.5880 0.8089 -0.0009
vn 0.5877 0.8090 -0.0009
vn 0.3088 0.9511 -0.0011
vn -0.0007 1.0000 -0.0012
vn 0.9511 0.3089 -0.0003
vn 0.3089 0.9511 -0.0011
vn 0.5880 0.8089 -0.0010
vn -0.8024 0.5831 0.1268
vn -0.7834 0.5695 0.2491
vn -0.9209 0.2995 0.2494
vn -0.9209 0.2995 0.2493
vn -0.9433 0.3067 0.1271
vn -0.9433 0.3066 0.1271
vn -0.9683 0.0003 0.2497
vn -0.9918 0.0001 0.1275
vn -0.9918 0.0002 0.1275
vn -0.9209 -0.2990 0.2501
vn -0.9209 -0.2989 0.2501
vn -0.9433 -0.3063 0.1278
vn -0.9433 -0.3064 0.1278
vn -0.7834 -0.5689 0.2504
vn -0.8024 -0.5828 0.1282
vn -0.8024 -0.5828 0.1281
vn -0.5692 -0.7831 0.2506
vn -0.5830 -0.8023 0.1284
vn -0.5691 -0.7831 0.2506
vn -0.2992 -0.9206 0.2508
vn -0.2993 -0.9206 0.2508
vn -0.3065 -0.9431 0.1286
vn -0.3065 -0.9432 0.1286
vn -0.0000 -0.9680 0.2508
vn -0.0000 -0.9917 0.1286
vn -0.0000 -0.9680 0.2509
vn 0.2992 -0.9206 0.2508
vn 0.3065 -0.9431 0.1286
vn 0.5692 -0.7831 0.2506
vn 0.5830 -0.8023 0.1284
vn 0.7834 -0.5689 0.2504
vn 0.8024 -0.5829 0.1281
vn 0.8024 -0.5828 0.1281
vn 0.9209 -0.2990 0.2501
vn 0.9433 -0.3063 0.1278
vn 0.9683 0.0003 0.2497
vn 0.9918 0.0001 0.1275
vn 0.9209 0.2995 0.2494
vn 0.9209 0.2995 0.2493
vn 0.9433 0.3066 0.1271
vn 0.7834 0.5695 0.2490
vn 0.8024 0.5831 0.1268
vn 0.7834 0.5695 0.2491
vn 0.5692 0.7837 0.2488
vn 0.5830 0.8026 0.1265
vn 0.2992 0.9212 0.2486
vn 0.3065 0.9434 0.1264
vn -0.0000 0.9686 0.2486
vn -0.0000 0.9920 0.1263
vn 0.3065 0.9435 0.1264
vn -0.2992 0.9212 0.2486
vn -0.3065 0.9435 0.1264
vn -0.5692 0.7837 0.2488
vn -0.5691 0.7837 0.2488
vn -0.5830 0.8026 0.1265
vn -0.3065 0.9434 0.1264
vn -0.7940 0.5771 0.1913
vn -0.9334 0.3035 0.1916
vn -0.9814 0.0002 0.1920
vn -0.9334 -0.3030 0.1923
vn -0.9334 -0.3031 0.1923
vn -0.7940 -0.5766 0.1927
vn -0.9334 -0.3030 0.1924
vn -0.7940 -0.5766 0.1926
vn -0.5769 -0.7937 0.1929
vn -0.5768 -0.7938 0.1929
vn -0.3033 -0.9331 0.1931
vn -0.0000 -0.9812 0.1931
vn 0.3033 -0.9331 0.1931
vn 0.3032 -0.9331 0.1931
vn 0.5769 -0.7937 0.1929
vn 0.5768 -0.7937 0.1929
vn 0.7940 -0.5766 0.1926
vn 0.5768 -0.7938 0.1929
vn 0.7940 -0.5766 0.1927
vn 0.9334 -0.3030 0.1923
vn 0.9334 -0.3031 0.1923
vn 0.9814 0.0002 0.1920
vn 0.9334 0.3035 0.1916
vn 0.7940 0.5771 0.1913
vn 0.5768 0.7942 0.1910
vn 0.5769 0.7942 0.1910
vn 0.3033 0.9336 0.1909
vn -0.0000 0.9816 0.1908
vn -0.3033 0.9336 0.1909
vn -0.5769 0.7942 0.1910
vn -0.5768 0.7942 0.1910
vn -0.7830 0.5700 0.2490
vn -0.7939 0.5771 0.1913
vn -0.9333 0.3036 0.1916
vn -0.7834 0.5695 0.2490
vn -0.0157 0.0040 -0.9999
vn -0.9334 0.3035 0.1917
vn -0.7939 0.5771 0.1914
vn -0.7940 0.5770 0.1912
vn -0.0134 0.0085 -0.9999
vn -0.9207 0.3001 0.2493
vn -0.9814 0.0001 0.1920
vn -0.0165 -0.0012 -0.9999
vn -0.9814 0.0002 0.1919
vn -0.9333 0.3036 0.1917
vn -0.0157 0.0039 -0.9999
vn -0.9683 0.0009 0.2497
vn -0.9814 0.0003 0.1920
vn -0.9333 -0.3031 0.1923
vn -0.0157 -0.0063 -0.9999
vn -0.9814 0.0003 0.1919
vn -0.9211 -0.2983 0.2501
vn -0.7939 -0.5767 0.1927
vn -0.0134 -0.0109 -0.9999
vn -0.7838 -0.5684 0.2504
vn -0.0097 -0.0145 -0.9998
vn -0.7939 -0.5767 0.1926
vn -0.7942 -0.5763 0.1927
vn -0.5697 -0.7827 0.2506
vn -0.3029 -0.9333 0.1931
vn -0.0051 -0.0169 -0.9998
vn -0.3032 -0.9332 0.1930
vn -0.2998 -0.9204 0.2508
vn 0.0001 -0.9812 0.1931
vn -0.0000 -0.0177 -0.9998
vn -0.3034 -0.9331 0.1930
vn -0.3037 -0.9330 0.1930
vn -0.0006 -0.9680 0.2508
vn 0.3032 -0.9332 0.1931
vn 0.3036 -0.9330 0.1931
vn 0.0051 -0.0169 -0.9998
vn 0.3033 -0.9331 0.1930
vn -0.0001 -0.9812 0.1931
vn 0.2986 -0.9208 0.2508
vn 0.5767 -0.7939 0.1929
vn 0.0097 -0.0146 -0.9998
vn 0.3034 -0.9331 0.1930
vn 0.3029 -0.9333 0.1930
vn 0.0097 -0.0145 -0.9998
vn 0.5687 -0.7835 0.2506
vn 0.7940 -0.5767 0.1926
vn 0.5691 -0.7831 0.2506
vn 0.0134 -0.0109 -0.9999
vn 0.5768 -0.7938 0.1928
vn 0.5765 -0.7940 0.1929
vn 0.7830 -0.5694 0.2504
vn 0.7939 -0.5767 0.1927
vn 0.9335 -0.3026 0.1924
vn 0.9209 -0.2989 0.2501
vn 0.0157 -0.0063 -0.9999
vn 0.9207 -0.2995 0.2501
vn 0.9814 0.0003 0.1920
vn 0.0165 -0.0011 -0.9999
vn 0.9814 0.0003 0.1919
vn 0.9333 -0.3031 0.1923
vn 0.0165 -0.0012 -0.9999
vn 0.9683 -0.0003 0.2497
vn 0.9334 0.3034 0.1916
vn 0.0157 0.0039 -0.9999
vn 0.9333 0.3035 0.1917
vn 0.9814 0.0001 0.1920
vn 0.9211 0.2989 0.2493
vn 0.7940 0.5770 0.1913
vn 0.0134 0.0085 -0.9999
vn 0.7940 0.5771 0.1912
vn 0.9334 0.3034 0.1917
vn 0.0157 0.0040 -0.9999
vn 0.7837 0.5690 0.2491
vn 0.7834 0.5694 0.2491
vn 0.0097 0.0122 -0.9999
vn 0.7940 0.5770 0.1912
vn 0.5697 0.7833 0.2488
vn 0.3035 0.9335 0.1909
vn 0.2992 0.9212 0.2487
vn 0.0051 0.0146 -0.9999
vn 0.3032 0.9336 0.1908
vn 0.5772 0.7940 0.1910
vn 0.0051 0.0145 -0.9999
vn 0.2998 0.9210 0.2487
vn -0.0001 0.9816 0.1908
vn 0.2993 0.9212 0.2486
vn -0.0000 0.0154 -0.9999
vn 0.3033 0.9336 0.1908
vn 0.0006 0.9686 0.2486
vn -0.3037 0.9335 0.1909
vn -0.2992 0.9212 0.2487
vn -0.0051 0.0145 -0.9999
vn -0.3033 0.9336 0.1908
vn 0.0001 0.9816 0.1908
vn -0.0051 0.0146 -0.9999
vn -0.2986 0.9214 0.2487
vn -0.3032 0.9336 0.1909
vn -0.5768 0.7942 0.1911
vn -0.0097 0.0122 -0.9999
vn -0.3034 0.9336 0.1908
vn -0.5687 0.7840 0.2488
vn -0.7940 0.5770 0.1913
vn -0.7834 0.5694 0.2491
vn -0.5769 0.7941 0.1910
vn -0.0134 0.0086 -0.9999
vn -0.6284 0.2033 -0.7509
vn -0.6607 -0.0009 -0.7506
vn -0.6284 -0.2051 -0.7504
vn -0.9510 -0.3090 0.0004
vn -0.5345 -0.3892 -0.7502
vn -0.8090 -0.5877 0.0007
vn -0.3884 -0.5354 -0.7500
vn -0.2042 -0.6293 -0.7499
vn -0.0000 -0.6616 -0.7499
vn 0.2042 -0.6293 -0.7499
vn 0.3090 -0.9510 0.0011
vn 0.3884 -0.5354 -0.7500
vn 0.5877 -0.8090 0.0009
vn 0.5345 -0.3892 -0.7502
vn 0.6284 -0.2051 -0.7504
vn 0.9510 -0.3091 0.0004
vn 0.6284 -0.2050 -0.7504
vn 0.6607 -0.0009 -0.7506
vn 0.6284 0.2033 -0.7509
vn 0.9510 0.3090 -0.0004
vn 0.5345 0.3875 -0.7511
vn 0.8090 0.5877 -0.0007
vn 0.3884 0.5337 -0.7513
vn 0.2042 0.6275 -0.7514
vn -0.0000 0.6598 -0.7514
vn -0.2042 0.6275 -0.7514
vn -0.3091 0.9510 -0.0011
vn -0.3884 0.5337 -0.7513
vn -0.5877 0.8090 -0.0010
vn -0.5345 0.3875 -0.7511
vn -0.6284 0.2032 -0.7509
vn -0.9918 0.0002 0.1274
vn -0.6607 -0.0008 -0.7507
vn -0.6607 -0.0009 -0.7507
vn -0.9918 0.0001 0.1274
vn -0.6284 -0.2050 -0.7504
vn -0.6283 -0.2051 -0.7504
vn -0.5345 -0.3893 -0.7502
vn -0.3883 -0.5354 -0.7500
vn -0.3065 -0.9431 0.1285
vn -0.2042 -0.6292 -0.7499
vn -0.2041 -0.6293 -0.7499
vn -0.3065 -0.9432 0.1285
vn 0.0001 -0.6616 -0.7499
vn 0.3065 -0.9432 0.1285
vn 0.3065 -0.9432 0.1286
vn 0.2041 -0.6293 -0.7499
vn 0.2042 -0.6292 -0.7499
vn 0.3883 -0.5354 -0.7500
vn 0.5345 -0.3893 -0.7502
vn 0.9433 -0.3064 0.1278
vn 0.9918 0.0001 0.1274
vn 0.6607 -0.0009 -0.7507
vn 0.6607 -0.0008 -0.7507
vn 0.9918 0.0002 0.1274
vn 0.6284 0.2032 -0.7509
vn 0.6283 0.2033 -0.7509
vn 0.9433 0.3067 0.1271
vn 0.5345 0.3874 -0.7511
vn 0.3884 0.5336 -0.7513
vn 0.3883 0.5337 -0.7513
vn 0.3065 0.9434 0.1263
vn 0.2041 0.6275 -0.7514
vn 0.3883 0.5336 -0.7513
vn 0.3065 0.9435 0.1263
vn -0.0001 0.6598 -0.7514
vn -0.3065 0.9435 0.1263
vn -0.3065 0.9434 0.1263
vn -0.3883 0.5337 -0.7513
vn -0.3884 0.5336 -0.7513
vn -0.8024 0.5832 0.1268
vn -0.5345 0.3874 -0.7511
vn -0.0158 0.0039 -0.9999
vn -0.0052 0.0145 -0.9999
vn -0.0000 0.0153 -0.9999
vn 0.0001 0.0154 -0.9999
vn 0.0052 0.0145 -0.9999
vn 0.0133 0.0086 -0.9999
vn 0.0134 0.0086 -0.9999
vn 0.0157 -0.0062 -0.9999
vn 0.0134 -0.0108 -0.9999
vn 0.0098 -0.0145 -0.9998
vn -0.0001 -0.0177 -0.9998
vn -0.0052 -0.0169 -0.9998
vn -0.0097 -0.0146 -0.9998
vn -0.0134 -0.0108 -0.9999
vn -0.0157 -0.0062 -0.9999
vn -0.0165 -0.0011 -0.9999
vn -0.2678 0.9635 -0.0011
vn -0.4152 0.9097 -0.0011
vn -0.6760 0.7369 -0.0009
vn -0.6760 0.7369 -0.0008
vn -0.8706 0.4919 -0.0006
vn -0.8706 0.4920 -0.0006
vn -0.9800 0.1988 -0.0002
vn -0.9800 0.1989 -0.0002
vn -0.9935 -0.1138 0.0001
vn -0.9935 -0.1137 0.0001
vn -0.9635 -0.2678 0.0003
vn -0.2677 0.9635 -0.0014
vn 0.9935 0.1137 -0.0001
vn -0.2677 0.9635 -0.0011
vn -0.2677 0.9635 -0.0010
vn 0.4152 -0.9097 0.0011
vn -0.9635 -0.2678 0.0002
vn 0.4133 -0.9106 0.0011
vn 0.6760 -0.7369 0.0009
vn 0.8706 -0.4919 0.0006
vn 0.9800 -0.1988 0.0002
vn 0.8706 -0.4920 0.0006
vn 0.9933 0.1158 -0.0001
vn 0.9800 -0.1989 0.0002
vn 0.4152 -0.9097 0.0010
vn -0.0000 -0.3454 0.9384
vn -0.0001 -0.3455 0.9384
vn -0.0000 -0.3455 0.9384
vn -0.0000 -0.3454 0.9385
vn -0.9985 -0.0544 0.0001
vn 0.9985 -0.0544 0.0001
vn -0.9942 -0.1073 0.0001
vn -0.0000 -0.4636 0.8861
vn 0.9942 -0.1073 0.0001
vn -0.0000 0.0013 1.0000
vn 0.1155 -0.1317 -0.9845
vn -0.1155 -0.1317 -0.9845
vn -0.0000 -1.0000 0.0013
vn -0.0000 -0.4635 0.8861
vn -0.0002 -0.4635 0.8861
vn 0.2092 -0.2107 -0.9549
vn -0.2092 -0.2106 -0.9549
vn -0.9942 -0.1073 -0.0000
vn -0.9942 -0.1073 -0.0002
vn -0.9942 -0.1072 0.0002
vn -0.0001 -1.0000 0.0012
vn 0.9942 -0.1072 0.0002
vn 0.9942 -0.1073 0.0002
vn 0.9942 -0.1073 -0.0002
vn 1.0000 -0.0000 -0.0001
vn -0.4653 -0.1907 -0.8644
vn -0.4652 -0.1906 -0.8644
vn -1.0000 -0.0001 -0.0000
vn 1.0000 -0.0000 0.0001
vn 1.0000 0.0001 -0.0000
vn 0.0001 -0.4636 0.8860
vn 0.2092 -0.2106 -0.9549
vn 0.4652 -0.1906 -0.8644
vn 0.4653 -0.1907 -0.8644
vn -0.1155 -0.1316 -0.9846
vn -0.4653 -0.1906 -0.8644
vn -0.5111 0.8595 -0.0010
vn -0.4654 -0.1906 -0.8644
vn -0.5510 -0.7294 -0.4056
vn -0.4654 -0.1906 -0.8643
vn -0.5509 -0.7293 -0.4056
vn -0.5509 -0.7294 -0.4056
vn -0.0000 -0.8739 -0.4860
vn -0.0000 -0.8740 -0.4860
vn 0.4654 -0.1906 -0.8643
vn 0.5510 -0.7294 -0.4056
vn -0.0000 -0.8740 -0.4859
vn 0.5509 -0.7294 -0.4055
vn 0.4654 -0.1906 -0.8644
vn 0.4653 -0.1906 -0.8644
vn 0.5111 0.8595 -0.0010
vn 0.1155 -0.1316 -0.9846
vn 0.5111 0.8595 -0.0011
vn -0.0000 -0.4636 0.8860
vn 0.0001 -0.4636 0.8861
vn -0.0001 -0.8740 -0.4860
vn 0.5509 -0.7294 -0.4056
vn -0.3446 0.2554 0.9033
vn -0.3501 0.2581 0.9004
vn -0.2903 0.2281 0.9294
vn -0.2902 0.2281 0.9294
vn -0.2866 0.2263 0.9309
vn 0.3667 -0.0344 0.9297
vn 0.4357 -0.0568 0.8983
vn -0.2902 0.2282 0.9294
vn -0.3501 0.2582 0.9004
vn 0.8708 -0.3078 0.3834
vn 0.8757 -0.3097 0.3704
vn 0.4358 -0.0568 0.8983
vn 0.4358 -0.0569 0.8983
vn 0.8381 -0.4002 -0.3708
vn 0.8333 -0.3980 -0.3837
vn 0.8758 -0.3096 0.3704
vn 0.8381 -0.4002 -0.3707
vn 0.3429 -0.2651 -0.9012
vn 0.2803 -0.2331 -0.9312
vn -0.3621 0.0424 -0.9312
vn -0.4238 0.0628 -0.9036
vn 0.2803 -0.2332 -0.9312
vn 0.3429 -0.2650 -0.9012
vn -0.8677 0.3166 -0.3833
vn -0.8717 0.3181 -0.3728
vn -0.8717 0.3181 -0.3727
vn -0.8676 0.3166 -0.3834
vn -0.3446 0.2555 0.9033
vn -0.8677 0.3165 -0.3833
vn 0.1043 0.4019 0.9097
vn 0.1043 0.3983 0.9113
vn 0.1118 -0.5615 0.8199
vn 0.1042 0.4019 0.9097
vn 0.0407 -0.9570 0.2871
vn 0.8333 -0.3980 -0.3836
vn -0.0423 -0.9503 -0.3086
vn -0.1138 -0.3901 -0.9137
vn -0.0422 -0.9503 -0.3086
vn 0.8333 -0.3981 -0.3837
vn -0.1028 0.5477 -0.8304
vn 0.2802 -0.2331 -0.9312
vn -0.1028 0.5476 -0.8304
vn -0.0330 0.9564 -0.2901
vn -0.4237 0.0629 -0.9036
vn -0.0330 0.9564 -0.2902
vn -0.8717 0.3182 -0.3727
vn -0.2867 0.2263 0.9309
vn 0.4008 -0.1032 0.9103
vn 0.3972 -0.1032 0.9119
vn 0.1119 -0.5615 0.8199
vn -0.5624 -0.1109 0.8194
vn 0.4008 -0.1031 0.9103
vn 0.0407 -0.9570 0.2872
vn -0.9573 -0.0404 0.2862
vn -0.0423 -0.9503 -0.3085
vn -0.9499 0.0419 -0.3096
vn -0.9573 -0.0403 0.2862
vn -0.9573 -0.0403 0.2861
vn 0.0406 -0.9570 0.2871
vn -0.3890 0.1127 -0.9143
vn 0.5486 0.1018 -0.8298
vn -0.1137 -0.3901 -0.9137
vn 0.9567 0.0327 -0.2891
vn -0.1028 0.5477 -0.8303
vn 0.9568 0.0327 -0.2891
vn -0.0331 0.9564 -0.2903
vn -0.0330 0.9564 -0.2903
vn -0.1043 -0.3997 0.9107
vn -0.1043 -0.3961 0.9123
vn -0.1118 0.5634 0.8186
vn -0.1042 -0.3997 0.9107
vn 0.4008 -0.1032 0.9104
vn -0.9574 -0.0403 0.2861
vn -0.0407 0.9577 0.2850
vn -0.1119 0.5634 0.8186
vn 0.0423 0.9496 -0.3107
vn -0.9499 0.0419 -0.3097
vn 0.1138 0.3879 -0.9146
vn 0.0422 0.9496 -0.3107
vn 0.1028 -0.5496 -0.8291
vn 0.1137 0.3879 -0.9146
vn -0.3891 0.1127 -0.9143
vn 0.5486 0.1019 -0.8299
vn 0.0330 -0.9571 -0.2880
vn 0.5486 0.1018 -0.8299
vn 0.5487 0.1018 -0.8298
vn 0.9568 0.0327 -0.2890
vn 0.0330 -0.9571 -0.2879
vn -0.1043 -0.3962 0.9122
vn 0.9568 0.0326 -0.2890
vn -0.4008 0.1053 0.9101
vn -0.3972 0.1053 0.9117
vn 0.5624 0.1128 0.8191
vn -0.4008 0.1054 0.9101
vn -0.0407 0.9577 0.2849
vn 0.9573 0.0410 0.2860
vn -0.1119 0.5633 0.8186
vn 0.9499 -0.0426 -0.3095
vn 0.9574 0.0410 0.2860
vn -0.0406 0.9577 0.2850
vn 0.0423 0.9496 -0.3106
vn 0.3890 -0.1148 -0.9140
vn -0.5486 -0.1038 -0.8296
vn 0.1138 0.3880 -0.9146
vn -0.9568 -0.0333 -0.2889
vn 0.1028 -0.5496 -0.8290
vn -0.9568 -0.0333 -0.2890
vn -0.3972 0.1053 0.9116
vn -0.9567 -0.0333 -0.2890
vn 0.0330 -0.9571 -0.2878
vn -0.3972 0.1054 0.9116
vn 0.1043 0.4016 0.9099
vn 0.1043 0.3980 0.9114
vn -0.3972 0.1054 0.9117
vn 0.1118 -0.5612 0.8201
vn 0.1042 0.4016 0.9099
vn 0.1119 -0.5612 0.8201
vn 0.9500 -0.0426 -0.3095
vn 0.3890 -0.1148 -0.9141
vn -0.1138 -0.3898 -0.9138
vn -0.0422 -0.9503 -0.3085
vn -0.1028 0.5474 -0.8305
vn 0.3891 -0.1148 -0.9140
vn -0.5487 -0.1037 -0.8296
vn -0.0330 0.9564 -0.2900
vn 0.1042 0.3980 0.9114
vn 0.4005 -0.1032 0.9105
vn 0.3969 -0.1032 0.9120
vn 0.1042 0.3980 0.9115
vn -0.5622 -0.1109 0.8195
vn -0.9574 -0.0404 0.2861
vn -0.0423 -0.9503 -0.3084
vn -0.1137 -0.3898 -0.9139
vn -0.3887 0.1127 -0.9144
vn -0.1138 -0.3898 -0.9139
vn 0.5484 0.1018 -0.8300
vn -0.1028 0.5475 -0.8305
vn 0.3969 -0.1033 0.9120
vn 0.1043 0.3981 0.9114
vn -0.1043 -0.3994 0.9108
vn -0.1043 -0.3958 0.9124
vn 0.3970 -0.1032 0.9120
vn -0.1119 0.5632 0.8187
vn -0.1042 -0.3994 0.9108
vn -0.5622 -0.1109 0.8196
vn -0.9574 -0.0403 0.2860
vn 0.0422 0.9496 -0.3108
vn -0.3887 0.1127 -0.9145
vn 0.5484 0.1019 -0.8300
vn 0.5483 0.1018 -0.8300
vn -0.3658 -0.0436 0.9297
vn -0.3619 -0.0423 0.9313
vn -0.1042 -0.3958 0.9124
vn -0.1119 0.5631 0.8187
vn 0.3491 0.2683 0.8979
vn 0.8385 0.4004 0.3695
vn 0.3491 0.2682 0.8979
vn -0.1119 0.5631 0.8188
vn 0.0423 0.9495 -0.3108
vn 0.8704 0.3076 -0.3845
vn 0.3622 0.0330 -0.9315
vn 0.8703 0.3076 -0.3845
vn 0.8703 0.3077 -0.3845
vn -0.3448 -0.2555 -0.9032
vn 0.3623 0.0330 -0.9315
vn 0.1137 0.3880 -0.9146
vn -0.8417 -0.3915 -0.3719
vn -0.8416 -0.3915 -0.3720
vn -0.3449 -0.2556 -0.9032
vn 0.1028 -0.5495 -0.8291
vn 0.0330 -0.9570 -0.2881
vn -0.1043 -0.3959 0.9124
vn -0.3619 -0.0423 0.9312
vn -0.8416 -0.3916 -0.3719
vn -0.0000 0.2655 0.9641
vn -0.0000 0.5396 0.8419
vn -0.3809 0.3818 0.8421
vn -0.3809 0.3819 0.8421
vn -0.1869 0.1881 0.9642
vn 0.1869 0.1881 0.9642
vn 0.3809 0.3819 0.8421
vn 0.2643 0.0011 0.9644
vn 0.5386 0.0010 0.8426
vn 0.1869 -0.1858 0.9646
vn 0.3809 -0.3799 0.8430
vn 0.5386 0.0010 0.8425
vn -0.0000 -0.2632 0.9647
vn -0.0000 -0.5376 0.8432
vn -0.1869 -0.1858 0.9646
vn -0.3809 -0.3799 0.8430
vn -0.0000 -0.5377 0.8432
vn -0.2643 0.0011 0.9644
vn -0.5386 0.0010 0.8426
vn -0.2644 0.0011 0.9644
vn -0.5386 0.0010 0.8425
vn -0.1869 0.1880 0.9642
vn -0.2591 0.6264 0.7352
vn 0.3809 0.3818 0.8421
vn 0.2591 0.6264 0.7352
vn -0.2591 0.6264 0.7351
vn 0.6256 0.2600 0.7356
vn 0.2591 0.6264 0.7351
vn 0.6256 -0.2583 0.7362
vn 0.6255 0.2600 0.7356
vn 0.2591 -0.6247 0.7366
vn 0.6256 -0.2582 0.7362
vn -0.2591 -0.6247 0.7366
vn -0.5387 0.0010 0.8425
vn -0.6256 -0.2583 0.7362
vn -0.6255 -0.2582 0.7362
vn -0.3641 0.8794 0.3068
vn -0.2592 0.6264 0.7351
vn 0.3641 0.8794 0.3068
vn -0.3641 0.8794 0.3069
vn 0.8790 0.3645 0.3074
vn 0.3641 0.8794 0.3069
vn 0.8790 -0.3637 0.3083
vn 0.3641 -0.8787 0.3089
vn 0.8790 -0.3637 0.3082
vn -0.3641 -0.8786 0.3089
vn 0.3641 -0.8786 0.3089
vn 0.3641 -0.8787 0.3088
vn -0.6256 -0.2582 0.7362
vn -0.8790 -0.3637 0.3083
vn -0.3641 -0.8787 0.3089
vn -0.3641 -0.8787 0.3088
vn -0.8790 -0.3638 0.3082
vn -0.6255 -0.2583 0.7362
vn -0.2591 0.6265 0.7351
vn 0.2644 0.0011 0.9644
vn 0.8790 0.3644 0.3074
vn 0.8790 -0.3638 0.3083
vn -0.8790 -0.3638 0.3083
vn -0.3827 0.0026 0.9239
vn -0.3828 0.0027 0.9238
vn -0.3827 0.0011 0.9239
vn -0.3892 0.0046 0.9212
vn -0.3827 0.0027 0.9239
vn -0.3891 0.0046 0.9212
vn -0.3117 0.2574 0.9147
vn -0.2966 0.2498 0.9217
vn -0.2991 0.2510 0.9206
vn -0.3137 0.2583 0.9137
vn -0.0731 0.3796 0.9223
vn -0.0733 0.3834 0.9207
vn -0.0733 0.3837 0.9205
vn -0.0731 0.3799 0.9221
vn 0.3828 -0.0007 0.9239
vn 0.3827 0.0011 0.9239
vn 0.3891 -0.0027 0.9212
vn 0.3827 -0.0007 0.9239
vn 0.3828 -0.0006 0.9238
vn -0.3892 0.0046 0.9211
vn -0.3136 0.2583 0.9137
vn 0.3018 -0.2459 0.9211
vn 0.3018 -0.2458 0.9211
vn 0.3151 -0.2527 0.9148
vn 0.0737 -0.3773 0.9231
vn 0.0739 -0.3811 0.9216
vn -0.0734 0.3834 0.9207
vn -0.0732 0.3796 0.9223
vn 0.3828 -0.0006 0.9239
vn 0.9239 -0.0040 0.3826
vn 0.9239 0.0005 0.3827
vn 0.9265 -0.0088 0.3763
vn 0.3151 -0.2526 0.9148
vn 0.7221 -0.5807 0.3760
vn 0.7279 -0.5819 0.3626
vn 0.0737 -0.3774 0.9231
vn 0.1773 -0.9075 0.3809
vn 0.1771 -0.9090 0.3773
vn 0.1771 -0.9091 0.3770
vn 0.9239 -0.0050 -0.3826
vn 0.9239 -0.0004 -0.3827
vn 0.9265 -0.0094 -0.3763
vn 0.9265 -0.0087 0.3763
vn 0.7213 -0.5814 -0.3765
vn 0.7272 -0.5826 -0.3629
vn 0.7280 -0.5819 0.3626
vn 0.1768 -0.9085 -0.3788
vn 0.1775 -0.9098 -0.3752
vn 0.1776 -0.9099 -0.3749
vn 0.1772 -0.9075 0.3809
vn 0.9239 -0.0048 -0.3826
vn 0.3827 -0.0027 -0.9239
vn 0.3827 -0.0011 -0.9239
vn 0.9239 -0.0051 -0.3826
vn 0.9265 -0.0094 -0.3762
vn 0.3891 -0.0049 -0.9212
vn 0.3890 -0.0048 -0.9212
vn 0.3827 -0.0028 -0.9239
vn 0.2998 -0.2470 -0.9215
vn 0.3135 -0.2540 -0.9150
vn 0.0737 -0.3800 -0.9221
vn 0.0737 -0.3798 -0.9221
vn 0.0739 -0.3836 -0.9205
vn 0.1776 -0.9098 -0.3751
vn -0.3827 0.0005 -0.9239
vn -0.3827 -0.0011 -0.9239
vn 0.3827 -0.0010 -0.9239
vn 0.3890 -0.0049 -0.9212
vn -0.3892 0.0025 -0.9212
vn -0.3891 0.0025 -0.9212
vn -0.3117 0.2552 -0.9153
vn 0.2998 -0.2469 -0.9215
vn -0.2966 0.2476 -0.9223
vn 0.0740 -0.3836 -0.9205
vn -0.0731 0.3774 -0.9232
vn -0.0731 0.3777 -0.9230
vn -0.0733 0.3816 -0.9214
vn -0.9239 0.0034 -0.3826
vn -0.9239 -0.0005 -0.3827
vn -0.3827 0.0006 -0.9239
vn -0.9265 0.0072 -0.3762
vn -0.9239 0.0035 -0.3826
vn -0.3890 0.0025 -0.9212
vn -0.2966 0.2477 -0.9223
vn -0.7062 0.5979 -0.3792
vn -0.7139 0.5990 -0.3627
vn -0.1735 0.9081 -0.3810
vn -0.1744 0.9096 -0.3772
vn -0.1744 0.9095 -0.3773
vn -0.0734 0.3816 -0.9214
vn -0.0732 0.3777 -0.9230
vn -0.3827 0.0010 0.9239
vn -0.3890 0.0047 0.9212
vn -0.2966 0.2498 0.9218
vn -0.3117 0.2573 0.9147
vn -0.1736 0.9081 -0.3810
vn -0.0734 0.3838 0.9205
vn 0.7272 -0.5827 -0.3629
vn 0.3135 -0.2541 -0.9150
vn 0.7279 -0.5820 0.3626
vn -0.3153 0.2589 0.9130
vn -0.9265 0.0071 -0.3762
vn -0.3117 0.2574 0.9146
vn -0.3117 0.2553 -0.9152
vn -0.3891 0.0024 -0.9212
vn 0.1776 -0.9098 -0.3752
vn 0.7213 -0.5813 -0.3765
vn 0.7222 -0.5806 0.3760
vn 0.7221 -0.5806 0.3760
vn 0.3019 -0.2458 0.9211
vn -0.0734 0.3837 0.9205
vn -0.1744 0.9095 -0.3772
vn -0.2967 0.2498 0.9217
vn -0.7062 0.5979 -0.3793
vn -0.2967 0.2476 -0.9223
vn -0.0002 1.0000 -0.0012
vn 0.0002 1.0000 -0.0012
vn -0.0000 1.0000 -0.0013
vn -0.0001 1.0000 -0.0014
vn 0.0001 1.0000 -0.0014
vn -0.0000 1.0000 -0.0015
vn -0.3827 0.0034 0.9239
vn -0.3828 0.0033 0.9238
vn -0.3826 0.0011 0.9239
vn -0.3890 0.0061 0.9212
vn -0.3828 0.0034 0.9238
vn -0.3888 0.0061 0.9213
vn -0.3514 0.1570 0.9230
vn -0.3536 0.1584 0.9219
vn -0.3538 0.1586 0.9218
vn -0.3516 0.1571 0.9229
vn -0.2777 0.2691 0.9222
vn -0.2774 0.2687 0.9224
vn -0.2798 0.2717 0.9208
vn -0.2799 0.2720 0.9207
vn -0.2776 0.2690 0.9223
vn -0.1165 0.3778 0.9185
vn -0.0613 0.3793 0.9232
vn -0.0646 0.3809 0.9223
vn -0.1168 0.3785 0.9182
vn -0.1165 0.3779 0.9185
vn -0.0088 0.4571 0.8894
vn -0.0087 0.4598 0.8880
vn -0.0646 0.3810 0.9223
vn -0.0647 0.3809 0.9223
vn -0.0088 0.4570 0.8894
vn 0.3827 -0.0014 0.9239
vn 0.3826 0.0011 0.9239
vn -0.3889 0.0061 0.9213
vn 0.3887 -0.0042 0.9214
vn 0.3827 -0.0013 0.9239
vn -0.3889 0.0060 0.9212
vn -0.3513 0.1569 0.9230
vn 0.3516 -0.1544 0.9233
vn 0.3538 -0.1558 0.9223
vn 0.3538 -0.1558 0.9222
vn 0.2778 -0.2662 0.9230
vn 0.2801 -0.2691 0.9215
vn 0.2802 -0.2692 0.9214
vn -0.0647 0.3810 0.9223
vn 0.0627 -0.3789 0.9233
vn 0.1180 -0.3759 0.9191
vn -0.0086 0.4597 0.8880
vn 0.0026 -0.4531 0.8915
vn 0.9239 -0.0059 0.3825
vn 0.9239 0.0005 0.3826
vn 0.3888 -0.0042 0.9213
vn 0.9264 -0.0125 0.3764
vn 0.9239 -0.0058 0.3825
vn 0.3514 -0.1543 0.9234
vn 0.8459 -0.3730 0.3813
vn 0.8467 -0.3738 0.3786
vn 0.8467 -0.3738 0.3787
vn 0.3537 -0.1558 0.9223
vn 0.2778 -0.2663 0.9230
vn 0.6670 -0.6405 0.3806
vn 0.6678 -0.6419 0.3769
vn 0.6677 -0.6419 0.3770
vn 0.2802 -0.2691 0.9215
vn 0.1449 -0.9128 0.3817
vn 0.2775 -0.8856 0.3724
vn 0.2775 -0.8855 0.3725
vn 0.0027 -0.4531 0.8914
vn 0.0009 -0.9469 0.3214
vn 0.9239 -0.0069 -0.3826
vn 0.9263 -0.0125 0.3765
vn 0.9263 -0.0131 -0.3766
vn 0.8459 -0.3730 0.3812
vn 0.8456 -0.3743 -0.3806
vn 0.8468 -0.3744 -0.3778
vn 0.8467 -0.3744 -0.3781
vn 0.8467 -0.3739 0.3786
vn 0.6666 -0.6417 -0.3792
vn 0.6680 -0.6424 -0.3755
vn 0.6682 -0.6425 -0.3752
vn 0.6677 -0.6419 0.3769
vn 0.6670 -0.6406 0.3806
vn 0.1449 -0.9128 0.3818
vn 0.1401 -0.9139 -0.3810
vn 0.2786 -0.8861 -0.3704
vn 0.2786 -0.8861 -0.3705
vn 0.2776 -0.8856 0.3724
vn 0.0010 -0.9469 0.3214
vn 0.0011 -0.9469 -0.3216
vn 0.3826 -0.0035 -0.9239
vn 0.3826 -0.0011 -0.9239
vn 0.9263 -0.0131 -0.3765
vn 0.3888 -0.0064 -0.9213
vn 0.3886 -0.0064 -0.9214
vn 0.3826 -0.0036 -0.9239
vn 0.8457 -0.3743 -0.3805
vn 0.3513 -0.1569 -0.9230
vn 0.3540 -0.1576 -0.9219
vn 0.6666 -0.6418 -0.3792
vn 0.2781 -0.2687 -0.9222
vn 0.2780 -0.2686 -0.9222
vn 0.2805 -0.2717 -0.9206
vn 0.6681 -0.6424 -0.3755
vn 0.0588 -0.3799 -0.9232
vn 0.1177 -0.3773 -0.9186
vn 0.1402 -0.9139 -0.3810
vn 0.0012 -0.9469 -0.3216
vn 0.0028 -0.4529 -0.8916
vn -0.3827 0.0013 -0.9239
vn -0.3826 -0.0011 -0.9239
vn -0.3884 0.0039 -0.9215
vn -0.3888 0.0039 -0.9213
vn -0.3827 0.0012 -0.9239
vn 0.3539 -0.1576 -0.9219
vn 0.3512 -0.1569 -0.9230
vn -0.3516 0.1550 -0.9232
vn -0.3515 0.1549 -0.9233
vn -0.3539 0.1564 -0.9221
vn 0.3539 -0.1575 -0.9219
vn 0.2804 -0.2715 -0.9207
vn 0.2780 -0.2686 -0.9223
vn -0.2773 0.2665 -0.9231
vn -0.2776 0.2668 -0.9229
vn -0.2800 0.2699 -0.9213
vn 0.2803 -0.2715 -0.9207
vn -0.1165 0.3757 -0.9194
vn 0.0587 -0.3799 -0.9232
vn -0.0613 0.3772 -0.9241
vn 0.0029 -0.4529 -0.8916
vn -0.0088 0.4549 -0.8905
vn -0.9239 0.0051 -0.3826
vn -0.9264 0.0104 -0.3764
vn -0.8444 0.3759 -0.3817
vn -0.8456 0.3760 -0.3789
vn -0.8456 0.3760 -0.3790
vn -0.3538 0.1564 -0.9221
vn -0.3516 0.1549 -0.9233
vn -0.6643 0.6432 -0.3807
vn -0.6658 0.6439 -0.3768
vn -0.6658 0.6439 -0.3769
vn -0.2799 0.2699 -0.9213
vn -0.2776 0.2667 -0.9229
vn -0.1531 0.9108 -0.3834
vn -0.2712 0.8877 -0.3722
vn -0.2712 0.8876 -0.3722
vn -0.1164 0.3757 -0.9194
vn -0.0614 0.3772 -0.9241
vn -0.0088 0.4550 -0.8905
vn -0.0327 0.9484 -0.3155
vn -0.0614 0.3771 -0.9241
vn -0.9239 0.0050 -0.3826
vn -0.3826 0.0012 0.9239
vn -0.9239 -0.0004 -0.3827
vn -0.9264 0.0103 -0.3764
vn -0.3887 0.0061 0.9213
vn -0.3827 0.0033 0.9239
vn -0.9264 0.0104 -0.3765
vn -0.8444 0.3760 -0.3817
vn -0.3539 0.1585 0.9218
vn -0.6643 0.6432 -0.3808
vn -0.2800 0.2720 0.9207
vn -0.6658 0.6440 -0.3768
vn -0.0612 0.3794 0.9232
vn -0.0326 0.9484 -0.3155
vn 0.8468 -0.3743 -0.3778
vn -0.3889 0.0061 0.9212
vn -0.3888 0.0060 0.9213
vn -0.8456 0.3759 -0.3789
vn -0.3538 0.1565 -0.9221
vn 0.3539 -0.1577 -0.9219
vn 0.2803 -0.2716 -0.9207
vn 0.2804 -0.2716 -0.9207
vn 0.6677 -0.6420 0.3769
vn 0.3515 -0.1543 0.9234
vn -0.3516 0.1570 0.9229
vn -0.2800 0.2698 -0.9213
vn -0.6659 0.6439 -0.3768
vn 0.3512 -0.1568 -0.9231
vn 0.2802 -0.2718 -0.9207
vn -0.2798 0.2697 -0.9214
vn 0.1180 -0.3758 0.9192
vn -0.1168 0.3786 0.9182
vn 0.1180 -0.3758 0.9191
vn -0.1167 0.3784 0.9182
vn -0.2774 0.2688 0.9224
vn -0.2776 0.2689 0.9223
vn 0.3828 0.0011 0.9238
vn -0.0000 1.0000 -0.0010
vn -0.3887 0.0061 0.9214
vn -0.3535 0.1583 0.9219
vn -0.3539 0.1586 0.9218
vn -0.2798 0.2718 0.9208
vn -0.2797 0.2717 0.9208
vn -0.0613 0.3794 0.9232
vn -0.1164 0.3778 0.9185
vn -0.0086 0.4598 0.8880
vn -0.3514 0.1569 0.9230
vn 0.3537 -0.1557 0.9223
vn -0.3513 0.1570 0.9230
vn 0.2779 -0.2662 0.9230
vn 0.2800 -0.2690 0.9215
vn -0.2775 0.2687 0.9224
vn 0.0627 -0.3790 0.9233
vn 0.0026 -0.4532 0.8914
vn 0.9239 -0.0059 0.3826
vn 0.9239 -0.0058 0.3826
vn 0.8466 -0.3737 0.3790
vn 0.6678 -0.6420 0.3766
vn 0.2775 -0.8856 0.3725
vn 0.0026 -0.4531 0.8914
vn 0.8457 -0.3743 -0.3804
vn 0.8468 -0.3744 -0.3779
vn 0.8458 -0.3731 0.3813
vn 0.6670 -0.6405 0.3807
vn 0.6680 -0.6425 -0.3755
vn 0.6680 -0.6424 -0.3756
vn 0.1401 -0.9139 -0.3809
vn 0.2776 -0.8856 0.3725
vn 0.0011 -0.9469 -0.3215
vn 0.9239 -0.0004 -0.3826
vn 0.3883 -0.0064 -0.9215
vn 0.3542 -0.1577 -0.9218
vn 0.6666 -0.6418 -0.3791
vn 0.2783 -0.2689 -0.9221
vn 0.6680 -0.6425 -0.3754
vn 0.1402 -0.9139 -0.3809
vn 0.1177 -0.3774 -0.9185
vn 0.1177 -0.3774 -0.9186
vn 0.0028 -0.4529 -0.8915
vn -0.3889 0.0039 -0.9213
vn -0.3516 0.1549 -0.9232
vn 0.3540 -0.1575 -0.9219
vn 0.2781 -0.2686 -0.9222
vn -0.2777 0.2669 -0.9228
vn -0.1164 0.3756 -0.9194
vn 0.1178 -0.3773 -0.9186
vn 0.0588 -0.3799 -0.9231
vn 0.0029 -0.4529 -0.8915
vn -0.8444 0.3759 -0.3816
vn -0.3539 0.1565 -0.9221
vn -0.6659 0.6440 -0.3767
vn -0.1531 0.9108 -0.3833
vn -0.2712 0.8877 -0.3721
vn -0.1164 0.3758 -0.9194
vn -0.0089 0.4550 -0.8905
vn -0.3826 0.0010 0.9239
vn -0.9239 -0.0005 -0.3826
vn -0.3827 0.0033 0.9238
vn -0.8444 0.3760 -0.3816
vn -0.3539 0.1586 0.9217
vn -0.0614 0.3793 0.9232
vn -0.1531 0.9109 -0.3833
vn -0.0614 0.3794 0.9232
vn 0.9263 -0.0125 0.3766
vn 0.3888 -0.0043 0.9213
vn 0.3538 -0.1559 0.9222
vn -0.3537 0.1584 0.9219
vn -0.3536 0.1585 0.9219
vn -0.3890 0.0060 0.9212
vn -0.8456 0.3760 -0.3788
vn 0.6681 -0.6424 -0.3754
vn 0.2802 -0.2691 0.9214
vn -0.6658 0.6440 -0.3767
vn -0.2800 0.2720 0.9206
vn -0.6659 0.6439 -0.3767
vn 0.2785 -0.8861 -0.3704
vn 0.6667 -0.6417 -0.3792
vn 0.1181 -0.3758 0.9191
vn -0.1167 0.3784 0.9183
vn 0.2780 -0.2687 -0.9222
vn -0.3890 0.0046 0.9212
vn -0.3136 0.2583 0.9138
vn -0.0731 0.3797 0.9222
vn -0.0732 0.3798 0.9222
vn -0.0733 0.3836 0.9206
vn -0.3891 0.0047 0.9212
vn 0.3890 -0.0027 0.9212
vn 0.3827 -0.0006 0.9239
vn 0.3149 -0.2526 0.9149
vn 0.0737 -0.3772 0.9232
vn 0.0739 -0.3809 0.9216
vn -0.0732 0.3795 0.9223
vn 0.9265 -0.0088 0.3762
vn 0.9239 -0.0041 0.3826
vn 0.3891 -0.0026 0.9212
vn 0.7222 -0.5807 0.3759
vn 0.7221 -0.5807 0.3759
vn 0.7280 -0.5819 0.3625
vn 0.1773 -0.9075 0.3808
vn 0.1771 -0.9090 0.3772
vn 0.0737 -0.3773 0.9232
vn 0.9239 -0.0050 -0.3827
vn 0.9264 -0.0094 -0.3764
vn 0.9265 -0.0087 0.3762
vn 0.1768 -0.9084 -0.3789
vn 0.1775 -0.9097 -0.3754
vn 0.1772 -0.9090 0.3772
vn 0.1772 -0.9075 0.3808
vn 0.9239 -0.0048 -0.3827
vn 0.9239 -0.0051 -0.3827
vn 0.3887 -0.0048 -0.9213
vn 0.3827 -0.0029 -0.9239
vn 0.7213 -0.5814 -0.3766
vn 0.1767 -0.9084 -0.3788
vn 0.0737 -0.3800 -0.9220
vn 0.0739 -0.3834 -0.9206
vn 0.3826 -0.0028 -0.9239
vn -0.2966 0.2476 -0.9224
vn 0.0739 -0.3836 -0.9206
vn -0.0731 0.3778 -0.9230
vn -0.0734 0.3817 -0.9214
vn -0.9239 0.0034 -0.3827
vn -0.3826 0.0006 -0.9239
vn -0.9239 0.0035 -0.3827
vn -0.3826 0.0005 -0.9239
vn -0.1735 0.9081 -0.3811
vn -0.0734 0.3815 -0.9214
vn -0.9238 -0.0004 -0.3828
vn -0.3827 0.0028 0.9239
vn -0.9265 0.0072 -0.3763
vn -0.7062 0.5978 -0.3793
vn -0.2966 0.2497 0.9218
vn -0.7139 0.5989 -0.3627
vn -0.1736 0.9081 -0.3811
vn 0.9264 -0.0095 -0.3763
vn 0.9264 -0.0094 -0.3763
vn -0.3154 0.2589 0.9130
vn -0.7139 0.5989 -0.3628
vn -0.3890 0.0024 -0.9212
vn 0.7222 -0.5806 0.3759
vn 0.0740 -0.3811 0.9216
vn -0.2990 0.2510 0.9206
vn -0.1743 0.9095 -0.3773
vn 0.2997 -0.2469 -0.9215
vn 0.2997 -0.2470 -0.9215
vt 0.870216 0.827333
vt 0.829224 0.827333
vt 0.829224 0.843871
vt 0.870216 0.843871
vt 0.788701 0.827333
vt 0.788701 0.843871
vt 0.748548 0.827333
vt 0.748548 0.843871
vt 0.707349 0.827333
vt 0.707349 0.843871
vt 0.666916 0.827333
vt 0.666916 0.843871
vt 0.626168 0.827333
vt 0.626168 0.843871
vt 0.585564 0.827333
vt 0.585564 0.843871
vt 0.992195 0.827333
vt 0.951505 0.827333
vt 0.951505 0.843871
vt 0.992195 0.843871
vt 0.910359 0.827333
vt 0.910359 0.843871
vt 0.970072 0.808853
vt 0.945781 0.816627
vt 0.945972 0.775522
vt 0.985026 0.788291
vt 0.985026 0.762857
vt 0.970114 0.742302
vt 0.945953 0.734466
vt 0.921782 0.742255
vt 0.906888 0.762796
vt 0.906869 0.788189
vt 0.921709 0.808723
vt 0.857947 0.773978
vt 0.869374 0.738357
vt 0.888132 0.751881
vt 0.895355 0.773838
vt 0.888294 0.795855
vt 0.869638 0.809509
vt 0.846520 0.809602
vt 0.827763 0.796076
vt 0.820540 0.774117
vt 0.827605 0.752103
vt 0.846256 0.738445
vt 0.870216 0.964493
vt 0.870216 0.992322
vt 0.829224 0.992322
vt 0.829224 0.964493
vt 0.910791 0.964493
vt 0.910806 0.992319
vt 0.951364 0.964493
vt 0.951355 0.992322
vt 0.991919 0.964493
vt 0.991926 0.992331
vt 0.626168 0.964493
vt 0.626168 0.992331
vt 0.585564 0.992324
vt 0.585564 0.964493
vt 0.666916 0.964493
vt 0.666916 0.992330
vt 0.707349 0.964493
vt 0.707349 0.992318
vt 0.748548 0.964493
vt 0.748548 0.992318
vt 0.788701 0.964493
vt 0.788701 0.992325
vt 0.870216 0.954032
vt 0.829224 0.954032
vt 0.829224 0.964494
vt 0.870216 0.964494
vt 0.910359 0.964493
vt 0.910359 0.954032
vt 0.951505 0.964494
vt 0.951504 0.954032
vt 0.992195 0.964494
vt 0.992195 0.954032
vt 0.626168 0.964493
vt 0.626168 0.954032
vt 0.585564 0.954032
vt 0.585564 0.964494
vt 0.666916 0.964494
vt 0.666916 0.954032
vt 0.707348 0.964493
vt 0.707348 0.954032
vt 0.748547 0.964493
vt 0.748547 0.954032
vt 0.788701 0.964493
vt 0.788701 0.954032
vt 0.867269 0.804398
vt 0.866277 0.801358
vt 0.880489 0.791036
vt 0.883074 0.792913
vt 0.847722 0.804405
vt 0.848711 0.801364
vt 0.831917 0.792923
vt 0.834499 0.791041
vt 0.825870 0.774341
vt 0.829066 0.774341
vt 0.831908 0.755751
vt 0.834494 0.757630
vt 0.847711 0.744263
vt 0.848703 0.747302
vt 0.867252 0.744263
vt 0.866265 0.747304
vt 0.883067 0.755744
vt 0.880482 0.757625
vt 0.889105 0.774327
vt 0.885908 0.774327
vt 0.870216 0.827333
vt 0.829224 0.827333
vt 0.829224 0.843871
vt 0.870216 0.843871
vt 0.788701 0.827333
vt 0.788701 0.843871
vt 0.748548 0.827333
vt 0.748548 0.843871
vt 0.707349 0.827333
vt 0.707349 0.843871
vt 0.666916 0.827333
vt 0.666916 0.843871
vt 0.626168 0.827333
vt 0.626168 0.843871
vt 0.585564 0.827333
vt 0.585564 0.843871
vt 0.992195 0.827333
vt 0.951505 0.827333
vt 0.951505 0.843871
vt 0.992195 0.843871
vt 0.910359 0.827333
vt 0.910359 0.843871
vt 0.970072 0.808853
vt 0.945781 0.816627
vt 0.945972 0.775522
vt 0.985026 0.788291
vt 0.985026 0.762857
vt 0.970114 0.742302
vt 0.945953 0.734466
vt 0.921782 0.742255
vt 0.906888 0.762796
vt 0.906869 0.788189
vt 0.921709 0.808723
vt 0.857947 0.773978
vt 0.869374 0.738357
vt 0.888132 0.751881
vt 0.895355 0.773838
vt 0.888294 0.795855
vt 0.869638 0.809509
vt 0.846520 0.809602
vt 0.827763 0.796076
vt 0.820540 0.774117
vt 0.827605 0.752103
vt 0.846256 0.738445
vt 0.870216 0.964493
vt 0.870216 0.992322
vt 0.829224 0.992322
vt 0.829224 0.964493
vt 0.910791 0.964493
vt 0.910806 0.992319
vt 0.951364 0.964493
vt 0.951355 0.992322
vt 0.991919 0.964493
vt 0.991926 0.992331
vt 0.626168 0.964493
vt 0.626168 0.992331
vt 0.585564 0.992324
vt 0.585564 0.964493
vt 0.666916 0.964493
vt 0.666916 0.992330
vt 0.707349 0.964493
vt 0.707349 0.992318
vt 0.748548 0.964493
vt 0.748548 0.992318
vt 0.788701 0.964493
vt 0.788701 0.992325
vt 0.870216 0.954032
vt 0.829224 0.954032
vt 0.829224 0.964494
vt 0.870216 0.964494
vt 0.910359 0.964493
vt 0.910359 0.954032
vt 0.951505 0.964494
vt 0.951504 0.954032
vt 0.992195 0.964494
vt 0.992195 0.954032
vt 0.626168 0.964493
vt 0.626168 0.954032
vt 0.585564 0.954032
vt 0.585564 0.964494
vt 0.666916 0.964494
vt 0.666916 0.954032
vt 0.707348 0.964493
vt 0.707348 0.954032
vt 0.748547 0.964493
vt 0.748547 0.954032
vt 0.788701 0.964493
vt 0.788701 0.954032
vt 0.867269 0.804398
vt 0.866277 0.801358
vt 0.880489 0.791036
vt 0.883074 0.792913
vt 0.847722 0.804405
vt 0.848711 0.801364
vt 0.831917 0.792923
vt 0.834499 0.791041
vt 0.825870 0.774341
vt 0.829066 0.774341
vt 0.831908 0.755751
vt 0.834494 0.757630
vt 0.847711 0.744263
vt 0.848703 0.747302
vt 0.867252 0.744263
vt 0.866265 0.747304
vt 0.883067 0.755744
vt 0.880482 0.757625
vt 0.889105 0.774327
vt 0.885908 0.774327
vt 0.709189 0.107227
vt 0.654497 0.110209
vt 0.654497 0.087115
vt 0.709188 0.090092
vt 0.843060 0.198538
vt 0.854982 0.143532
vt 0.846240 0.143532
vt 0.835668 0.198536
vt 0.860107 0.107222
vt 0.850395 0.107226
vt 0.850398 0.090094
vt 0.860111 0.090090
vt 0.684422 0.160955
vt 0.677027 0.160955
vt 0.687597 0.215962
vt 0.696334 0.215967
vt 0.925309 0.107231
vt 0.917217 0.107228
vt 0.917219 0.090096
vt 0.925311 0.090095
vt 0.835668 0.206934
vt 0.835669 0.215023
vt 0.843063 0.215023
vt 0.843063 0.206934
vt 0.717281 0.090096
vt 0.717275 0.107228
vt 0.684422 0.152556
vt 0.684422 0.144467
vt 0.677027 0.144467
vt 0.677027 0.152556
vt 0.589813 0.336912
vt 0.511297 0.337899
vt 0.518972 0.344622
vt 0.585892 0.343741
vt 0.595667 0.391609
vt 0.591577 0.384773
vt 0.524040 0.384174
vt 0.516754 0.391378
vt 0.786575 0.090092
vt 0.786575 0.107227
vt 0.981279 0.110207
vt 0.981279 0.121527
vt 0.925310 0.115629
vt 0.709186 0.115624
vt 0.654500 0.121530
vt 0.981275 0.087112
vt 0.925309 0.081695
vt 0.981280 0.075795
vt 0.654497 0.075795
vt 0.709187 0.081694
vt 0.602226 0.345122
vt 0.594562 0.355233
vt 0.510707 0.254342
vt 0.517975 0.266322
vt 0.598231 0.265160
vt 0.608549 0.254342
vt 0.511309 0.355684
vt 0.499674 0.344512
vt 0.606562 0.383355
vt 0.598863 0.373118
vt 0.515306 0.373118
vt 0.504399 0.384902
vt 0.521281 0.475879
vt 0.619377 0.472397
vt 0.608050 0.461883
vt 0.527800 0.463795
vt 0.784738 0.198535
vt 0.786034 0.143530
vt 0.777664 0.143533
vt 0.777662 0.198535
vt 0.784738 0.206933
vt 0.777662 0.206934
vt 0.777662 0.215023
vt 0.784739 0.215023
vt 0.612018 0.265903
vt 0.598776 0.272140
vt 0.511651 0.274031
vt 0.499793 0.266005
vt 0.795985 0.107227
vt 0.795985 0.090092
vt 0.509520 0.464657
vt 0.520914 0.456549
vt 0.607872 0.454685
vt 0.621397 0.460385
vt 0.626100 0.152561
vt 0.626096 0.144475
vt 0.619022 0.144472
vt 0.619023 0.152561
vt 0.619023 0.160960
vt 0.626100 0.160960
vt 0.619020 0.215967
vt 0.627385 0.215967
vt 0.750913 0.706465
vt 0.750913 0.577066
vt 0.733070 0.577066
vt 0.733070 0.706465
vt 0.768756 0.706466
vt 0.768756 0.577066
vt 0.786599 0.706466
vt 0.786599 0.577066
vt 0.804442 0.706466
vt 0.804442 0.577066
vt 0.822284 0.706466
vt 0.822285 0.577066
vt 0.840127 0.706466
vt 0.840127 0.577066
vt 0.857970 0.706465
vt 0.857970 0.577066
vt 0.875813 0.706465
vt 0.875813 0.577066
vt 0.893656 0.706465
vt 0.893656 0.577066
vt 0.911499 0.706465
vt 0.911499 0.577066
vt 0.929342 0.706466
vt 0.929342 0.577066
vt 0.947184 0.706466
vt 0.947185 0.577066
vt 0.965027 0.706466
vt 0.965028 0.577066
vt 0.982870 0.706466
vt 0.982870 0.577066
vt 0.643857 0.706465
vt 0.643857 0.577066
vt 0.626014 0.577066
vt 0.626014 0.706465
vt 0.661700 0.706465
vt 0.661699 0.577066
vt 0.679542 0.706465
vt 0.679542 0.577066
vt 0.697385 0.706465
vt 0.697385 0.577066
vt 0.715228 0.706465
vt 0.715228 0.577066
vt 0.838171 0.458166
vt 0.821201 0.452650
vt 0.812276 0.508976
vt 0.852603 0.468656
vt 0.863092 0.483091
vt 0.868604 0.500060
vt 0.868601 0.517904
vt 0.863086 0.534873
vt 0.852597 0.549307
vt 0.838160 0.559794
vt 0.821192 0.565304
vt 0.803350 0.565302
vt 0.786380 0.559787
vt 0.771942 0.549302
vt 0.761460 0.534863
vt 0.755947 0.517893
vt 0.755946 0.500051
vt 0.761463 0.483082
vt 0.771952 0.468647
vt 0.786388 0.458162
vt 0.803357 0.452650
vt 0.285415 0.385333
vt 0.279750 0.402516
vt 0.229034 0.376382
vt 0.269630 0.417096
vt 0.254803 0.427339
vt 0.237712 0.432801
vt 0.219942 0.432649
vt 0.202911 0.426849
vt 0.188433 0.416602
vt 0.177831 0.402250
vt 0.172236 0.385236
vt 0.172399 0.367279
vt 0.178190 0.349986
vt 0.188460 0.335229
vt 0.203152 0.324826
vt 0.220225 0.319323
vt 0.238039 0.319509
vt 0.255557 0.325044
vt 0.270239 0.335511
vt 0.280411 0.350459
vt 0.286008 0.367534
vt 0.747709 0.298440
vt 0.756287 0.406758
vt 0.740466 0.407969
vt 0.729443 0.300023
vt 0.723162 0.409309
vt 0.710682 0.302057
vt 0.705767 0.411110
vt 0.692716 0.304329
vt 0.688729 0.413500
vt 0.674658 0.306903
vt 0.671655 0.416358
vt 0.656821 0.310267
vt 0.655466 0.419981
vt 0.639084 0.314239
vt 0.639165 0.425206
vt 0.621795 0.318272
vt 0.985941 0.312638
vt 0.969728 0.425142
vt 0.952958 0.419663
vt 0.967546 0.309096
vt 0.936630 0.415649
vt 0.948990 0.306056
vt 0.918930 0.412724
vt 0.930189 0.303334
vt 0.901400 0.410486
vt 0.911362 0.300997
vt 0.884202 0.408848
vt 0.893049 0.299120
vt 0.867661 0.407387
vt 0.874749 0.297561
vt 0.851831 0.406291
vt 0.856117 0.296619
vt 0.835807 0.405518
vt 0.837962 0.296015
vt 0.819810 0.405334
vt 0.819842 0.295756
vt 0.803199 0.405278
vt 0.801688 0.295858
vt 0.787500 0.405557
vt 0.783469 0.296417
vt 0.771993 0.405962
vt 0.765485 0.297270
vt 0.890300 0.549989
vt 0.982488 0.549990
vt 0.982488 0.532147
vt 0.890300 0.532147
vt 0.982491 0.514302
vt 0.890302 0.514303
vt 0.982489 0.496460
vt 0.890302 0.496459
vt 0.982490 0.478619
vt 0.890302 0.478618
vt 0.982490 0.460776
vt 0.890303 0.460776
vt 0.982388 0.549931
vt 0.890202 0.549931
vt 0.890202 0.567775
vt 0.982387 0.567772
vt 0.075192 0.039727
vt 0.072988 0.043940
vt 0.062843 0.042583
vt 0.063553 0.037885
vt 0.085173 0.044990
vt 0.081700 0.048372
vt 0.075507 0.112897
vt 0.073265 0.109129
vt 0.082040 0.104745
vt 0.085719 0.107892
vt 0.064097 0.114931
vt 0.063299 0.110905
vt 0.052051 0.113575
vt 0.052985 0.109313
vt 0.041097 0.108176
vt 0.043500 0.104454
vt 0.032044 0.100016
vt 0.035507 0.097248
vt 0.024497 0.088894
vt 0.028458 0.087422
vt 0.022011 0.076924
vt 0.026180 0.076946
vt 0.025075 0.064399
vt 0.029264 0.065830
vt 0.030951 0.053470
vt 0.034295 0.056213
vt 0.040070 0.045030
vt 0.042239 0.048842
vt 0.051319 0.039651
vt 0.052162 0.044121
vt 0.161154 0.037884
vt 0.161976 0.042226
vt 0.151849 0.043747
vt 0.149554 0.039615
vt 0.142288 0.044325
vt 0.142964 0.048142
vt 0.082113 0.044439
vt 0.139168 0.044645
vt 0.012555 0.248984
vt 0.012556 0.241207
vt 0.115390 0.241216
vt 0.115393 0.248984
vt 0.137913 0.107815
vt 0.141558 0.104537
vt 0.149763 0.109076
vt 0.147374 0.113181
vt 0.159472 0.110582
vt 0.158765 0.115314
vt 0.170192 0.109439
vt 0.171049 0.114017
vt 0.180257 0.105039
vt 0.182489 0.108996
vt 0.188380 0.097865
vt 0.191808 0.100784
vt 0.193705 0.088422
vt 0.198030 0.090017
vt 0.197330 0.077513
vt 0.201489 0.077665
vt 0.195819 0.066847
vt 0.199763 0.065439
vt 0.189543 0.056978
vt 0.193013 0.054188
vt 0.181780 0.049386
vt 0.184308 0.045555
vt 0.172276 0.044242
vt 0.173295 0.039836
vt 0.085138 0.057430
vt 0.139568 0.057786
vt 0.085677 0.067544
vt 0.138603 0.067710
vt 0.085815 0.077201
vt 0.139215 0.076880
vt 0.086582 0.086049
vt 0.138815 0.086302
vt 0.085568 0.095656
vt 0.138848 0.095894
vt 0.056573 0.077262
vt 0.167556 0.076922
vt 0.174819 0.653730
vt 0.008720 0.625560
vt 0.010525 0.598035
vt 0.174820 0.635346
vt 0.013447 0.570474
vt 0.174819 0.616759
vt 0.018283 0.542639
vt 0.174820 0.598190
vt 0.024861 0.514514
vt 0.174820 0.579600
vt 0.033178 0.486458
vt 0.174820 0.559440
vt 0.042332 0.458768
vt 0.174820 0.538482
vt 0.053810 0.431174
vt 0.174820 0.517415
vt 0.174820 0.914492
vt 0.055319 0.987877
vt 0.042621 0.961279
vt 0.174820 0.896440
vt 0.032258 0.934506
vt 0.174820 0.877680
vt 0.024785 0.906072
vt 0.174820 0.858694
vt 0.019631 0.877330
vt 0.174820 0.839257
vt 0.015992 0.848676
vt 0.174819 0.818588
vt 0.013375 0.820344
vt 0.174819 0.796421
vt 0.011795 0.791986
vt 0.174820 0.774045
vt 0.011461 0.763439
vt 0.174820 0.751596
vt 0.010753 0.735412
vt 0.174820 0.729034
vt 0.010045 0.707735
vt 0.174820 0.708743
vt 0.008841 0.680434
vt 0.174819 0.690403
vt 0.008278 0.653110
vt 0.174820 0.672064
vt 0.316803 0.275069
vt 0.322184 0.268768
vt 0.342794 0.290894
vt 0.336012 0.295883
vt 0.358185 0.316985
vt 0.350539 0.320421
vt 0.366593 0.345475
vt 0.358617 0.346634
vt 0.369236 0.374482
vt 0.360846 0.374157
vt 0.365939 0.403116
vt 0.357930 0.401159
vt 0.356395 0.430012
vt 0.348903 0.426473
vt 0.340843 0.454054
vt 0.334277 0.449589
vt 0.115367 0.450340
vt 0.107914 0.454054
vt 0.095476 0.425826
vt 0.103191 0.423149
vt 0.088098 0.395563
vt 0.096527 0.394535
vt 0.088157 0.364058
vt 0.096509 0.364876
vt 0.094842 0.333331
vt 0.102859 0.336111
vt 0.107971 0.304776
vt 0.115028 0.309158
vt 0.126756 0.279719
vt 0.133261 0.285827
vt 0.150723 0.259452
vt 0.155432 0.266540
vt 0.178121 0.244931
vt 0.181165 0.252835
vt 0.208073 0.236743
vt 0.209248 0.244862
vt 0.238824 0.235024
vt 0.238207 0.243358
vt 0.268948 0.240322
vt 0.266627 0.248184
vt 0.297402 0.251696
vt 0.293319 0.258846
vt 0.303997 0.289800
vt 0.320440 0.307538
vt 0.313956 0.390241
vt 0.331762 0.393343
vt 0.321134 0.423768
vt 0.305387 0.415358
vt 0.332603 0.328665
vt 0.313532 0.363276
vt 0.331507 0.360497
vt 0.339500 0.351442
vt 0.306353 0.337156
vt 0.322314 0.328900
vt 0.341946 0.374064
vt 0.289816 0.315685
vt 0.302593 0.302997
vt 0.338443 0.395688
vt 0.268426 0.299337
vt 0.276774 0.283190
vt 0.331707 0.417636
vt 0.243203 0.290760
vt 0.246187 0.273014
vt 0.319445 0.436766
vt 0.215968 0.291054
vt 0.213100 0.273014
vt 0.131772 0.439152
vt 0.121115 0.416824
vt 0.189784 0.298802
vt 0.181585 0.282954
vt 0.116085 0.392611
vt 0.168353 0.315576
vt 0.155498 0.302626
vt 0.115769 0.366400
vt 0.152302 0.337190
vt 0.136314 0.329016
vt 0.120753 0.342168
vt 0.144049 0.362599
vt 0.126364 0.359600
vt 0.131674 0.319036
vt 0.144782 0.389445
vt 0.126842 0.392075
vt 0.146853 0.298722
vt 0.152038 0.415191
vt 0.136132 0.423039
vt 0.166294 0.282702
vt 0.168648 0.436130
vt 0.155714 0.448824
vt 0.188442 0.270740
vt 0.189768 0.452381
vt 0.181688 0.468196
vt 0.212133 0.263861
vt 0.215078 0.460398
vt 0.212231 0.477992
vt 0.237004 0.262860
vt 0.241874 0.460193
vt 0.244736 0.478001
vt 0.261465 0.266816
vt 0.267759 0.452914
vt 0.275588 0.468492
vt 0.283947 0.276074
vt 0.289112 0.436547
vt 0.301552 0.449615
vt 0.741634 0.429185
vt 0.725751 0.429912
vt 0.710050 0.431023
vt 0.694124 0.432494
vt 0.678992 0.435723
vt 0.664428 0.439887
vt 0.651775 0.445162
vt 0.957424 0.445162
vt 0.944389 0.439558
vt 0.929882 0.436102
vt 0.914328 0.433740
vt 0.898021 0.430963
vt 0.881690 0.428811
vt 0.865778 0.428141
vt 0.850271 0.427550
vt 0.834473 0.427481
vt 0.818760 0.426261
vt 0.803260 0.426720
vt 0.787773 0.426262
vt 0.772723 0.427349
vt 0.757263 0.428838
vt 0.574295 0.635346
vt 0.574295 0.616759
vt 0.574295 0.598190
vt 0.574295 0.579600
vt 0.574295 0.559440
vt 0.574295 0.538482
vt 0.574295 0.517415
vt 0.574295 0.914492
vt 0.574295 0.896440
vt 0.574295 0.877679
vt 0.574295 0.858694
vt 0.574295 0.839257
vt 0.574295 0.818588
vt 0.574295 0.796421
vt 0.574295 0.774045
vt 0.574295 0.751596
vt 0.574295 0.729034
vt 0.574295 0.708743
vt 0.574295 0.690403
vt 0.574295 0.672064
vt 0.574295 0.653730
vt 0.012218 0.219926
vt 0.012219 0.134169
vt 0.026527 0.134169
vt 0.026527 0.219926
vt 0.040834 0.134169
vt 0.040834 0.219926
vt 0.055142 0.134169
vt 0.055143 0.219927
vt 0.069449 0.134168
vt 0.069451 0.219927
vt 0.083756 0.134168
vt 0.083757 0.219925
vt 0.098067 0.134170
vt 0.098065 0.219926
vt 0.106076 0.133335
vt 0.111667 0.133335
vt 0.111668 0.219091
vt 0.106076 0.219092
vt 0.192693 0.219090
vt 0.187102 0.219090
vt 0.187101 0.133333
vt 0.192692 0.133332
vt 0.124234 0.219091
vt 0.124233 0.133335
vt 0.136810 0.219090
vt 0.136806 0.133331
vt 0.149386 0.219092
vt 0.149382 0.133331
vt 0.161961 0.219091
vt 0.161959 0.133333
vt 0.174535 0.219090
vt 0.174534 0.133333
vt 0.675849 0.049931
vt 0.621171 0.052997
vt 0.621127 0.029908
vt 0.675821 0.032796
vt 0.987483 0.052393
vt 0.929178 0.049513
vt 0.929146 0.032378
vt 0.987442 0.029301
vt 0.891957 0.049574
vt 0.891934 0.032437
vt 0.908443 0.160017
vt 0.908443 0.218395
vt 0.865756 0.202646
vt 0.873520 0.147136
vt 0.635275 0.085907
vt 0.648156 0.120825
vt 0.592644 0.128596
vt 0.576899 0.085907
vt 0.975955 0.162908
vt 0.987876 0.217916
vt 0.979135 0.217916
vt 0.968562 0.162910
vt 0.826772 0.049685
vt 0.817057 0.049701
vt 0.817028 0.032563
vt 0.826742 0.032548
vt 0.709472 0.198538
vt 0.716867 0.198538
vt 0.706286 0.143535
vt 0.697546 0.143534
vt 0.883868 0.049588
vt 0.883845 0.032451
vt 0.968562 0.154511
vt 0.968562 0.146422
vt 0.975957 0.146422
vt 0.975957 0.154511
vt 0.683910 0.032783
vt 0.683938 0.049917
vt 0.709472 0.206937
vt 0.709472 0.215027
vt 0.716868 0.215027
vt 0.716867 0.206937
vt 0.403146 0.337171
vt 0.481661 0.338149
vt 0.473985 0.344874
vt 0.407063 0.343994
vt 0.402010 0.392166
vt 0.406035 0.385357
vt 0.473703 0.384773
vt 0.480844 0.392148
vt 0.753204 0.032671
vt 0.753238 0.049801
vt 0.854476 0.201671
vt 0.865154 0.146420
vt 0.675866 0.058328
vt 0.621189 0.064317
vt 0.922221 0.225284
vt 0.978214 0.228178
vt 0.977333 0.236534
vt 0.921045 0.236534
vt 0.621110 0.018590
vt 0.675812 0.024398
vt 0.390739 0.345388
vt 0.398398 0.355492
vt 0.482246 0.254594
vt 0.474978 0.266575
vt 0.394721 0.265410
vt 0.384401 0.254594
vt 0.481647 0.355936
vt 0.493282 0.344762
vt 0.391527 0.384045
vt 0.399097 0.373722
vt 0.482740 0.373722
vt 0.493417 0.385743
vt 0.475015 0.476638
vt 0.376555 0.472924
vt 0.388162 0.462304
vt 0.468730 0.464616
vt 0.917634 0.162908
vt 0.918927 0.217914
vt 0.910561 0.217916
vt 0.910557 0.162908
vt 0.917634 0.154509
vt 0.910557 0.154509
vt 0.910557 0.146420
vt 0.917634 0.146420
vt 0.380934 0.266155
vt 0.394177 0.272389
vt 0.481302 0.274282
vt 0.493162 0.266255
vt 0.762650 0.049788
vt 0.762614 0.032653
vt 0.486806 0.465480
vt 0.475666 0.457438
vt 0.388609 0.454965
vt 0.375010 0.460657
vt 0.767793 0.206938
vt 0.767796 0.215024
vt 0.774871 0.215027
vt 0.774870 0.206937
vt 0.774870 0.198538
vt 0.767792 0.198539
vt 0.774865 0.143529
vt 0.766499 0.143532
vt 0.011956 0.020864
vt 0.012478 0.020832
vt 0.022838 0.028624
vt 0.019875 0.030251
vt 0.012627 0.020748
vt 0.028774 0.025387
vt 0.012466 0.020609
vt 0.036023 0.020184
vt 0.012034 0.020437
vt 0.032078 0.018010
vt 0.011469 0.020256
vt 0.026023 0.013664
vt 0.010723 0.020238
vt 0.022501 0.010787
vt 0.005768 0.020938
vt 0.020451 0.009784
vt 0.019354 0.030751
vt 0.047830 0.022207
vt 0.047826 0.023502
vt 0.048867 0.020772
vt 0.049973 0.019084
vt 0.049689 0.017649
vt 0.049053 0.016516
vt 0.047795 0.015473
vt 0.046233 0.014317
vt 0.048071 0.024995
vt 0.072191 0.021959
vt 0.072359 0.023132
vt 0.072233 0.020738
vt 0.072339 0.019264
vt 0.072452 0.017861
vt 0.072405 0.016718
vt 0.072003 0.015545
vt 0.071559 0.014131
vt 0.072596 0.024524
vt 0.098802 0.021602
vt 0.098790 0.022786
vt 0.099030 0.020371
vt 0.099333 0.018890
vt 0.099653 0.017490
vt 0.099811 0.016372
vt 0.099613 0.015226
vt 0.099440 0.013822
vt 0.098934 0.024171
vt 0.125965 0.021555
vt 0.126088 0.022797
vt 0.126062 0.020266
vt 0.126232 0.018727
vt 0.126528 0.017266
vt 0.126775 0.016123
vt 0.126678 0.014946
vt 0.126621 0.013529
vt 0.126401 0.024272
vt 0.153768 0.021875
vt 0.153910 0.023181
vt 0.153832 0.020516
vt 0.153959 0.018897
vt 0.154210 0.017312
vt 0.154433 0.016083
vt 0.154305 0.014840
vt 0.154217 0.013384
vt 0.154206 0.024730
vt 0.179605 0.022440
vt 0.179855 0.023813
vt 0.179486 0.020939
vt 0.179501 0.019219
vt 0.179907 0.017514
vt 0.180387 0.016130
vt 0.180699 0.014801
vt 0.181017 0.013314
vt 0.180245 0.025470
vt 0.208294 0.023403
vt 0.209130 0.024698
vt 0.207410 0.021969
vt 0.207234 0.020019
vt 0.207815 0.018025
vt 0.208863 0.016415
vt 0.209691 0.015025
vt 0.210060 0.013640
vt 0.209619 0.026168
vt 0.217055 0.021283
vt 0.218041 0.021569
vt 0.216426 0.020795
vt 0.216343 0.020043
vt 0.216476 0.019607
vt 0.216947 0.019309
vt 0.217808 0.018994
vt 0.223139 0.020273
vt 0.331568 0.156411
vt 0.331584 0.185029
vt 0.285018 0.164810
vt 0.304965 0.145245
vt 0.358286 0.145879
vt 0.377238 0.165336
vt 0.369579 0.119474
vt 0.397623 0.118747
vt 0.358765 0.093158
vt 0.378332 0.074061
vt 0.331949 0.081980
vt 0.331856 0.053894
vt 0.305535 0.092140
vt 0.286409 0.072780
vt 0.294413 0.118515
vt 0.265888 0.119384
vt 0.331639 0.209365
vt 0.267437 0.182509
vt 0.395116 0.182724
vt 0.421179 0.119296
vt 0.395706 0.056946
vt 0.331480 0.030105
vt 0.268531 0.055380
vt 0.241857 0.119090
vt 0.331199 0.229549
vt 0.254354 0.195933
vt 0.408629 0.196283
vt 0.441567 0.119411
vt 0.408452 0.043591
vt 0.331760 0.010203
vt 0.255072 0.042148
vt 0.221484 0.119171
vt 0.331891 0.118935
vt 0.438517 0.032448
vt 0.456630 0.014337
vt 0.469437 0.045257
vt 0.482246 0.014337
vt 0.500358 0.032450
vt 0.500358 0.058066
vt 0.482244 0.076177
vt 0.456629 0.076177
vt 0.438517 0.058064
vt 0.691716 0.552278
vt 0.691819 0.551121
vt 0.707538 0.551046
vt 0.707473 0.552234
vt 0.656407 0.552321
vt 0.656437 0.551165
vt 0.650056 0.552301
vt 0.644505 0.552296
vt 0.644377 0.551169
vt 0.650118 0.551183
vt 0.629002 0.552382
vt 0.628650 0.551249
vt 0.637571 0.551178
vt 0.637833 0.552309
vt 0.691924 0.549949
vt 0.707603 0.549856
vt 0.656433 0.550042
vt 0.644275 0.550105
vt 0.650164 0.550112
vt 0.628288 0.550095
vt 0.637314 0.550090
vt 0.692032 0.548767
vt 0.707667 0.548666
vt 0.656317 0.548966
vt 0.644165 0.549051
vt 0.650126 0.549068
vt 0.628014 0.548960
vt 0.637082 0.548972
vt 0.692070 0.558109
vt 0.691955 0.556925
vt 0.707664 0.556944
vt 0.707732 0.558136
vt 0.656169 0.558006
vt 0.656277 0.556927
vt 0.644117 0.558016
vt 0.644223 0.556955
vt 0.650155 0.556897
vt 0.650128 0.557944
vt 0.627989 0.558033
vt 0.628270 0.556894
vt 0.637193 0.557003
vt 0.636947 0.558136
vt 0.691845 0.555755
vt 0.707597 0.555753
vt 0.656332 0.555812
vt 0.644325 0.555887
vt 0.650096 0.555826
vt 0.628635 0.555745
vt 0.637481 0.555887
vt 0.691737 0.554599
vt 0.707529 0.554562
vt 0.656358 0.554666
vt 0.650028 0.554703
vt 0.644463 0.554749
vt 0.628992 0.554610
vt 0.637781 0.554727
vt 0.691638 0.553443
vt 0.707114 0.553404
vt 0.656362 0.553501
vt 0.644649 0.553508
vt 0.650022 0.553503
vt 0.629239 0.553494
vt 0.638016 0.553505
vt 0.708736 0.551655
vt 0.708709 0.553374
vt 0.709990 0.552114
vt 0.710479 0.553338
vt 0.710039 0.554583
vt 0.708812 0.555095
vt 0.656854 0.524243
vt 0.656854 0.525426
vt 0.623091 0.525535
vt 0.623097 0.524344
vt 0.681443 0.524436
vt 0.681514 0.525602
vt 0.696121 0.524436
vt 0.696142 0.525609
vt 0.688481 0.525609
vt 0.688454 0.524429
vt 0.712890 0.524536
vt 0.712870 0.525709
vt 0.703863 0.525666
vt 0.703843 0.524511
vt 0.722045 0.524626
vt 0.732385 0.524727
vt 0.732301 0.525869
vt 0.721997 0.525760
vt 0.745210 0.525133
vt 0.746078 0.526133
vt 0.656849 0.526628
vt 0.623087 0.526733
vt 0.681570 0.526751
vt 0.696156 0.526769
vt 0.688498 0.526765
vt 0.712845 0.526852
vt 0.703883 0.526808
vt 0.732218 0.526991
vt 0.721956 0.526885
vt 0.746951 0.527147
vt 0.656844 0.527895
vt 0.623388 0.527914
vt 0.681590 0.527903
vt 0.696160 0.527920
vt 0.688508 0.527905
vt 0.712825 0.527976
vt 0.703886 0.527948
vt 0.732174 0.528114
vt 0.721933 0.528035
vt 0.747309 0.528325
vt 0.656842 0.529149
vt 0.623104 0.529099
vt 0.681560 0.529050
vt 0.696148 0.529068
vt 0.688500 0.529050
vt 0.712814 0.529100
vt 0.703868 0.529090
vt 0.732185 0.529240
vt 0.721938 0.529175
vt 0.746941 0.529481
vt 0.656839 0.530351
vt 0.623094 0.530295
vt 0.681499 0.530178
vt 0.696127 0.530224
vt 0.688481 0.530196
vt 0.712811 0.530245
vt 0.703837 0.530223
vt 0.732249 0.530358
vt 0.721958 0.530299
vt 0.746063 0.530464
vt 0.656835 0.531531
vt 0.623100 0.531478
vt 0.681431 0.531328
vt 0.696094 0.531389
vt 0.688452 0.531358
vt 0.712812 0.531425
vt 0.703801 0.531368
vt 0.721980 0.531441
vt 0.732314 0.531494
vt 0.745184 0.531443
vt 0.656805 0.532684
vt 0.623171 0.532617
vt 0.681323 0.532506
vt 0.696021 0.532593
vt 0.688362 0.532553
vt 0.712811 0.532627
vt 0.703735 0.532575
vt 0.732344 0.532684
vt 0.721998 0.532633
vt 0.744816 0.532598
vt 0.656825 0.523092
vt 0.623165 0.523203
vt 0.681338 0.523265
vt 0.696086 0.523239
vt 0.688373 0.523240
vt 0.712896 0.523337
vt 0.703822 0.523307
vt 0.732435 0.523544
vt 0.722078 0.523438
vt 0.744879 0.523975
vt 0.620729 0.526710
vt 0.621913 0.526198
vt 0.621893 0.527936
vt 0.621949 0.529665
vt 0.620758 0.529190
vt 0.620249 0.527958
vt 0.621668 0.511634
vt 0.621664 0.512818
vt 0.587907 0.512932
vt 0.587912 0.511740
vt 0.646264 0.511824
vt 0.646331 0.512989
vt 0.660938 0.511818
vt 0.660954 0.512991
vt 0.653297 0.512993
vt 0.653274 0.511814
vt 0.677700 0.511916
vt 0.677678 0.513089
vt 0.668671 0.513047
vt 0.668656 0.511892
vt 0.686858 0.512006
vt 0.697200 0.512109
vt 0.697117 0.513253
vt 0.686809 0.513141
vt 0.710028 0.512519
vt 0.710898 0.513520
vt 0.621659 0.514021
vt 0.587906 0.514130
vt 0.646383 0.514138
vt 0.660963 0.514151
vt 0.653310 0.514148
vt 0.677652 0.514232
vt 0.668685 0.514188
vt 0.697034 0.514376
vt 0.686765 0.514266
vt 0.711774 0.514534
vt 0.621653 0.515288
vt 0.588210 0.515311
vt 0.646399 0.515290
vt 0.660961 0.515301
vt 0.653314 0.515288
vt 0.677630 0.515356
vt 0.668686 0.515328
vt 0.696991 0.515500
vt 0.686744 0.515417
vt 0.712135 0.515712
vt 0.621650 0.516542
vt 0.587929 0.516496
vt 0.646366 0.516436
vt 0.660944 0.516449
vt 0.653300 0.516432
vt 0.677617 0.516480
vt 0.668666 0.516470
vt 0.697003 0.516627
vt 0.686749 0.516558
vt 0.711769 0.516869
vt 0.621647 0.517743
vt 0.587921 0.517693
vt 0.646299 0.517565
vt 0.660918 0.517604
vt 0.653276 0.517579
vt 0.677613 0.517625
vt 0.668633 0.517603
vt 0.697069 0.517744
vt 0.686771 0.517682
vt 0.710892 0.517852
vt 0.621643 0.518922
vt 0.587929 0.518874
vt 0.646225 0.518714
vt 0.660883 0.518771
vt 0.653241 0.518740
vt 0.677615 0.518806
vt 0.668595 0.518750
vt 0.686794 0.518825
vt 0.697138 0.518881
vt 0.710014 0.518831
vt 0.621610 0.520073
vt 0.587999 0.520009
vt 0.646114 0.519889
vt 0.660810 0.519973
vt 0.653147 0.519933
vt 0.677616 0.520010
vt 0.668529 0.519958
vt 0.697168 0.520073
vt 0.686814 0.520019
vt 0.709645 0.519987
vt 0.621640 0.510482
vt 0.587974 0.510593
vt 0.646162 0.510654
vt 0.660905 0.510622
vt 0.653196 0.510625
vt 0.677706 0.510718
vt 0.668636 0.510689
vt 0.697252 0.510927
vt 0.686890 0.510819
vt 0.709695 0.511361
vt 0.585547 0.514105
vt 0.586730 0.513594
vt 0.586714 0.515332
vt 0.586775 0.517062
vt 0.585582 0.516586
vt 0.585069 0.515353
vt 0.671901 0.542185
vt 0.671804 0.543339
vt 0.656077 0.543402
vt 0.656137 0.542213
vt 0.707234 0.542179
vt 0.707176 0.543338
vt 0.713612 0.542202
vt 0.719136 0.542183
vt 0.719244 0.543294
vt 0.713540 0.543310
vt 0.734594 0.542069
vt 0.734937 0.543195
vt 0.726008 0.543261
vt 0.725781 0.542152
vt 0.671706 0.544507
vt 0.656017 0.544592
vt 0.707157 0.544459
vt 0.719336 0.544347
vt 0.713484 0.544371
vt 0.735289 0.544342
vt 0.726232 0.544328
vt 0.671605 0.545686
vt 0.655957 0.545783
vt 0.707264 0.545525
vt 0.719436 0.545391
vt 0.713513 0.545405
vt 0.735553 0.545471
vt 0.726447 0.545434
vt 0.671495 0.536337
vt 0.671617 0.537526
vt 0.655905 0.537497
vt 0.655833 0.536303
vt 0.707574 0.536480
vt 0.707471 0.537568
vt 0.719592 0.536441
vt 0.719492 0.537510
vt 0.713533 0.537590
vt 0.713556 0.536534
vt 0.735666 0.536422
vt 0.735373 0.537563
vt 0.726547 0.537439
vt 0.726809 0.536303
vt 0.671735 0.538699
vt 0.655978 0.538690
vt 0.707395 0.538688
vt 0.719395 0.538588
vt 0.713597 0.538669
vt 0.734998 0.538713
vt 0.726229 0.538569
vt 0.671852 0.539859
vt 0.656050 0.539880
vt 0.707341 0.539833
vt 0.713670 0.539801
vt 0.719243 0.539738
vt 0.734630 0.539848
vt 0.725896 0.539742
vt 0.671966 0.541017
vt 0.656483 0.541040
vt 0.707307 0.540998
vt 0.719023 0.540993
vt 0.713663 0.541007
vt 0.734370 0.540967
vt 0.725629 0.540978
vt 0.654873 0.542791
vt 0.654887 0.541071
vt 0.653613 0.542329
vt 0.653117 0.541103
vt 0.653551 0.539858
vt 0.654771 0.539347
s 0
usemtl Material.003
f 1/1/1 2/2/1 3/3/1
f 3/3/1 4/4/1 1/1/1
f 2/2/1 5/5/2 6/6/2
f 6/6/3 3/3/1 2/2/1
f 5/5/3 7/7/4 8/8/4
f 8/8/5 6/6/3 5/5/3
f 7/7/5 9/9/6 10/10/6
f 10/10/6 8/8/5 7/7/5
f 9/9/6 11/11/7 12/12/7
f 12/12/7 10/10/6 9/9/6
f 11/11/7 13/13/8 14/14/8
f 14/14/9 12/12/7 11/11/10
f 13/13/8 15/15/11 16/16/11
f 16/16/11 14/14/9 13/13/9
f 17/17/11 18/18/12 19/19/12
f 19/19/12 20/20/13 17/17/13
f 18/18/14 21/21/15 22/22/15
f 22/22/16 19/19/14 18/18/14
f 21/21/16 1/1/1 4/4/1
f 4/4/1 22/22/16 21/21/15
f 23/23/17 24/24/18 25/25/19
f 26/26/20 23/23/1 25/25/19
f 27/27/5 26/26/2 25/25/19
f 28/28/21 27/27/4 25/25/19
f 29/29/22 28/28/6 25/25/19
f 30/30/23 29/29/7 25/25/19
f 31/31/24 30/30/8 25/25/19
f 32/32/14 31/31/13 25/25/19
f 33/33/25 32/32/26 25/25/19
f 24/24/1 33/33/27 25/25/19
f 34/34/28 35/35/28 36/36/28
f 34/34/28 36/36/28 37/37/28
f 34/34/28 37/37/28 38/38/28
f 34/34/28 38/38/28 39/39/28
f 34/34/28 39/39/28 40/40/28
f 34/34/28 40/40/28 41/41/28
f 34/34/28 41/41/28 42/42/28
f 34/34/28 42/42/28 43/43/28
f 34/34/28 43/43/28 44/44/28
f 34/34/28 44/44/28 35/35/28
f 45/45/29 46/46/30 47/47/30
f 47/47/30 48/48/28 45/45/28
f 49/49/29 50/50/31 46/46/30
f 46/46/30 45/45/28 49/49/28
f 51/51/29 52/52/32 50/50/31
f 50/50/31 49/49/28 51/51/28
f 53/53/33 54/54/34 52/52/32
f 52/52/32 51/51/28 53/53/28
f 55/55/35 56/56/36 57/57/34
f 57/57/34 58/58/28 55/55/28
f 59/59/28 60/60/37 56/56/36
f 56/56/36 55/55/29 59/59/29
f 61/61/28 62/62/38 60/60/39
f 60/60/37 59/59/29 61/61/29
f 63/63/28 64/64/40 62/62/38
f 62/62/38 61/61/29 63/63/29
f 65/65/41 66/66/42 64/64/40
f 64/64/40 63/63/28 65/65/28
f 48/48/41 47/47/30 66/66/43
f 66/66/42 65/65/28 48/48/28
f 67/67/44 68/68/45 69/69/45
f 69/69/45 70/70/44 67/67/46
f 71/71/47 72/72/47 67/67/48
f 67/67/46 70/70/48 71/71/47
f 73/73/49 74/74/49 72/72/50
f 72/72/47 71/71/50 73/73/49
f 75/75/51 76/76/51 74/74/49
f 74/74/49 73/73/49 75/75/51
f 77/77/52 78/78/52 79/79/53
f 79/79/51 80/80/53 77/77/52
f 81/81/54 82/82/54 78/78/52
f 78/78/52 77/77/52 81/81/54
f 83/83/55 84/84/55 82/82/54
f 82/82/56 81/81/54 83/83/55
f 85/85/57 86/86/57 84/84/58
f 84/84/59 83/83/58 85/85/57
f 87/87/60 88/88/60 86/86/57
f 86/86/57 85/85/57 87/87/60
f 69/69/45 68/68/45 88/88/60
f 88/88/60 87/87/60 69/69/45
f 89/89/30 90/90/46 91/91/45
f 91/91/61 92/92/62 89/89/62
f 93/93/31 94/94/63 90/90/48
f 90/90/64 89/89/30 93/93/31
f 95/95/65 96/96/66 94/94/47
f 94/94/67 93/93/68 95/95/32
f 97/97/69 98/98/53 96/96/70
f 96/96/71 95/95/72 97/97/73
f 99/99/74 100/100/75 98/98/53
f 98/98/76 97/97/77 99/99/36
f 101/101/37 102/102/56 100/100/78
f 100/100/79 99/99/36 101/101/39
f 103/103/38 104/104/55 102/102/80
f 102/102/81 101/101/39 103/103/38
f 105/105/82 106/106/83 104/104/84
f 104/104/85 103/103/86 105/105/40
f 107/107/87 108/108/88 106/106/57
f 106/106/89 105/105/90 107/107/87
f 92/92/91 91/91/45 108/108/92
f 108/108/93 107/107/94 92/92/30
f 67/67/95 4/4/1 3/3/1
f 3/3/1 68/68/45 67/67/48
f 4/4/1 67/67/48 72/72/50
f 72/72/63 22/22/16 4/4/1
f 22/22/16 72/72/96 74/74/49
f 74/74/97 19/19/14 22/22/16
f 19/19/12 74/74/49 76/76/53
f 76/76/53 20/20/13 19/19/12
f 16/16/11 79/79/53 78/78/52
f 78/78/98 14/14/23 16/16/11
f 14/14/99 78/78/100 82/82/54
f 82/82/56 12/12/7 14/14/8
f 12/12/7 82/82/101 84/84/55
f 84/84/55 10/10/6 12/12/7
f 10/10/6 84/84/59 86/86/57
f 86/86/57 8/8/5 10/10/6
f 8/8/102 86/86/57 88/88/60
f 88/88/103 6/6/20 8/8/5
f 6/6/2 88/88/92 68/68/45
f 68/68/45 3/3/1 6/6/2
f 109/109/1 110/110/1 111/111/1
f 111/111/1 112/112/1 109/109/1
f 110/110/1 113/113/2 114/114/2
f 114/114/2 111/111/1 110/110/1
f 113/113/2 115/115/5 116/116/5
f 116/116/5 114/114/104 113/113/3
f 115/115/4 117/117/6 118/118/6
f 118/118/6 116/116/4 115/115/4
f 117/117/6 119/119/7 120/120/7
f 120/120/10 118/118/6 117/117/6
f 119/119/10 121/121/8 122/122/8
f 122/122/9 120/120/10 119/119/7
f 121/121/8 123/123/11 124/124/11
f 124/124/11 122/122/9 121/121/9
f 125/125/11 126/126/12 127/127/12
f 127/127/12 128/128/13 125/125/13
f 126/126/14 129/129/105 130/130/105
f 130/130/16 127/127/14 126/126/14
f 129/129/15 109/109/1 112/112/1
f 112/112/1 130/130/16 129/129/105
f 131/131/17 132/132/18 133/133/19
f 134/134/20 131/131/1 133/133/19
f 135/135/5 134/134/2 133/133/19
f 136/136/21 135/135/4 133/133/19
f 137/137/22 136/136/6 133/133/19
f 138/138/23 137/137/7 133/133/19
f 139/139/24 138/138/8 133/133/19
f 140/140/14 139/139/13 133/133/19
f 141/141/25 140/140/26 133/133/19
f 132/132/1 141/141/27 133/133/19
f 142/142/28 143/143/28 144/144/28
f 142/142/28 144/144/28 145/145/28
f 142/142/28 145/145/28 146/146/28
f 142/142/28 146/146/28 147/147/28
f 142/142/28 147/147/28 148/148/28
f 142/142/28 148/148/28 149/149/28
f 142/142/28 149/149/28 150/150/28
f 142/142/28 150/150/28 151/151/28
f 142/142/28 151/151/28 152/152/28
f 142/142/28 152/152/28 143/143/28
f 153/153/29 154/154/30 155/155/30
f 155/155/30 156/156/28 153/153/28
f 157/157/29 158/158/31 154/154/30
f 154/154/30 153/153/28 157/157/28
f 159/159/29 160/160/32 158/158/31
f 158/158/31 157/157/28 159/159/28
f 161/161/33 162/162/34 160/160/32
f 160/160/32 159/159/28 161/161/28
f 163/163/35 164/164/36 165/165/106
f 165/165/34 166/166/28 163/163/28
f 167/167/28 168/168/37 164/164/36
f 164/164/36 163/163/29 167/167/29
f 169/169/28 170/170/38 168/168/39
f 168/168/37 167/167/29 169/169/29
f 171/171/28 172/172/40 170/170/38
f 170/170/38 169/169/29 171/171/29
f 173/173/41 174/174/42 172/172/82
f 172/172/40 171/171/28 173/173/28
f 156/156/107 155/155/108 174/174/42
f 174/174/42 173/173/28 156/156/28
f 175/175/44 176/176/45 177/177/45
f 177/177/45 178/178/46 175/175/48
f 179/179/47 180/180/47 175/175/46
f 175/175/46 178/178/48 179/179/50
f 181/181/49 182/182/49 180/180/47
f 180/180/50 179/179/47 181/181/49
f 183/183/51 184/184/51 182/182/49
f 182/182/49 181/181/49 183/183/51
f 185/185/52 186/186/52 187/187/53
f 187/187/51 188/188/53 185/185/52
f 189/189/56 190/190/54 186/186/52
f 186/186/52 185/185/52 189/189/54
f 191/191/55 192/192/55 190/190/54
f 190/190/54 189/189/54 191/191/55
f 193/193/57 194/194/57 192/192/59
f 192/192/59 191/191/55 193/193/57
f 195/195/60 196/196/60 194/194/57
f 194/194/57 193/193/57 195/195/60
f 177/177/45 176/176/45 196/196/60
f 196/196/60 195/195/60 177/177/45
f 197/197/30 198/198/46 199/199/45
f 199/199/109 200/200/62 197/197/110
f 201/201/31 202/202/50 198/198/48
f 198/198/111 197/197/62 201/201/31
f 203/203/112 204/204/66 202/202/96
f 202/202/113 201/201/114 203/203/32
f 205/205/69 206/206/53 204/204/49
f 204/204/71 203/203/72 205/205/115
f 207/207/116 208/208/52 206/206/117
f 206/206/76 205/205/77 207/207/36
f 209/209/37 210/210/101 208/208/52
f 208/208/118 207/207/119 209/209/120
f 211/211/38 212/212/55 210/210/80
f 210/210/81 209/209/120 211/211/38
f 213/213/82 214/214/121 212/212/59
f 212/212/85 211/211/86 213/213/40
f 215/215/87 216/216/60 214/214/83
f 214/214/122 213/213/90 215/215/123
f 200/200/30 199/199/124 216/216/92
f 216/216/125 215/215/126 200/200/62
f 175/175/95 112/112/1 111/111/1
f 111/111/1 176/176/45 175/175/48
f 112/112/1 175/175/48 180/180/50
f 180/180/63 130/130/15 112/112/1
f 130/130/16 180/180/47 182/182/49
f 182/182/97 127/127/14 130/130/16
f 127/127/26 182/182/49 184/184/51
f 184/184/127 128/128/13 127/127/12
f 124/124/128 187/187/53 186/186/52
f 186/186/98 122/122/8 124/124/11
f 122/122/8 186/186/52 190/190/54
f 190/190/56 120/120/7 122/122/8
f 120/120/22 190/190/101 192/192/59
f 192/192/59 118/118/6 120/120/7
f 118/118/6 192/192/59 194/194/57
f 194/194/57 116/116/5 118/118/6
f 116/116/5 194/194/57 196/196/60
f 196/196/103 114/114/3 116/116/5
f 114/114/20 196/196/92 176/176/45
f 176/176/129 111/111/1 114/114/3
f 217/217/28 218/218/28 219/219/28
f 219/219/28 220/220/28 217/217/28
f 221/221/130 222/222/130 223/223/130
f 223/223/130 224/224/130 221/221/130
f 225/225/131 226/226/131 227/227/131
f 227/227/131 228/228/131 225/225/131
f 229/229/132 230/230/132 231/231/132
f 231/231/132 232/232/132 229/229/132
f 233/233/19 234/234/19 235/235/19
f 235/235/19 236/236/19 233/233/19
f 237/237/133 238/238/133 239/239/19
f 239/239/19 240/240/19 237/237/133
f 220/220/28 241/241/134 242/242/135
f 242/242/136 217/217/28 220/220/28
f 243/243/19 244/244/19 245/245/137
f 245/245/137 246/246/137 243/243/19
f 247/247/133 248/248/133 249/249/133
f 249/249/133 250/250/133 247/247/133
f 234/234/19 225/225/138 228/228/131
f 228/228/131 235/235/19 234/234/19
f 251/251/137 252/252/137 253/253/137
f 253/253/137 254/254/137 251/251/137
f 241/241/139 255/255/140 256/256/141
f 256/256/141 242/242/136 241/241/139
f 240/240/142 221/221/130 224/224/130
f 224/224/143 237/237/133 240/240/142
f 257/257/144 258/258/130 259/259/145
f 259/259/130 233/233/19 257/257/144
f 218/218/29 217/217/29 260/260/29
f 260/260/29 261/261/29 218/218/29
f 262/262/146 236/236/19 263/263/147
f 263/263/147 264/264/132 262/262/146
f 246/246/137 230/230/132 229/229/148
f 229/229/132 243/243/19 246/246/149
f 219/219/28 265/265/28 266/266/28
f 266/266/28 220/220/28 219/219/28
f 267/267/133 247/247/133 250/250/150
f 250/250/133 268/268/142 267/267/150
f 269/269/141 270/270/151 271/271/151
f 271/271/152 272/272/136 269/269/141
f 273/273/138 249/249/150 248/248/150
f 248/248/133 274/274/131 273/273/131
f 268/268/19 250/250/133 249/249/150
f 249/249/150 273/273/138 268/268/19
f 275/275/149 276/276/19 252/252/137
f 252/252/149 251/251/137 275/275/137
f 277/277/138 253/253/137 252/252/153
f 252/252/137 276/276/19 277/277/138
f 277/277/138 278/278/138 254/254/137
f 254/254/137 253/253/154 277/277/138
f 279/279/140 280/280/139 281/281/155
f 281/281/156 282/282/156 279/279/157
f 283/283/130 284/284/130 285/285/28
f 285/285/28 286/286/28 283/283/130
f 287/287/31 283/283/130 286/286/29
f 286/286/29 288/288/28 287/287/31
f 287/287/31 288/288/28 289/289/158
f 289/289/135 290/290/133 287/287/31
f 291/291/133 272/272/136 271/271/159
f 271/271/152 292/292/160 291/291/133
f 292/292/160 271/271/161 270/270/152
f 270/270/152 293/293/133 292/292/162
f 294/294/163 293/293/133 270/270/152
f 270/270/151 269/269/141 294/294/164
f 295/295/163 256/256/141 255/255/157
f 255/255/140 296/296/165 295/295/163
f 297/297/165 279/279/157 282/282/155
f 282/282/156 298/298/166 297/297/165
f 299/299/137 298/298/167 282/282/156
f 282/282/156 281/281/168 299/299/137
f 300/300/169 299/299/149 281/281/156
f 281/281/168 280/280/139 300/300/169
f 301/301/137 302/302/169 303/303/134
f 303/303/170 304/304/28 301/301/137
f 301/301/149 304/304/29 305/305/28
f 305/305/28 306/306/31 301/301/137
f 306/306/171 305/305/28 307/307/28
f 307/307/28 308/308/132 306/306/172
f 224/224/130 223/223/130 284/284/130
f 284/284/130 283/283/130 224/224/130
f 237/237/150 224/224/130 283/283/173
f 283/283/174 287/287/31 237/237/133
f 237/237/133 287/287/31 290/290/133
f 290/290/133 238/238/133 237/237/133
f 267/267/133 291/291/133 292/292/160
f 292/292/160 247/247/150 267/267/150
f 247/247/133 292/292/160 293/293/133
f 293/293/133 248/248/133 247/247/133
f 294/294/163 274/274/138 248/248/150
f 248/248/150 293/293/133 294/294/175
f 226/226/176 295/295/163 296/296/165
f 296/296/177 227/227/131 226/226/138
f 254/254/137 278/278/131 297/297/165
f 297/297/178 298/298/166 254/254/137
f 251/251/137 254/254/137 298/298/166
f 298/298/166 299/299/137 251/251/137
f 275/275/137 251/251/137 299/299/137
f 299/299/137 300/300/169 275/275/137
f 246/246/137 245/245/137 302/302/169
f 302/302/169 301/301/137 246/246/137
f 246/246/149 301/301/137 306/306/31
f 306/306/31 230/230/179 246/246/137
f 230/230/132 306/306/31 308/308/132
f 308/308/132 231/231/132 230/230/132
f 233/233/19 236/236/19 262/262/146
f 262/262/146 257/257/146 233/233/19
f 309/309/30 310/310/30 311/311/180
f 311/311/180 312/312/181 309/309/30
f 313/313/182 314/314/183 310/310/30
f 310/310/30 309/309/30 313/313/183
f 315/315/184 316/316/184 314/314/182
f 314/314/183 313/313/182 315/315/184
f 317/317/133 318/318/133 316/316/185
f 316/316/184 315/315/184 317/317/133
f 319/319/42 320/320/42 318/318/133
f 318/318/133 317/317/133 319/319/87
f 321/321/186 322/322/187 320/320/42
f 320/320/42 319/319/42 321/321/187
f 323/323/40 324/324/40 322/322/186
f 322/322/187 321/321/186 323/323/40
f 325/325/188 326/326/188 324/324/40
f 324/324/40 323/323/40 325/325/188
f 327/327/38 328/328/38 326/326/188
f 326/326/188 325/325/188 327/327/38
f 329/329/189 330/330/189 328/328/38
f 328/328/38 327/327/38 329/329/189
f 331/331/37 332/332/39 330/330/189
f 330/330/189 329/329/189 331/331/37
f 333/333/190 334/334/191 332/332/37
f 332/332/37 331/331/37 333/333/191
f 335/335/36 336/336/192 334/334/190
f 334/334/191 333/333/190 335/335/36
f 337/337/137 338/338/137 336/336/193
f 336/336/193 335/335/36 337/337/137
f 339/339/34 340/340/34 341/341/137
f 341/341/137 342/342/137 339/339/34
f 343/343/194 344/344/195 340/340/34
f 340/340/34 339/339/34 343/343/195
f 345/345/32 346/346/32 344/344/195
f 344/344/195 343/343/194 345/345/32
f 347/347/196 348/348/197 346/346/32
f 346/346/32 345/345/32 347/347/196
f 349/349/31 350/350/198 348/348/196
f 348/348/196 347/347/196 349/349/31
f 312/312/180 311/311/180 350/350/199
f 350/350/198 349/349/31 312/312/180
f 351/351/30 352/352/180 353/353/19
f 354/354/183 351/351/30 353/353/19
f 355/355/184 354/354/182 353/353/19
f 356/356/133 355/355/184 353/353/19
f 357/357/42 356/356/133 353/353/19
f 358/358/186 357/357/42 353/353/19
f 359/359/40 358/358/187 353/353/19
f 360/360/188 359/359/40 353/353/19
f 361/361/38 360/360/188 353/353/19
f 362/362/189 361/361/38 353/353/19
f 363/363/37 362/362/189 353/353/19
f 364/364/190 363/363/37 353/353/19
f 365/365/36 364/364/190 353/353/19
f 366/366/137 365/365/36 353/353/19
f 367/367/34 366/366/137 353/353/19
f 368/368/194 367/367/34 353/353/19
f 369/369/32 368/368/194 353/353/19
f 370/370/196 369/369/32 353/353/19
f 371/371/31 370/370/196 353/353/19
f 352/352/180 371/371/31 353/353/19
f 372/372/28 373/373/28 374/374/28
f 373/373/29 375/375/29 374/374/29
f 375/375/28 376/376/28 374/374/28
f 376/376/28 377/377/28 374/374/28
f 377/377/28 378/378/28 374/374/28
f 378/378/28 379/379/28 374/374/28
f 379/379/29 380/380/29 374/374/29
f 380/380/28 381/381/28 374/374/28
f 381/381/28 382/382/28 374/374/28
f 382/382/28 383/383/28 374/374/28
f 383/383/28 384/384/28 374/374/28
f 384/384/29 385/385/29 374/374/29
f 385/385/28 386/386/28 374/374/28
f 386/386/28 387/387/28 374/374/28
f 387/387/28 388/388/28 374/374/28
f 388/388/28 389/389/28 374/374/28
f 389/389/29 390/390/29 374/374/29
f 390/390/28 391/391/28 374/374/28
f 391/391/28 392/392/28 374/374/28
f 392/392/28 372/372/28 374/374/28
f 393/393/30 394/394/30 395/395/180
f 395/395/180 396/396/180 393/393/30
f 396/396/180 395/395/180 397/397/31
f 397/397/31 398/398/198 396/396/180
f 398/398/198 397/397/171 399/399/196
f 399/399/196 400/400/196 398/398/198
f 400/400/196 399/399/196 401/401/32
f 401/401/32 402/402/32 400/400/196
f 402/402/32 401/401/32 403/403/194
f 403/403/194 404/404/194 402/402/32
f 404/404/194 403/403/195 405/405/34
f 405/405/34 406/406/34 404/404/195
f 406/406/34 405/405/34 407/407/137
f 407/407/137 408/408/137 406/406/34
f 409/409/137 410/410/137 411/411/36
f 411/411/36 412/412/193 409/409/137
f 412/412/193 411/411/36 413/413/190
f 413/413/190 414/414/190 412/412/193
f 414/414/190 413/413/191 415/415/37
f 415/415/37 416/416/37 414/414/191
f 416/416/37 415/415/37 417/417/189
f 417/417/189 418/418/189 416/416/37
f 418/418/189 417/417/200 419/419/38
f 419/419/38 420/420/38 418/418/189
f 420/420/38 419/419/38 421/421/188
f 421/421/188 422/422/201 420/420/38
f 422/422/188 421/421/188 423/423/40
f 423/423/40 424/424/40 422/422/188
f 424/424/40 423/423/40 425/425/186
f 425/425/187 426/426/186 424/424/40
f 426/426/187 425/425/187 427/427/42
f 427/427/42 428/428/42 426/426/187
f 428/428/42 427/427/42 429/429/133
f 429/429/133 430/430/133 428/428/42
f 430/430/133 429/429/133 431/431/184
f 431/431/184 432/432/184 430/430/133
f 432/432/184 431/431/184 433/433/182
f 433/433/183 434/434/182 432/432/184
f 434/434/183 433/433/183 394/394/30
f 394/394/30 393/393/30 434/434/183
f 435/435/198 436/436/198 437/437/196
f 437/437/196 438/438/196 435/435/198
f 438/438/196 437/437/196 439/439/32
f 439/439/32 440/440/32 438/438/196
f 440/440/32 439/439/32 441/441/194
f 441/441/194 442/442/194 440/440/32
f 442/442/195 441/441/195 443/443/34
f 443/443/34 444/444/34 442/442/194
f 444/444/34 443/443/34 445/445/137
f 445/445/137 446/446/137 444/444/34
f 447/447/137 448/448/137 449/449/193
f 449/449/193 450/450/193 447/447/137
f 451/451/180 452/452/19 453/453/19
f 453/453/19 454/454/30 451/451/180
f 455/455/198 456/456/19 452/452/19
f 452/452/19 451/451/180 455/455/202
f 457/457/190 458/458/19 459/459/19
f 459/459/19 460/460/193 457/457/203
f 461/461/37 462/462/19 458/458/19
f 458/458/19 457/457/190 461/461/37
f 463/463/189 464/464/19 462/462/19
f 462/462/19 461/461/37 463/463/189
f 465/465/38 466/466/19 464/464/19
f 464/464/19 463/463/189 465/465/38
f 467/467/188 468/468/19 466/466/19
f 466/466/19 465/465/38 467/467/188
f 469/469/40 470/470/19 468/468/19
f 468/468/19 467/467/188 469/469/40
f 471/471/186 472/472/19 470/470/19
f 470/470/19 469/469/40 471/471/186
f 473/473/42 474/474/19 472/472/19
f 472/472/19 471/471/186 473/473/42
f 475/475/133 476/476/19 474/474/19
f 474/474/19 473/473/42 475/475/133
f 477/477/184 478/478/19 476/476/19
f 476/476/19 475/475/133 477/477/184
f 479/479/182 480/480/19 478/478/19
f 478/478/19 477/477/184 479/479/183
f 454/454/30 453/453/19 480/480/19
f 480/480/19 479/479/182 454/454/30
f 481/481/30 482/482/28 483/483/28
f 483/483/35 484/484/180 481/481/30
f 485/485/202 486/486/133 456/456/19
f 456/456/204 487/487/202 485/485/205
f 484/484/206 483/483/35 486/486/133
f 486/486/207 488/488/198 484/484/180
f 489/489/193 490/490/19 491/491/188
f 491/491/188 492/492/192 489/489/192
f 493/493/208 494/494/188 495/495/29
f 495/495/29 496/496/191 493/493/192
f 496/496/191 495/495/33 497/497/33
f 497/497/28 498/498/37 496/496/190
f 498/498/37 497/497/28 499/499/28
f 499/499/35 500/500/189 498/498/39
f 500/500/189 499/499/35 501/501/35
f 501/501/28 502/502/38 500/500/189
f 502/502/38 501/501/28 503/503/28
f 503/503/107 504/504/188 502/502/38
f 504/504/201 503/503/107 505/505/107
f 505/505/28 506/506/40 504/504/188
f 506/506/40 505/505/28 507/507/28
f 507/507/29 508/508/186 506/506/40
f 508/508/186 507/507/29 509/509/29
f 509/509/29 510/510/42 508/508/187
f 510/510/42 509/509/29 511/511/29
f 511/511/209 512/512/133 510/510/42
f 512/512/133 511/511/210 513/513/210
f 513/513/33 514/514/184 512/512/133
f 514/514/184 513/513/29 515/515/29
f 515/515/29 516/516/182 514/514/184
f 516/516/182 515/515/33 482/482/33
f 482/482/28 481/481/30 516/516/182
f 517/517/211 456/456/19 486/486/133
f 486/486/133 518/518/211 517/517/211
f 519/519/40 517/517/211 518/518/212
f 518/518/211 520/520/40 519/519/40
f 521/521/187 519/519/40 520/520/40
f 520/520/40 522/522/187 521/521/186
f 523/523/42 521/521/187 522/522/187
f 522/522/187 524/524/42 523/523/42
f 525/525/213 523/523/42 524/524/42
f 524/524/42 526/526/213 525/525/213
f 459/459/214 525/525/213 526/526/213
f 526/526/213 494/494/188 459/459/19
f 453/453/19 452/452/19 527/527/19
f 452/452/19 456/456/19 527/527/19
f 459/459/19 458/458/19 527/527/19
f 458/458/19 462/462/19 527/527/19
f 462/462/19 464/464/19 527/527/19
f 464/464/19 466/466/19 527/527/19
f 466/466/19 468/468/19 527/527/19
f 468/468/19 470/470/19 527/527/19
f 470/470/19 472/472/19 527/527/19
f 472/472/19 474/474/19 527/527/19
f 474/474/19 476/476/19 527/527/19
f 476/476/19 478/478/19 527/527/19
f 478/478/19 480/480/19 527/527/19
f 480/480/19 453/453/19 527/527/19
f 456/456/19 517/517/215 527/527/19
f 517/517/211 519/519/216 527/527/19
f 519/519/40 521/521/217 527/527/19
f 521/521/218 523/523/219 527/527/19
f 523/523/42 525/525/220 527/527/19
f 525/525/213 459/459/19 527/527/19
f 483/483/28 482/482/28 528/528/28
f 486/486/207 483/483/28 528/528/28
f 495/495/28 494/494/221 528/528/28
f 497/497/28 495/495/28 528/528/28
f 499/499/28 497/497/28 528/528/28
f 501/501/28 499/499/28 528/528/28
f 503/503/28 501/501/28 528/528/28
f 505/505/28 503/503/28 528/528/28
f 507/507/28 505/505/28 528/528/28
f 509/509/28 507/507/28 528/528/28
f 511/511/28 509/509/28 528/528/28
f 513/513/28 511/511/28 528/528/28
f 515/515/28 513/513/28 528/528/28
f 482/482/28 515/515/28 528/528/28
f 518/518/211 486/486/133 528/528/28
f 520/520/40 518/518/215 528/528/28
f 522/522/186 520/520/216 528/528/28
f 524/524/222 522/522/223 528/528/28
f 526/526/213 524/524/219 528/528/28
f 494/494/188 526/526/220 528/528/28
f 529/529/224 530/530/225 531/531/226
f 531/531/227 532/532/228 529/529/224
f 532/532/229 531/531/227 533/533/230
f 533/533/230 534/534/231 532/532/229
f 534/534/232 533/533/230 535/535/233
f 535/535/234 536/536/235 534/534/231
f 536/536/236 535/535/234 537/537/237
f 537/537/237 538/538/238 536/536/235
f 538/538/239 537/537/237 539/539/240
f 539/539/240 540/540/241 538/538/239
f 540/540/241 539/539/242 541/541/243
f 541/541/244 542/542/245 540/540/241
f 542/542/246 541/541/243 543/543/247
f 543/543/247 544/544/248 542/542/246
f 545/545/248 546/546/249 547/547/250
f 547/547/250 548/548/251 545/545/248
f 548/548/251 547/547/250 549/549/252
f 549/549/252 550/550/253 548/548/251
f 550/550/253 549/549/252 551/551/254
f 551/551/254 552/552/255 550/550/253
f 552/552/256 551/551/254 553/553/257
f 553/553/257 554/554/258 552/552/256
f 554/554/258 553/553/257 555/555/259
f 555/555/259 556/556/260 554/554/258
f 556/556/260 555/555/259 557/557/261
f 557/557/262 558/558/263 556/556/260
f 558/558/263 557/557/262 559/559/264
f 559/559/264 560/560/265 558/558/263
f 560/560/265 559/559/266 561/561/267
f 561/561/267 562/562/268 560/560/265
f 562/562/268 561/561/267 563/563/269
f 563/563/269 564/564/270 562/562/268
f 564/564/270 563/563/269 565/565/271
f 565/565/271 566/566/272 564/564/273
f 566/566/272 565/565/271 567/567/274
f 567/567/274 568/568/275 566/566/272
f 568/568/275 567/567/274 569/569/276
f 569/569/277 570/570/278 568/568/279
f 529/529/224 570/570/278 569/569/276
f 569/569/276 530/530/225 529/529/224
f 571/571/280 572/572/280 573/573/281
f 573/573/281 574/574/281 571/571/280
f 574/574/281 573/573/281 575/575/282
f 575/575/282 576/576/282 574/574/281
f 576/576/282 575/575/282 577/577/283
f 577/577/284 578/578/284 576/576/282
f 578/578/283 577/577/283 579/579/285
f 579/579/285 580/580/285 578/578/286
f 580/580/285 579/579/287 581/581/288
f 581/581/289 582/582/289 580/580/285
f 582/582/288 581/581/288 583/583/290
f 583/583/290 584/584/290 582/582/288
f 584/584/290 583/583/290 585/585/291
f 585/585/291 586/586/291 584/584/290
f 587/587/291 588/588/291 589/589/292
f 589/589/292 590/590/292 587/587/291
f 590/590/293 589/589/293 591/591/294
f 591/591/294 592/592/294 590/590/292
f 592/592/295 591/591/295 593/593/296
f 593/593/296 594/594/296 592/592/297
f 594/594/298 593/593/296 595/595/299
f 595/595/300 596/596/300 594/594/296
f 596/596/299 595/595/299 597/597/301
f 597/597/301 598/598/301 596/596/300
f 598/598/301 597/597/301 599/599/302
f 599/599/302 600/600/302 598/598/301
f 600/600/302 599/599/302 601/601/303
f 601/601/303 602/602/303 600/600/302
f 602/602/303 601/601/303 603/603/304
f 603/603/304 604/604/304 602/602/303
f 604/604/305 603/603/304 605/605/306
f 605/605/306 606/606/306 604/604/305
f 606/606/306 605/605/306 607/607/307
f 607/607/307 608/608/307 606/606/306
f 608/608/307 607/607/307 609/609/308
f 609/609/308 610/610/308 608/608/307
f 610/610/308 609/609/308 611/611/309
f 611/611/309 612/612/309 610/610/308
f 612/612/310 611/611/310 572/572/280
f 572/572/280 571/571/280 612/612/310
f 613/613/311 571/571/312 574/574/281
f 574/574/313 614/614/226 613/613/314
f 615/615/315 616/616/316 617/617/317
f 617/617/318 618/618/319 615/615/315
f 614/614/320 574/574/281 576/576/282
f 576/576/321 619/619/230 614/614/227
f 620/620/322 621/621/323 616/616/313
f 616/616/324 615/615/325 620/620/322
f 619/619/326 576/576/327 578/578/283
f 578/578/328 622/622/234 619/619/230
f 623/623/329 624/624/284 621/621/321
f 621/621/330 620/620/322 623/623/329
f 622/622/331 578/578/286 580/580/287
f 580/580/332 625/625/237 622/622/234
f 626/626/333 627/627/332 624/624/286
f 624/624/283 623/623/329 626/626/333
f 625/625/334 580/580/285 582/582/288
f 582/582/288 628/628/240 625/625/237
f 629/629/335 630/630/289 627/627/336
f 627/627/337 626/626/333 629/629/335
f 628/628/338 582/582/288 584/584/290
f 584/584/339 631/631/243 628/628/240
f 632/632/340 633/633/341 630/630/288
f 630/630/289 629/629/335 632/632/340
f 631/631/342 584/584/290 586/586/291
f 586/586/343 634/634/247 631/631/244
f 635/635/344 636/636/291 633/633/345
f 633/633/346 632/632/340 635/635/344
f 637/637/347 587/587/291 590/590/348
f 590/590/349 638/638/250 637/637/249
f 639/639/350 640/640/351 636/636/352
f 636/636/343 635/635/344 639/639/350
f 638/638/353 590/590/293 592/592/297
f 592/592/354 641/641/252 638/638/250
f 642/642/355 643/643/294 640/640/356
f 640/640/357 639/639/350 642/642/358
f 641/641/359 592/592/297 594/594/360
f 594/594/298 644/644/254 641/641/361
f 645/645/362 646/646/298 643/643/363
f 643/643/364 642/642/355 645/645/362
f 644/644/365 594/594/366 596/596/300
f 596/596/367 647/647/368 644/644/254
f 648/648/369 649/649/299 646/646/296
f 646/646/366 645/645/362 648/648/369
f 647/647/370 596/596/300 598/598/301
f 598/598/371 650/650/259 647/647/257
f 651/651/372 652/652/373 649/649/374
f 649/649/299 648/648/369 651/651/375
f 650/650/376 598/598/301 600/600/302
f 600/600/377 653/653/262 650/650/259
f 654/654/378 655/655/379 652/652/380
f 652/652/373 651/651/375 654/654/378
f 653/653/381 600/600/302 602/602/303
f 602/602/382 656/656/266 653/653/261
f 657/657/383 658/658/384 655/655/377
f 655/655/385 654/654/386 657/657/383
f 656/656/387 602/602/382 604/604/305
f 604/604/304 659/659/267 656/656/388
f 660/660/389 661/661/304 658/658/382
f 658/658/390 657/657/383 660/660/389
f 659/659/391 604/604/305 606/606/306
f 606/606/392 662/662/393 659/659/267
f 663/663/394 664/664/395 661/661/304
f 661/661/396 660/660/389 663/663/397
f 662/662/398 606/606/306 608/608/307
f 608/608/399 665/665/271 662/662/400
f 666/666/401 667/667/307 664/664/402
f 664/664/402 663/663/394 666/666/401
f 665/665/403 608/608/307 610/610/308
f 610/610/404 668/668/405 665/665/271
f 669/669/406 670/670/407 667/667/408
f 667/667/399 666/666/401 669/669/409
f 668/668/410 610/610/411 612/612/412
f 612/612/412 671/671/276 668/668/274
f 672/672/413 673/673/309 670/670/411
f 670/670/414 669/669/409 672/672/413
f 671/671/415 612/612/412 571/571/312
f 571/571/416 613/613/417 671/671/277
f 618/618/319 617/617/280 673/673/310
f 673/673/418 672/672/413 618/618/419
f 395/395/180 674/674/420 675/675/421
f 675/675/421 397/397/31 395/395/180
f 397/397/31 675/675/421 676/676/422
f 676/676/422 399/399/196 397/397/31
f 399/399/423 676/676/422 677/677/424
f 677/677/424 401/401/425 399/399/196
f 401/401/32 677/677/424 678/678/426
f 678/678/426 403/403/194 401/401/32
f 403/403/194 678/678/426 679/679/427
f 679/679/427 405/405/77 403/403/194
f 405/405/34 679/679/427 680/680/428
f 680/680/428 407/407/137 405/405/34
f 410/410/137 681/681/428 682/682/429
f 682/682/429 411/411/36 410/410/137
f 411/411/430 682/682/429 683/683/431
f 683/683/431 413/413/432 411/411/36
f 413/413/190 683/683/431 684/684/433
f 684/684/433 415/415/37 413/413/190
f 415/415/37 684/684/433 685/685/434
f 685/685/434 417/417/435 415/415/37
f 417/417/189 685/685/436 686/686/437
f 686/686/437 419/419/38 417/417/189
f 419/419/38 686/686/437 687/687/438
f 687/687/438 421/421/188 419/419/38
f 421/421/439 687/687/438 688/688/440
f 688/688/440 423/423/441 421/421/188
f 423/423/40 688/688/440 689/689/442
f 689/689/442 425/425/186 423/423/40
f 425/425/186 689/689/442 690/690/443
f 690/690/443 427/427/94 425/425/187
f 427/427/42 690/690/443 691/691/444
f 691/691/444 429/429/133 427/427/42
f 429/429/133 691/691/444 692/692/445
f 692/692/445 431/431/184 429/429/133
f 431/431/446 692/692/445 693/693/447
f 693/693/447 433/433/448 431/431/184
f 433/433/182 693/693/447 694/694/449
f 694/694/449 394/394/30 433/433/182
f 394/394/30 694/694/449 674/674/420
f 674/674/420 395/395/206 394/394/30
f 695/695/450 532/532/229 534/534/451
f 534/534/451 696/696/452 695/695/420
f 696/696/453 534/534/454 536/536/235
f 536/536/235 697/697/455 696/696/421
f 697/697/456 536/536/236 538/538/239
f 538/538/239 698/698/424 697/697/422
f 698/698/457 538/538/239 540/540/241
f 540/540/241 699/699/426 698/698/424
f 699/699/458 540/540/241 542/542/459
f 542/542/245 700/700/460 699/699/458
f 700/700/461 542/542/462 544/544/248
f 544/544/248 701/701/463 700/700/460
f 702/702/463 545/545/248 548/548/464
f 548/548/465 703/703/466 702/702/428
f 703/703/467 548/548/464 550/550/253
f 550/550/253 704/704/468 703/703/467
f 704/704/431 550/550/253 552/552/256
f 552/552/255 705/705/469 704/704/431
f 705/705/433 552/552/256 554/554/470
f 554/554/470 706/706/436 705/705/433
f 706/706/436 554/554/258 556/556/471
f 556/556/471 707/707/472 706/706/436
f 707/707/473 556/556/474 558/558/263
f 558/558/263 708/708/475 707/707/437
f 708/708/476 558/558/477 560/560/265
f 560/560/265 709/709/478 708/708/438
f 709/709/440 560/560/265 562/562/268
f 562/562/268 710/710/479 709/709/440
f 710/710/480 562/562/268 564/564/481
f 564/564/481 711/711/482 710/710/483
f 711/711/482 564/564/484 566/566/272
f 566/566/272 712/712/444 711/711/443
f 712/712/485 566/566/272 568/568/486
f 568/568/486 713/713/445 712/712/444
f 713/713/445 568/568/487 570/570/278
f 570/570/278 714/714/488 713/713/445
f 714/714/489 570/570/278 529/529/224
f 529/529/490 715/715/449 714/714/489
f 715/715/491 529/529/224 532/532/228
f 532/532/228 695/695/450 715/715/449
f 618/618/319 373/373/28 372/372/28
f 372/372/28 615/615/492 618/618/419
f 672/672/413 375/375/28 373/373/28
f 373/373/28 618/618/319 672/672/413
f 669/669/406 376/376/28 375/375/28
f 375/375/28 672/672/413 669/669/493
f 666/666/494 377/377/28 376/376/28
f 376/376/29 669/669/406 666/666/495
f 663/663/397 378/378/28 377/377/28
f 377/377/28 666/666/401 663/663/496
f 660/660/389 379/379/28 378/378/29
f 378/378/28 663/663/394 660/660/389
f 657/657/497 380/380/28 379/379/33
f 379/379/28 660/660/389 657/657/383
f 654/654/386 381/381/28 380/380/29
f 380/380/28 657/657/498 654/654/386
f 651/651/372 382/382/28 381/381/29
f 381/381/28 654/654/378 651/651/375
f 648/648/499 383/383/28 382/382/29
f 382/382/28 651/651/372 648/648/369
f 645/645/362 384/384/28 383/383/28
f 383/383/28 648/648/369 645/645/500
f 642/642/501 385/385/28 384/384/29
f 384/384/28 645/645/362 642/642/501
f 639/639/350 386/386/28 385/385/29
f 385/385/28 642/642/501 639/639/350
f 635/635/344 387/387/28 386/386/28
f 386/386/28 639/639/350 635/635/502
f 632/632/340 388/388/28 387/387/28
f 387/387/28 635/635/344 632/632/503
f 629/629/504 389/389/28 388/388/28
f 388/388/28 632/632/340 629/629/504
f 626/626/333 390/390/28 389/389/28
f 389/389/28 629/629/504 626/626/333
f 623/623/329 391/391/28 390/390/28
f 390/390/28 626/626/505 623/623/506
f 620/620/322 392/392/28 391/391/28
f 391/391/28 623/623/329 620/620/507
f 615/615/325 372/372/28 392/392/28
f 392/392/28 620/620/322 615/615/325
f 716/716/508 717/717/508 718/718/509
f 718/718/509 719/719/509 716/716/508
f 719/719/509 718/718/509 720/720/510
f 720/720/510 721/721/510 719/719/509
f 721/721/510 720/720/511 722/722/512
f 722/722/512 723/723/512 721/721/510
f 723/723/513 722/722/513 724/724/514
f 724/724/514 725/725/514 723/723/513
f 725/725/515 724/724/515 726/726/516
f 726/726/516 727/727/516 725/725/515
f 727/727/517 726/726/517 728/728/518
f 728/728/518 729/729/518 727/727/517
f 730/730/519 731/731/520 732/732/520
f 732/732/520 733/733/521 730/730/522
f 734/734/518 735/735/523 736/736/523
f 736/736/523 737/737/518 734/734/524
f 738/738/525 732/732/520 731/731/520
f 731/731/520 739/739/525 738/738/525
f 740/740/526 738/738/525 739/739/525
f 739/739/525 741/741/526 740/740/526
f 742/742/527 740/740/526 741/741/526
f 741/741/526 743/743/527 742/742/527
f 744/744/528 742/742/529 743/743/529
f 743/743/529 745/745/528 744/744/528
f 746/746/530 744/744/531 745/745/531
f 745/745/531 747/747/530 746/746/530
f 735/735/532 746/746/530 747/747/530
f 747/747/530 736/736/532 735/735/523
f 748/748/28 749/749/28 750/750/28
f 750/750/28 751/751/28 748/748/28
f 752/752/533 753/753/533 754/754/533
f 754/754/533 755/755/533 752/752/533
f 753/753/534 756/756/137 757/757/137
f 757/757/137 754/754/535 753/753/535
f 758/758/536 759/759/535 760/760/537
f 760/760/537 761/761/137 758/758/533
f 762/762/533 763/763/137 764/764/538
f 764/764/538 765/765/535 762/762/536
f 766/766/539 767/767/539 768/768/539
f 768/768/539 769/769/539 766/766/539
f 770/770/540 771/771/540 772/772/540
f 772/772/540 773/773/540 770/770/540
f 774/774/541 775/775/541 776/776/541
f 776/776/541 777/777/541 774/774/541
f 756/756/149 778/778/542 779/779/542
f 779/779/542 757/757/149 756/756/149
f 780/780/31 781/781/31 782/782/19
f 782/782/142 783/783/137 780/780/31
f 751/751/209 784/784/543 785/785/544
f 785/785/544 748/748/209 751/751/209
f 786/786/545 787/787/19 788/788/38
f 788/788/38 789/789/38 786/786/149
f 790/790/31 791/791/31 792/792/31
f 792/792/31 793/793/31 790/790/31
f 778/778/19 770/770/546 773/773/546
f 773/773/547 779/779/19 778/778/19
f 794/794/38 795/795/38 796/796/38
f 796/796/38 797/797/38 794/794/38
f 784/784/543 798/798/548 799/799/549
f 799/799/549 785/785/544 784/784/543
f 783/783/137 766/766/539 769/769/550
f 769/769/551 780/780/31 783/783/137
f 760/760/537 800/800/539 801/801/552
f 801/801/552 761/761/553 760/760/537
f 749/749/28 748/748/28 802/802/28
f 802/802/28 803/803/28 749/749/28
f 804/804/538 805/805/154 806/806/554
f 806/806/554 807/807/541 804/804/538
f 789/789/38 775/775/555 774/774/541
f 774/774/556 786/786/137 789/789/557
f 750/750/28 808/808/28 809/809/28
f 809/809/28 751/751/28 750/750/28
f 810/810/31 790/790/31 793/793/31
f 793/793/171 811/811/19 810/810/31
f 812/812/549 813/813/558 814/814/558
f 814/814/559 815/815/544 812/812/549
f 816/816/540 792/792/560 791/791/31
f 791/791/31 817/817/540 816/816/546
f 811/811/142 793/793/31 792/792/31
f 792/792/31 816/816/540 811/811/19
f 818/818/38 819/819/19 795/795/561
f 795/795/38 794/794/38 818/818/38
f 820/820/540 796/796/38 795/795/562
f 795/795/38 819/819/19 820/820/563
f 820/820/546 821/821/540 797/797/38
f 797/797/38 796/796/86 820/820/540
f 822/822/564 823/823/543 824/824/565
f 824/824/566 825/825/566 822/822/564
f 826/826/539 827/827/539 828/828/29
f 828/828/28 829/829/29 826/826/539
f 830/830/149 826/826/539 829/829/28
f 829/829/28 831/831/28 830/830/149
f 830/830/137 831/831/29 832/832/567
f 832/832/544 833/833/31 830/830/137
f 834/834/31 815/815/567 814/814/568
f 814/814/568 835/835/569 834/834/31
f 835/835/569 814/814/568 813/813/570
f 813/813/570 836/836/31 835/835/569
f 837/837/571 836/836/31 813/813/572
f 813/813/572 812/812/549 837/837/573
f 838/838/574 799/799/549 798/798/564
f 798/798/564 839/839/575 838/838/574
f 840/840/576 822/822/564 825/825/577
f 825/825/577 841/841/578 840/840/579
f 842/842/38 841/841/580 825/825/581
f 825/825/581 824/824/582 842/842/38
f 843/843/583 842/842/561 824/824/582
f 824/824/582 823/823/584 843/843/585
f 844/844/38 845/845/583 846/846/543
f 846/846/584 847/847/29 844/844/38
f 844/844/561 847/847/28 848/848/28
f 848/848/28 849/849/149 844/844/38
f 849/849/137 848/848/29 850/850/28
f 850/850/29 851/851/541 849/849/149
f 769/769/539 768/768/539 827/827/539
f 827/827/539 826/826/539 769/769/539
f 780/780/31 769/769/539 826/826/550
f 826/826/539 830/830/137 780/780/172
f 780/780/31 830/830/545 833/833/31
f 833/833/31 781/781/31 780/780/31
f 810/810/31 834/834/31 835/835/569
f 835/835/569 790/790/31 810/810/31
f 790/790/31 835/835/569 836/836/31
f 836/836/31 791/791/31 790/790/31
f 837/837/574 817/817/586 791/791/31
f 791/791/171 836/836/31 837/837/574
f 771/771/587 838/838/574 839/839/576
f 839/839/588 772/772/540 771/771/540
f 797/797/38 821/821/586 840/840/576
f 840/840/576 841/841/589 797/797/561
f 794/794/38 797/797/38 841/841/589
f 841/841/589 842/842/38 794/794/38
f 818/818/38 794/794/38 842/842/38
f 842/842/38 843/843/583 818/818/38
f 789/789/38 788/788/38 845/845/583
f 845/845/585 844/844/38 789/789/38
f 789/789/557 844/844/38 849/849/137
f 849/849/137 775/775/556 789/789/38
f 775/775/541 849/849/137 851/851/541
f 851/851/541 776/776/541 775/775/541
f 852/852/590 853/853/591 854/854/592
f 854/854/593 855/855/594 852/852/590
f 856/856/595 857/857/596 854/854/597
f 854/854/592 853/853/598 856/856/595
f 858/858/599 859/859/600 857/857/601
f 857/857/602 856/856/595 858/858/599
f 860/860/603 861/861/604 859/859/600
f 859/859/605 858/858/599 860/860/606
f 862/862/607 863/863/608 861/861/604
f 861/861/604 860/860/603 862/862/607
f 862/862/607 864/864/609 865/865/610
f 865/865/610 863/863/611 862/862/612
f 864/864/609 866/866/613 867/867/614
f 867/867/615 865/865/610 864/864/609
f 866/866/616 852/852/617 855/855/594
f 855/855/594 868/868/615 866/866/618
f 869/869/619 870/870/620 855/855/594
f 855/855/594 854/854/592 869/869/619
f 857/857/601 871/871/621 869/869/622
f 869/869/619 854/854/592 857/857/601
f 859/859/600 872/872/623 871/871/621
f 871/871/621 857/857/601 859/859/600
f 861/861/624 873/873/625 872/872/623
f 872/872/623 859/859/600 861/861/604
f 863/863/608 874/874/626 873/873/627
f 873/873/625 861/861/628 863/863/608
f 875/875/629 874/874/626 863/863/630
f 863/863/608 865/865/610 875/875/631
f 876/876/632 875/875/631 865/865/633
f 865/865/633 867/867/614 876/876/634
f 870/870/620 877/877/634 868/868/615
f 868/868/635 855/855/636 870/870/620
f 878/878/637 879/879/638 870/870/620
f 870/870/620 869/869/619 878/878/637
f 871/871/639 880/880/640 878/878/641
f 878/878/641 869/869/622 871/871/621
f 872/872/642 881/881/643 880/880/640
f 880/880/640 871/871/621 872/872/623
f 873/873/644 882/882/645 881/881/646
f 881/881/647 872/872/648 873/873/625
f 874/874/626 883/883/649 882/882/645
f 882/882/645 873/873/625 874/874/626
f 884/884/650 883/883/649 874/874/626
f 874/874/651 875/875/631 884/884/650
f 885/885/652 884/884/650 875/875/631
f 875/875/653 876/876/634 885/885/654
f 879/879/638 886/886/652 877/877/655
f 877/877/656 870/870/620 879/879/638
f 887/887/657 888/888/658 879/879/638
f 879/879/638 878/878/637 887/887/657
f 880/880/640 889/889/659 887/887/660
f 887/887/660 878/878/661 880/880/640
f 881/881/662 890/890/663 889/889/664
f 889/889/659 880/880/640 881/881/643
f 882/882/645 891/891/665 890/890/663
f 890/890/663 881/881/646 882/882/666
f 883/883/649 892/892/667 891/891/668
f 891/891/668 882/882/645 883/883/649
f 893/893/669 892/892/670 883/883/649
f 883/883/671 884/884/672 893/893/669
f 894/894/673 893/893/669 884/884/674
f 884/884/675 885/885/676 894/894/677
f 888/888/678 895/895/677 886/886/679
f 886/886/676 879/879/638 888/888/678
f 896/896/680 897/897/681 888/888/678
f 888/888/678 887/887/657 896/896/680
f 889/889/664 898/898/682 896/896/680
f 896/896/683 887/887/657 889/889/659
f 890/890/684 899/899/685 898/898/682
f 898/898/682 889/889/686 890/890/663
f 891/891/668 900/900/687 899/899/688
f 899/899/685 890/890/689 891/891/690
f 892/892/670 901/901/691 900/900/687
f 900/900/687 891/891/665 892/892/667
f 902/902/692 901/901/691 892/892/693
f 892/892/693 893/893/669 902/902/692
f 903/903/694 902/902/692 893/893/669
f 893/893/695 894/894/677 903/903/696
f 897/897/697 904/904/698 895/895/699
f 895/895/677 888/888/658 897/897/700
f 905/905/701 906/906/702 897/897/703
f 897/897/681 896/896/680 905/905/701
f 898/898/682 907/907/704 905/905/701
f 905/905/705 896/896/680 898/898/682
f 899/899/688 908/908/623 907/907/706
f 907/907/706 898/898/682 899/899/685
f 900/900/687 909/909/644 908/908/623
f 908/908/642 899/899/688 900/900/707
f 901/901/708 910/910/709 909/909/710
f 909/909/644 900/900/687 901/901/691
f 911/911/711 910/910/709 901/901/712
f 901/901/691 902/902/713 911/911/711
f 912/912/714 911/911/711 902/902/692
f 902/902/692 903/903/696 912/912/632
f 906/906/715 913/913/632 904/904/694
f 904/904/694 897/897/681 906/906/702
f 914/914/716 915/915/717 906/906/718
f 906/906/715 905/905/701 914/914/716
f 907/907/706 916/916/719 914/914/716
f 914/914/716 905/905/701 907/907/704
f 908/908/642 917/917/662 916/916/719
f 916/916/719 907/907/706 908/908/623
f 909/909/710 918/918/645 917/917/720
f 917/917/662 908/908/648 909/909/721
f 910/910/722 919/919/723 918/918/645
f 918/918/645 909/909/710 910/910/724
f 920/920/725 919/919/723 910/910/709
f 910/910/709 911/911/726 920/920/725
f 921/921/676 920/920/725 911/911/726
f 911/911/711 912/912/632 921/921/654
f 915/915/727 922/922/654 913/913/714
f 913/913/632 906/906/728 915/915/727
f 923/923/729 924/924/730 915/915/717
f 915/915/731 914/914/716 923/923/729
f 916/916/719 925/925/732 923/923/729
f 923/923/733 914/914/716 916/916/719
f 917/917/720 926/926/684 925/925/732
f 925/925/732 916/916/734 917/917/662
f 918/918/645 927/927/665 926/926/684
f 926/926/684 917/917/735 918/918/645
f 919/919/723 928/928/667 927/927/668
f 927/927/736 918/918/666 919/919/737
f 929/929/669 928/928/670 919/919/723
f 919/919/737 920/920/738 929/929/669
f 930/930/677 929/929/669 920/920/725
f 920/920/739 921/921/676 930/930/673
f 924/924/730 931/931/673 922/922/676
f 922/922/654 915/915/717 924/924/730
f 924/924/730 923/923/729 932/932/740
f 932/932/740 933/933/741 924/924/742
f 925/925/743 934/934/744 932/932/740
f 932/932/740 923/923/729 925/925/732
f 926/926/684 935/935/745 934/934/746
f 934/934/746 925/925/747 926/926/684
f 927/927/748 936/936/749 935/935/745
f 935/935/745 926/926/684 927/927/665
f 928/928/693 937/937/750 936/936/751
f 936/936/752 927/927/665 928/928/667
f 928/928/693 929/929/669 938/938/753
f 938/938/753 937/937/754 928/928/755
f 929/929/669 930/930/673 939/939/756
f 939/939/757 938/938/758 929/929/759
f 931/931/760 924/924/761 933/933/762
f 933/933/741 939/939/763 931/931/673
f 940/940/764 941/941/765 942/942/766
f 942/942/767 943/943/768 940/940/764
f 944/944/769 945/945/770 941/941/765
f 941/941/765 940/940/764 944/944/769
f 946/946/771 947/947/772 945/945/770
f 945/945/770 944/944/769 946/946/771
f 948/948/773 949/949/774 947/947/775
f 947/947/775 946/946/771 948/948/773
f 950/950/776 951/951/777 949/949/774
f 949/949/774 948/948/773 950/950/776
f 952/952/778 953/953/779 951/951/780
f 951/951/780 950/950/776 952/952/778
f 954/954/781 955/955/782 953/953/779
f 953/953/779 952/952/778 954/954/783
f 943/943/768 942/942/767 955/955/784
f 955/955/782 954/954/783 943/943/785
f 941/941/765 956/956/786 957/957/786
f 957/957/786 942/942/767 941/941/765
f 945/945/787 958/958/788 956/956/789
f 956/956/786 941/941/765 945/945/770
f 947/947/775 959/959/790 958/958/788
f 958/958/791 945/945/770 947/947/775
f 949/949/774 960/960/792 959/959/793
f 959/959/793 947/947/775 949/949/774
f 951/951/777 961/961/794 960/960/795
f 960/960/795 949/949/774 951/951/777
f 953/953/779 962/962/796 961/961/794
f 961/961/794 951/951/777 953/953/779
f 955/955/797 963/963/798 962/962/796
f 962/962/796 953/953/779 955/955/784
f 942/942/767 957/957/789 963/963/798
f 963/963/799 955/955/784 942/942/767
f 956/956/789 964/964/800 965/965/800
f 965/965/800 957/957/801 956/956/789
f 958/958/791 966/966/802 964/964/800
f 964/964/803 956/956/786 958/958/791
f 959/959/790 967/967/804 966/966/802
f 966/966/805 958/958/788 959/959/790
f 960/960/792 968/968/806 967/967/804
f 967/967/804 959/959/793 960/960/792
f 961/961/794 969/969/807 968/968/806
f 968/968/808 960/960/792 961/961/794
f 962/962/796 970/970/809 969/969/810
f 969/969/811 961/961/794 962/962/796
f 963/963/812 971/971/813 970/970/814
f 970/970/815 962/962/796 963/963/812
f 957/957/786 965/965/800 971/971/816
f 971/971/816 963/963/817 957/957/818
f 940/940/764 943/943/768 972/972/19
f 944/944/769 940/940/764 972/972/19
f 946/946/819 944/944/769 972/972/19
f 948/948/773 946/946/819 972/972/19
f 950/950/776 948/948/773 972/972/19
f 952/952/778 950/950/776 972/972/19
f 954/954/783 952/952/778 972/972/19
f 943/943/768 954/954/783 972/972/19
f 973/973/800 974/974/800 975/975/28
f 974/974/800 976/976/802 975/975/28
f 976/976/802 977/977/804 975/975/28
f 977/977/820 978/978/806 975/975/28
f 978/978/821 979/979/810 975/975/28
f 979/979/807 980/980/814 975/975/28
f 980/980/809 981/981/822 975/975/28
f 981/981/813 973/973/800 975/975/28
f 982/982/823 983/983/824 984/984/825
f 984/984/825 985/985/825 982/982/823
f 986/986/826 987/987/826 983/983/827
f 983/983/824 982/982/827 986/986/828
f 988/988/829 989/989/830 990/990/831
f 990/990/831 991/991/832 988/988/829
f 992/992/833 993/993/833 994/994/834
f 994/994/834 995/995/835 992/992/836
f 983/983/824 996/996/837 997/997/838
f 997/997/838 984/984/825 983/983/824
f 987/987/826 998/998/839 996/996/840
f 996/996/841 983/983/827 987/987/842
f 991/991/843 990/990/831 999/999/844
f 999/999/845 1000/1000/846 991/991/832
f 993/993/833 1001/1001/847 1002/1002/848
f 1002/1002/848 994/994/849 993/993/850
f 996/996/851 1003/1003/852 1004/1004/853
f 1004/1004/853 997/997/838 996/996/851
f 998/998/839 1005/1005/854 1003/1003/852
f 1003/1003/852 996/996/840 998/998/839
f 1000/1000/855 999/999/845 1006/1006/856
f 1006/1006/856 1007/1007/857 1000/1000/846
f 1001/1001/858 1008/1008/859 1009/1009/860
f 1009/1009/861 1002/1002/848 1001/1001/847
f 1010/1010/852 1011/1011/862 1012/1012/863
f 1012/1012/863 1013/1013/853 1010/1010/852
f 1014/1014/854 1015/1015/864 1011/1011/862
f 1011/1011/862 1010/1010/852 1014/1014/865
f 1016/1016/856 1017/1017/866 1018/1018/867
f 1018/1018/867 1019/1019/868 1016/1016/856
f 1020/1020/859 1021/1021/869 1022/1022/870
f 1022/1022/871 1023/1023/860 1020/1020/872
f 1011/1011/873 1024/1024/874 1025/1025/875
f 1025/1025/875 1012/1012/863 1011/1011/876
f 1011/1011/862 1015/1015/877 1026/1026/878
f 1026/1026/879 1024/1024/880 1011/1011/862
f 1017/1017/866 1027/1027/881 1028/1028/882
f 1028/1028/882 1018/1018/867 1017/1017/866
f 1022/1022/870 1021/1021/869 1029/1029/883
f 1029/1029/884 1030/1030/885 1022/1022/886
f 1024/1024/880 1031/1031/887 1032/1032/888
f 1032/1032/888 1025/1025/889 1024/1024/880
f 1024/1024/880 1026/1026/890 1033/1033/891
f 1033/1033/892 1031/1031/887 1024/1024/880
f 1034/1034/893 1028/1028/882 1027/1027/881
f 1027/1027/894 1035/1035/895 1034/1034/893
f 1030/1030/896 1029/1029/884 1036/1036/897
f 1036/1036/898 1037/1037/899 1030/1030/885
f 1031/1031/887 1038/1038/900 1039/1039/901
f 1039/1039/901 1032/1032/888 1031/1031/902
f 1033/1033/892 1040/1040/903 1038/1038/904
f 1038/1038/904 1031/1031/887 1033/1033/905
f 1035/1035/906 1041/1041/907 1042/1042/908
f 1042/1042/908 1034/1034/893 1035/1035/895
f 1036/1036/898 1043/1043/909 1044/1044/910
f 1044/1044/911 1037/1037/912 1036/1036/913
f 1038/1038/900 982/982/827 985/985/914
f 985/985/914 1039/1039/901 1038/1038/904
f 1040/1040/903 986/986/915 982/982/827
f 982/982/827 1038/1038/900 1040/1040/903
f 1042/1042/908 1041/1041/907 989/989/830
f 989/989/916 988/988/917 1042/1042/908
f 1043/1043/918 992/992/836 995/995/919
f 995/995/919 1044/1044/911 1043/1043/909
f 1018/1018/920 1028/1028/921 1026/1026/890
f 1026/1026/879 1015/1015/864 1018/1018/867
f 1019/1019/922 1018/1018/867 1015/1015/864
f 1015/1015/864 1014/1014/854 1019/1019/857
f 998/998/839 1000/1000/846 1007/1007/857
f 1007/1007/857 1005/1005/854 998/998/839
f 987/987/842 991/991/832 1000/1000/846
f 1000/1000/846 998/998/839 987/987/826
f 986/986/828 988/988/917 991/991/843
f 991/991/923 987/987/826 986/986/828
f 1040/1040/924 1042/1042/908 988/988/829
f 988/988/925 986/986/828 1040/1040/903
f 1034/1034/893 1042/1042/908 1040/1040/903
f 1040/1040/903 1033/1033/905 1034/1034/926
f 1028/1028/882 1034/1034/893 1033/1033/927
f 1033/1033/905 1026/1026/879 1028/1028/882
f 1017/1017/866 1022/1022/928 1030/1030/885
f 1030/1030/885 1027/1027/881 1017/1017/866
f 1023/1023/860 1022/1022/928 1017/1017/929
f 1017/1017/866 1016/1016/930 1023/1023/860
f 1002/1002/848 1009/1009/860 1006/1006/931
f 1006/1006/931 999/999/932 1002/1002/848
f 994/994/834 1002/1002/848 999/999/845
f 999/999/845 990/990/831 994/994/834
f 995/995/933 994/994/834 990/990/831
f 990/990/831 989/989/830 995/995/933
f 1044/1044/934 995/995/835 989/989/830
f 989/989/935 1041/1041/936 1044/1044/911
f 1035/1035/895 1037/1037/899 1044/1044/910
f 1044/1044/910 1041/1041/936 1035/1035/937
f 1027/1027/894 1030/1030/885 1037/1037/899
f 1037/1037/912 1035/1035/895 1027/1027/881
f 985/985/825 1045/1045/825 1046/1046/938
f 1045/1045/825 1047/1047/838 1046/1046/939
f 1047/1047/838 1048/1048/853 1046/1046/940
f 1048/1048/853 1049/1049/863 1046/1046/940
f 1049/1049/863 1050/1050/875 1046/1046/941
f 1050/1050/875 1032/1032/888 1046/1046/942
f 1032/1032/888 1039/1039/901 1046/1046/940
f 1039/1039/901 985/985/825 1046/1046/943
f 1051/1051/944 1052/1052/945 1053/1053/825
f 1053/1053/946 1054/1054/946 1051/1051/944
f 1055/1055/947 1056/1056/947 1052/1052/948
f 1052/1052/948 1051/1051/944 1055/1055/949
f 1057/1057/950 1058/1058/950 1059/1059/951
f 1059/1059/952 1060/1060/952 1057/1057/953
f 1061/1061/954 1062/1062/955 1063/1063/956
f 1063/1063/957 1064/1064/957 1061/1061/958
f 1065/1065/959 1066/1066/960 1067/1067/961
f 1067/1067/961 1068/1068/962 1065/1065/963
f 1069/1069/964 1070/1070/965 1067/1067/966
f 1067/1067/967 1066/1066/960 1069/1069/968
f 1052/1052/948 1071/1071/969 1072/1072/970
f 1072/1072/838 1053/1053/946 1052/1052/945
f 1056/1056/971 1073/1073/972 1071/1071/969
f 1071/1071/973 1052/1052/948 1056/1056/974
f 1058/1058/975 1074/1074/976 1075/1075/977
f 1075/1075/978 1059/1059/951 1058/1058/975
f 1062/1062/955 1076/1076/979 1077/1077/980
f 1077/1077/981 1063/1063/956 1062/1062/955
f 1068/1068/962 1067/1067/982 1078/1078/983
f 1078/1078/983 1079/1079/984 1068/1068/962
f 1070/1070/985 1080/1080/986 1078/1078/983
f 1078/1078/983 1067/1067/966 1070/1070/985
f 1071/1071/969 1081/1081/987 1082/1082/988
f 1082/1082/988 1072/1072/838 1071/1071/969
f 1073/1073/989 1083/1083/990 1081/1081/991
f 1081/1081/987 1071/1071/969 1073/1073/989
f 1074/1074/992 1084/1084/993 1085/1085/994
f 1085/1085/995 1075/1075/996 1074/1074/992
f 1076/1076/997 1086/1086/998 1087/1087/999
f 1087/1087/1000 1077/1077/1001 1076/1076/979
f 1078/1078/983 1088/1088/1002 1089/1089/1003
f 1089/1089/1004 1079/1079/984 1078/1078/983
f 1080/1080/1005 1090/1090/1006 1088/1088/1002
f 1088/1088/1002 1078/1078/983 1080/1080/986
f 1081/1081/991 1091/1091/1007 1092/1092/863
f 1092/1092/863 1082/1082/988 1081/1081/987
f 1083/1083/1008 1093/1093/1009 1091/1091/1007
f 1091/1091/1007 1081/1081/987 1083/1083/1008
f 1084/1084/1010 1094/1094/1011 1095/1095/1012
f 1095/1095/1013 1085/1085/1014 1084/1084/1010
f 1086/1086/998 1096/1096/1015 1097/1097/1016
f 1097/1097/1017 1087/1087/1018 1086/1086/1019
f 1088/1088/1020 1098/1098/1021 1099/1099/1022
f 1099/1099/1023 1089/1089/1024 1088/1088/1020
f 1088/1088/1020 1090/1090/1025 1100/1100/1026
f 1100/1100/1026 1098/1098/1021 1088/1088/1002
f 1091/1091/1007 1101/1101/1027 1102/1102/1028
f 1102/1102/875 1092/1092/863 1091/1091/1007
f 1091/1091/1007 1093/1093/1029 1103/1103/1030
f 1103/1103/1031 1101/1101/1032 1091/1091/1007
f 1094/1094/1033 1104/1104/1034 1105/1105/1035
f 1105/1105/1035 1095/1095/1012 1094/1094/1033
f 1097/1097/1016 1096/1096/1036 1106/1106/1037
f 1106/1106/1038 1107/1107/1039 1097/1097/1040
f 1098/1098/1021 1108/1108/1041 1109/1109/1042
f 1109/1109/1042 1099/1099/1023 1098/1098/1043
f 1098/1098/1021 1100/1100/1044 1110/1110/1045
f 1110/1110/1045 1108/1108/1041 1098/1098/1021
f 1101/1101/1027 1111/1111/1046 1112/1112/888
f 1112/1112/1047 1102/1102/875 1101/1101/1027
f 1101/1101/1032 1103/1103/1031 1113/1113/1048
f 1113/1113/1049 1111/1111/1050 1101/1101/1027
f 1105/1105/1051 1104/1104/1052 1114/1114/1053
f 1114/1114/1054 1115/1115/1055 1105/1105/1056
f 1107/1107/1057 1106/1106/1058 1116/1116/1059
f 1116/1116/1060 1117/1117/1061 1107/1107/1062
f 1118/1118/1063 1109/1109/1042 1108/1108/1064
f 1108/1108/1041 1119/1119/1065 1118/1118/1063
f 1108/1108/1041 1110/1110/1066 1120/1120/1067
f 1120/1120/1067 1119/1119/1065 1108/1108/1041
f 1111/1111/1046 1121/1121/1068 1122/1122/901
f 1122/1122/901 1112/1112/1047 1111/1111/1050
f 1113/1113/1049 1123/1123/1069 1121/1121/1068
f 1121/1121/1068 1111/1111/1050 1113/1113/1049
f 1114/1114/1054 1124/1124/1070 1125/1125/1071
f 1125/1125/1072 1115/1115/1073 1114/1114/1074
f 1116/1116/1060 1126/1126/1075 1127/1127/1076
f 1127/1127/1077 1117/1117/1078 1116/1116/1079
f 1119/1119/1065 1128/1128/1080 1129/1129/1081
f 1129/1129/1082 1118/1118/1083 1119/1119/1065
f 1119/1119/1084 1120/1120/1085 1130/1130/1086
f 1130/1130/1086 1128/1128/1080 1119/1119/1087
f 1131/1131/1088 1051/1051/944 1054/1054/946
f 1054/1054/1089 1132/1132/1090 1131/1131/1088
f 1133/1133/1091 1055/1055/1092 1051/1051/1093
f 1051/1051/944 1131/1131/1068 1133/1133/1094
f 1134/1134/1095 1057/1057/953 1060/1060/1096
f 1060/1060/952 1135/1135/1071 1134/1134/1070
f 1136/1136/1097 1061/1061/958 1064/1064/1098
f 1064/1064/1098 1137/1137/1099 1136/1136/1097
f 1138/1138/1080 1066/1066/960 1065/1065/959
f 1065/1065/963 1139/1139/1081 1138/1138/1080
f 1140/1140/1086 1069/1069/968 1066/1066/1100
f 1066/1066/960 1138/1138/1080 1140/1140/1101
f 1095/1095/1102 1105/1105/1051 1103/1103/1031
f 1103/1103/1031 1093/1093/1029 1095/1095/1012
f 1085/1085/994 1095/1095/1012 1093/1093/1029
f 1093/1093/1029 1083/1083/1008 1085/1085/994
f 1075/1075/977 1085/1085/994 1083/1083/1008
f 1083/1083/1008 1073/1073/989 1075/1075/977
f 1059/1059/951 1075/1075/977 1073/1073/989
f 1073/1073/989 1056/1056/1103 1059/1059/951
f 1060/1060/952 1059/1059/951 1056/1056/1103
f 1056/1056/1103 1055/1055/949 1060/1060/952
f 1135/1135/1071 1060/1060/952 1055/1055/1104
f 1055/1055/949 1133/1133/1069 1135/1135/1105
f 1115/1115/1073 1125/1125/1071 1123/1123/1069
f 1123/1123/1091 1113/1113/1049 1115/1115/1106
f 1105/1105/1107 1115/1115/1073 1113/1113/1049
f 1113/1113/1049 1103/1103/1031 1105/1105/1051
f 1094/1094/1033 1097/1097/1040 1107/1107/1108
f 1107/1107/1109 1104/1104/1052 1094/1094/1033
f 1087/1087/1018 1097/1097/1016 1094/1094/1033
f 1094/1094/1033 1084/1084/1010 1087/1087/1110
f 1077/1077/1001 1087/1087/1018 1084/1084/1010
f 1084/1084/1010 1074/1074/1111 1077/1077/1001
f 1063/1063/956 1077/1077/980 1074/1074/1111
f 1074/1074/1111 1058/1058/975 1063/1063/956
f 1064/1064/1098 1063/1063/956 1058/1058/975
f 1058/1058/975 1057/1057/953 1064/1064/1098
f 1137/1137/1099 1064/1064/1098 1057/1057/953
f 1057/1057/1112 1134/1134/1070 1137/1137/1099
f 1117/1117/1113 1127/1127/1114 1124/1124/1070
f 1124/1124/1095 1114/1114/1054 1117/1117/1061
f 1104/1104/1115 1107/1107/1116 1117/1117/1113
f 1117/1117/1117 1114/1114/1074 1104/1104/1052
f 1099/1099/1023 1109/1109/1042 1106/1106/1038
f 1106/1106/1038 1096/1096/1015 1099/1099/1023
f 1089/1089/1003 1099/1099/1022 1096/1096/1015
f 1096/1096/1015 1086/1086/998 1089/1089/1003
f 1079/1079/1118 1089/1089/1003 1086/1086/998
f 1086/1086/998 1076/1076/979 1079/1079/984
f 1062/1062/955 1068/1068/1119 1079/1079/1120
f 1079/1079/1120 1076/1076/979 1062/1062/955
f 1061/1061/958 1065/1065/963 1068/1068/1119
f 1068/1068/1121 1062/1062/955 1061/1061/1122
f 1139/1139/1081 1065/1065/963 1061/1061/958
f 1061/1061/1123 1136/1136/1097 1139/1139/1081
f 1118/1118/1083 1129/1129/1081 1126/1126/1097
f 1126/1126/1097 1116/1116/1060 1118/1118/1063
f 1109/1109/1042 1118/1118/1063 1116/1116/1060
f 1116/1116/1060 1106/1106/1058 1109/1109/1042
f 1141/1141/946 1142/1142/825 1143/1143/939
f 1142/1142/946 1072/1072/1124 1143/1143/938
f 1072/1072/838 1082/1082/988 1143/1143/940
f 1082/1082/988 1092/1092/863 1143/1143/1125
f 1092/1092/863 1144/1144/875 1143/1143/939
f 1144/1144/889 1145/1145/888 1143/1143/938
f 1145/1145/1047 1146/1146/901 1143/1143/940
f 1146/1146/901 1141/1141/946 1143/1143/940
f 1147/1147/944 1148/1148/945 1149/1149/825
f 1149/1149/946 1150/1150/946 1147/1147/944
f 1151/1151/1126 1152/1152/947 1148/1148/948
f 1148/1148/948 1147/1147/944 1151/1151/949
f 1153/1153/953 1154/1154/975 1155/1155/951
f 1155/1155/1127 1156/1156/1128 1153/1153/953
f 1157/1157/954 1158/1158/955 1159/1159/1129
f 1159/1159/1130 1160/1160/1098 1157/1157/1123
f 1161/1161/963 1162/1162/1131 1163/1163/982
f 1163/1163/982 1164/1164/1119 1161/1161/1132
f 1165/1165/964 1166/1166/1133 1163/1163/982
f 1163/1163/982 1162/1162/1131 1165/1165/964
f 1148/1148/948 1167/1167/969 1168/1168/970
f 1168/1168/838 1149/1149/825 1148/1148/945
f 1152/1152/1103 1169/1169/989 1167/1167/969
f 1167/1167/973 1148/1148/948 1152/1152/974
f 1154/1154/1134 1170/1170/1111 1171/1171/978
f 1171/1171/1135 1155/1155/951 1154/1154/1136
f 1158/1158/955 1172/1172/1137 1173/1173/981
f 1173/1173/1138 1159/1159/956 1158/1158/1139
f 1164/1164/1119 1163/1163/966 1174/1174/1140
f 1174/1174/983 1175/1175/984 1164/1164/1119
f 1166/1166/1133 1176/1176/1141 1174/1174/1140
f 1174/1174/1140 1163/1163/982 1166/1166/965
f 1167/1167/969 1177/1177/1142 1178/1178/853
f 1178/1178/853 1168/1168/838 1167/1167/969
f 1169/1169/989 1179/1179/1008 1177/1177/1142
f 1177/1177/1143 1167/1167/969 1169/1169/989
f 1170/1170/1111 1180/1180/993 1181/1181/994
f 1181/1181/1144 1171/1171/977 1170/1170/1111
f 1172/1172/997 1182/1182/998 1183/1183/1000
f 1183/1183/1145 1173/1173/1001 1172/1172/1137
f 1174/1174/983 1184/1184/1020 1185/1185/1146
f 1185/1185/1146 1175/1175/984 1174/1174/983
f 1176/1176/1005 1186/1186/1006 1184/1184/1020
f 1184/1184/1020 1174/1174/1140 1176/1176/1147
f 1177/1177/1142 1187/1187/1007 1188/1188/863
f 1188/1188/863 1178/1178/988 1177/1177/1142
f 1179/1179/1008 1189/1189/1029 1187/1187/1007
f 1187/1187/1007 1177/1177/1142 1179/1179/1008
f 1180/1180/993 1190/1190/1148 1191/1191/1012
f 1191/1191/1149 1181/1181/995 1180/1180/1150
f 1182/1182/1151 1192/1192/1036 1193/1193/1152
f 1193/1193/1153 1183/1183/1018 1182/1182/998
f 1184/1184/1020 1194/1194/1154 1195/1195/1022
f 1195/1195/1023 1185/1185/1155 1184/1184/1020
f 1184/1184/1020 1186/1186/1025 1196/1196/1026
f 1196/1196/1156 1194/1194/1154 1184/1184/1020
f 1187/1187/1007 1197/1197/1027 1198/1198/1028
f 1198/1198/875 1188/1188/1157 1187/1187/1007
f 1187/1187/1007 1189/1189/1029 1199/1199/1158
f 1199/1199/1031 1197/1197/1027 1187/1187/1007
f 1190/1190/1148 1200/1200/1034 1201/1201/1051
f 1201/1201/1159 1191/1191/1012 1190/1190/1148
f 1193/1193/1152 1192/1192/1160 1202/1202/1161
f 1202/1202/1038 1203/1203/1109 1193/1193/1162
f 1194/1194/1163 1204/1204/1041 1205/1205/1164
f 1205/1205/1165 1195/1195/1022 1194/1194/1154
f 1194/1194/1154 1196/1196/1156 1206/1206/1045
f 1206/1206/1166 1204/1204/1041 1194/1194/1154
f 1197/1197/1027 1207/1207/1050 1208/1208/888
f 1208/1208/1047 1198/1198/889 1197/1197/1027
f 1197/1197/1032 1199/1199/1031 1209/1209/1167
f 1209/1209/1049 1207/1207/1050 1197/1197/1027
f 1201/1201/1035 1200/1200/1034 1210/1210/1168
f 1210/1210/1074 1211/1211/1055 1201/1201/1169
f 1203/1203/1057 1202/1202/1170 1212/1212/1171
f 1212/1212/1060 1213/1213/1061 1203/1203/1109
f 1214/1214/1172 1205/1205/1173 1204/1204/1174
f 1204/1204/1041 1215/1215/1065 1214/1214/1063
f 1204/1204/1064 1206/1206/1175 1216/1216/1085
f 1216/1216/1085 1215/1215/1065 1204/1204/1041
f 1207/1207/1050 1217/1217/1068 1218/1218/901
f 1218/1218/901 1208/1208/1047 1207/1207/1050
f 1209/1209/1049 1219/1219/1069 1217/1217/1068
f 1217/1217/1068 1207/1207/1050 1209/1209/1049
f 1210/1210/1168 1220/1220/1176 1221/1221/1071
f 1221/1221/1071 1211/1211/1177 1210/1210/1168
f 1212/1212/1060 1222/1222/1075 1223/1223/1178
f 1223/1223/1178 1213/1213/1061 1212/1212/1060
f 1215/1215/1065 1224/1224/1179 1225/1225/1180
f 1225/1225/1081 1214/1214/1181 1215/1215/1065
f 1215/1215/1084 1216/1216/1182 1226/1226/1086
f 1226/1226/1086 1224/1224/1179 1215/1215/1065
f 1227/1227/1088 1147/1147/944 1150/1150/946
f 1150/1150/1183 1228/1228/1184 1227/1227/1088
f 1229/1229/1091 1151/1151/1104 1147/1147/1185
f 1147/1147/944 1227/1227/1068 1229/1229/1069
f 1230/1230/1186 1153/1153/953 1156/1156/1096
f 1156/1156/1187 1231/1231/1071 1230/1230/1176
f 1232/1232/1097 1157/1157/958 1160/1160/1098
f 1160/1160/1098 1233/1233/1099 1232/1232/1075
f 1234/1234/1179 1162/1162/1188 1161/1161/963
f 1161/1161/963 1235/1235/1180 1234/1234/1189
f 1236/1236/1086 1165/1165/964 1162/1162/1190
f 1162/1162/1131 1234/1234/1189 1236/1236/1086
f 1191/1191/1012 1201/1201/1051 1199/1199/1031
f 1199/1199/1031 1189/1189/1029 1191/1191/1012
f 1181/1181/995 1191/1191/1012 1189/1189/1029
f 1189/1189/1029 1179/1179/1191 1181/1181/1014
f 1171/1171/977 1181/1181/994 1179/1179/1008
f 1179/1179/1008 1169/1169/1192 1171/1171/1193
f 1155/1155/1194 1171/1171/977 1169/1169/989
f 1169/1169/989 1152/1152/1103 1155/1155/1195
f 1156/1156/1128 1155/1155/951 1152/1152/1196
f 1152/1152/947 1151/1151/949 1156/1156/1128
f 1231/1231/1197 1156/1156/1128 1151/1151/1104
f 1151/1151/949 1229/1229/1091 1231/1231/1105
f 1211/1211/1055 1221/1221/1071 1219/1219/1091
f 1219/1219/1069 1209/1209/1049 1211/1211/1106
f 1201/1201/1056 1211/1211/1055 1209/1209/1049
f 1209/1209/1049 1199/1199/1031 1201/1201/1051
f 1190/1190/1148 1193/1193/1162 1203/1203/1109
f 1203/1203/1109 1200/1200/1034 1190/1190/1148
f 1183/1183/1018 1193/1193/1198 1190/1190/1148
f 1190/1190/1148 1180/1180/1010 1183/1183/1018
f 1173/1173/1199 1183/1183/999 1180/1180/993
f 1180/1180/993 1170/1170/1111 1173/1173/1001
f 1159/1159/956 1173/1173/981 1170/1170/1111
f 1170/1170/1111 1154/1154/1136 1159/1159/956
f 1160/1160/1098 1159/1159/956 1154/1154/1134
f 1154/1154/1134 1153/1153/953 1160/1160/1098
f 1233/1233/1200 1160/1160/1201 1153/1153/953
f 1153/1153/953 1230/1230/1176 1233/1233/1099
f 1213/1213/1061 1223/1223/1202 1220/1220/1176
f 1220/1220/1186 1210/1210/1074 1213/1213/1061
f 1200/1200/1034 1203/1203/1057 1213/1213/1061
f 1213/1213/1117 1210/1210/1168 1200/1200/1034
f 1195/1195/1203 1205/1205/1173 1202/1202/1038
f 1202/1202/1038 1192/1192/1204 1195/1195/1022
f 1185/1185/1146 1195/1195/1022 1192/1192/1160
f 1192/1192/1036 1182/1182/998 1185/1185/1146
f 1175/1175/1205 1185/1185/1146 1182/1182/998
f 1182/1182/998 1172/1172/1137 1175/1175/1120
f 1158/1158/955 1164/1164/1119 1175/1175/984
f 1175/1175/984 1172/1172/1137 1158/1158/1122
f 1157/1157/958 1161/1161/963 1164/1164/1119
f 1164/1164/1206 1158/1158/955 1157/1157/1139
f 1235/1235/1180 1161/1161/963 1157/1157/958
f 1157/1157/958 1232/1232/1097 1235/1235/1081
f 1214/1214/1083 1225/1225/1180 1222/1222/1075
f 1222/1222/1075 1212/1212/1060 1214/1214/1063
f 1205/1205/1164 1214/1214/1063 1212/1212/1060
f 1212/1212/1060 1202/1202/1207 1205/1205/1165
f 1237/1237/946 1238/1238/825 1239/1239/938
f 1238/1238/1183 1168/1168/838 1239/1239/939
f 1168/1168/838 1178/1178/853 1239/1239/1125
f 1178/1178/853 1188/1188/863 1239/1239/940
f 1188/1188/863 1240/1240/875 1239/1239/150
f 1240/1240/875 1241/1241/1047 1239/1239/150
f 1241/1241/1047 1242/1242/901 1239/1239/940
f 1242/1242/901 1237/1237/946 1239/1239/1125
f 1243/1243/827 1244/1244/827 1245/1245/825
f 1245/1245/825 1246/1246/825 1243/1243/827
f 1247/1247/842 1248/1248/842 1244/1244/827
f 1244/1244/827 1243/1243/827 1247/1247/1208
f 1249/1249/917 1250/1250/935 1251/1251/831
f 1251/1251/831 1252/1252/1209 1249/1249/917
f 1253/1253/1210 1254/1254/1211 1255/1255/834
f 1255/1255/1212 1256/1256/1212 1253/1253/836
f 1244/1244/827 1257/1257/840 1258/1258/838
f 1258/1258/838 1245/1245/946 1244/1244/827
f 1248/1248/1213 1259/1259/1214 1257/1257/840
f 1257/1257/1215 1244/1244/827 1248/1248/826
f 1252/1252/843 1251/1251/831 1260/1260/845
f 1260/1260/845 1261/1261/1216 1252/1252/1209
f 1254/1254/833 1262/1262/1217 1263/1263/848
f 1263/1263/1218 1255/1255/834 1254/1254/1219
f 1257/1257/840 1264/1264/852 1265/1265/988
f 1265/1265/988 1258/1258/838 1257/1257/1215
f 1259/1259/839 1266/1266/1220 1264/1264/852
f 1264/1264/1221 1257/1257/1215 1259/1259/1222
f 1261/1261/855 1260/1260/845 1267/1267/1223
f 1267/1267/1224 1268/1268/1225 1261/1261/846
f 1262/1262/847 1269/1269/1226 1270/1270/1227
f 1270/1270/1227 1263/1263/848 1262/1262/1228
f 1271/1271/1221 1272/1272/1229 1273/1273/863
f 1273/1273/863 1274/1274/988 1271/1271/852
f 1275/1275/854 1276/1276/1230 1272/1272/1229
f 1272/1272/1229 1271/1271/852 1275/1275/1231
f 1277/1277/1224 1278/1278/929 1279/1279/867
f 1279/1279/867 1280/1280/922 1277/1277/856
f 1281/1281/1226 1282/1282/1232 1283/1283/870
f 1283/1283/1233 1284/1284/1234 1281/1281/1235
f 1272/1272/1236 1285/1285/880 1286/1286/875
f 1286/1286/875 1273/1273/863 1272/1272/1237
f 1272/1272/1229 1276/1276/864 1287/1287/1238
f 1287/1287/890 1285/1285/1239 1272/1272/1229
f 1278/1278/866 1288/1288/881 1289/1289/882
f 1289/1289/882 1279/1279/867 1278/1278/1240
f 1283/1283/870 1282/1282/1241 1290/1290/1242
f 1290/1290/884 1291/1291/1243 1283/1283/928
f 1285/1285/880 1292/1292/887 1293/1293/888
f 1293/1293/888 1286/1286/1028 1285/1285/1244
f 1285/1285/880 1287/1287/890 1294/1294/892
f 1294/1294/905 1292/1292/887 1285/1285/880
f 1295/1295/893 1289/1289/882 1288/1288/894
f 1288/1288/894 1296/1296/1245 1295/1295/893
f 1291/1291/1246 1290/1290/884 1297/1297/1247
f 1297/1297/898 1298/1298/1248 1291/1291/1246
f 1292/1292/887 1299/1299/1249 1300/1300/901
f 1300/1300/901 1293/1293/1047 1292/1292/1250
f 1294/1294/905 1301/1301/903 1299/1299/1249
f 1299/1299/1251 1292/1292/1252 1294/1294/905
f 1296/1296/906 1302/1302/936 1303/1303/908
f 1303/1303/908 1295/1295/893 1296/1296/895
f 1297/1297/898 1304/1304/1253 1305/1305/911
f 1305/1305/910 1298/1298/1254 1297/1297/898
f 1299/1299/1249 1243/1243/827 1246/1246/914
f 1246/1246/825 1300/1300/1255 1299/1299/1251
f 1301/1301/903 1247/1247/1208 1243/1243/827
f 1243/1243/1256 1299/1299/1249 1301/1301/1257
f 1303/1303/908 1302/1302/1258 1250/1250/916
f 1250/1250/1259 1249/1249/917 1303/1303/1260
f 1304/1304/1261 1253/1253/1211 1256/1256/933
f 1256/1256/933 1305/1305/911 1304/1304/1253
f 1279/1279/867 1289/1289/882 1287/1287/879
f 1287/1287/890 1276/1276/864 1279/1279/867
f 1280/1280/1225 1279/1279/867 1276/1276/1262
f 1276/1276/1263 1275/1275/854 1280/1280/857
f 1259/1259/839 1261/1261/855 1268/1268/922
f 1268/1268/1225 1266/1266/854 1259/1259/839
f 1248/1248/826 1252/1252/843 1261/1261/846
f 1261/1261/846 1259/1259/839 1248/1248/828
f 1247/1247/1208 1249/1249/917 1252/1252/843
f 1252/1252/1264 1248/1248/826 1247/1247/1208
f 1301/1301/1257 1303/1303/1265 1249/1249/829
f 1249/1249/917 1247/1247/1208 1301/1301/1257
f 1295/1295/893 1303/1303/1265 1301/1301/1257
f 1301/1301/1257 1294/1294/1266 1295/1295/893
f 1289/1289/882 1295/1295/893 1294/1294/905
f 1294/1294/905 1287/1287/879 1289/1289/882
f 1278/1278/929 1283/1283/870 1291/1291/1246
f 1291/1291/885 1288/1288/894 1278/1278/929
f 1284/1284/860 1283/1283/870 1278/1278/866
f 1278/1278/866 1277/1277/1267 1284/1284/1227
f 1263/1263/848 1270/1270/1227 1267/1267/856
f 1267/1267/1224 1260/1260/845 1263/1263/1268
f 1255/1255/834 1263/1263/848 1260/1260/845
f 1260/1260/845 1251/1251/1269 1255/1255/834
f 1256/1256/933 1255/1255/834 1251/1251/831
f 1251/1251/831 1250/1250/916 1256/1256/933
f 1305/1305/911 1256/1256/835 1250/1250/1259
f 1250/1250/916 1302/1302/936 1305/1305/911
f 1296/1296/895 1298/1298/912 1305/1305/911
f 1305/1305/1270 1302/1302/936 1296/1296/895
f 1288/1288/1271 1291/1291/885 1298/1298/912
f 1298/1298/899 1296/1296/895 1288/1288/1272
f 1246/1246/946 1306/1306/914 1307/1307/939
f 1306/1306/825 1308/1308/970 1307/1307/939
f 1308/1308/838 1309/1309/853 1307/1307/940
f 1309/1309/988 1310/1310/863 1307/1307/940
f 1310/1310/863 1311/1311/875 1307/1307/939
f 1311/1311/889 1293/1293/888 1307/1307/938
f 1293/1293/888 1300/1300/901 1307/1307/940
f 1300/1300/901 1246/1246/825 1307/1307/940
