# Blender 3.4.1
# www.blender.org
mtllib pblauncher_2jars.mtl
o pblauncher_2jars
v -2.851996 0.846434 1.861360
v -2.636731 0.818036 1.861390
v -2.618891 0.855305 1.774970
v -2.859532 0.887050 1.774930
v -2.479261 0.668530 1.861570
v -2.442861 0.688177 1.775160
v -2.439751 0.455022 1.861820
v -2.398691 0.449505 1.775440
v -2.533281 0.259064 1.862050
v -2.503251 0.230451 1.775700
v -2.724131 0.155506 1.862170
v -2.716591 0.114687 1.775830
v -2.939395 0.183904 1.862140
v -2.957232 0.146432 1.775800
v -3.096860 0.333410 1.861960
v -3.133256 0.313560 1.775600
v -3.096860 0.333410 1.861960
v -3.136374 0.546918 1.861710
v -3.177427 0.552233 1.775320
v -3.133256 0.313560 1.775600
v -3.042844 0.742876 1.861480
v -3.072874 0.771286 1.775070
v -2.636731 0.818036 1.861390
v -2.851996 0.846434 1.861360
v -2.788061 0.500914 1.814450
v -2.479261 0.668530 1.861570
v -2.439751 0.455022 1.861820
v -2.533281 0.259064 1.862050
v -2.724131 0.155506 1.862170
v -2.939395 0.183904 1.862140
v -3.096860 0.333410 1.861960
v -3.136374 0.546918 1.861710
v -3.042844 0.742876 1.861480
v -2.788061 0.499857 0.911536
v -2.858613 0.881073 0.911090
v -2.621061 0.849737 0.911126
v -2.447301 0.684758 0.911320
v -2.403701 0.449153 0.911596
v -2.506911 0.232916 0.911849
v -2.717511 0.118641 0.911983
v -2.955056 0.149977 0.911946
v -3.128817 0.314956 0.911753
v -3.172421 0.550560 0.911477
v -3.069212 0.766798 0.911224
v -2.858613 0.881073 0.911090
v -2.858613 0.881264 1.074620
v -2.621061 0.849928 1.074650
v -2.621061 0.849737 0.911126
v -3.069212 0.766798 0.911224
v -3.069212 0.766989 1.074750
v -3.172421 0.550560 0.911477
v -3.172421 0.550751 1.075000
v -3.128817 0.314956 0.911753
v -3.128817 0.315148 1.075280
v -2.955056 0.149977 0.911946
v -2.955056 0.150169 1.075470
v -3.128817 0.315148 1.075280
v -3.128817 0.314956 0.911753
v -2.717511 0.118641 0.911983
v -2.717511 0.118833 1.075510
v -2.506911 0.232916 0.911849
v -2.506911 0.233108 1.075380
v -2.403701 0.449153 0.911596
v -2.403701 0.449344 1.075120
v -2.447301 0.684758 0.911320
v -2.447301 0.684949 1.074850
v -2.858613 0.881321 1.122840
v -2.621061 0.849985 1.122880
v -2.637941 0.814567 1.073500
v -2.851483 0.842737 1.073470
v -3.040798 0.740010 1.073590
v -3.069212 0.767046 1.122980
v -3.133577 0.545626 1.073820
v -3.172421 0.550808 1.123230
v -3.094380 0.333832 1.074060
v -3.128817 0.315204 1.123510
v -2.938180 0.185527 1.074240
v -2.955056 0.150225 1.123700
v -3.128817 0.315204 1.123510
v -3.094380 0.333832 1.074060
v -2.724641 0.157357 1.074270
v -2.717511 0.118889 1.123740
v -2.535321 0.260083 1.074150
v -2.506911 0.233164 1.123600
v -2.442541 0.454468 1.073920
v -2.403701 0.449401 1.123350
v -2.481741 0.666262 1.073680
v -2.447301 0.685006 1.123070
v -2.858613 0.881264 1.074620
v -2.851483 0.842737 1.073470
v -2.637941 0.814567 1.073500
v -2.621061 0.849928 1.074650
v -3.069212 0.766989 1.074750
v -3.040798 0.740010 1.073590
v -3.172421 0.550751 1.075000
v -3.133577 0.545626 1.073820
v -3.128817 0.315148 1.075280
v -3.094380 0.333832 1.074060
v -2.955056 0.150169 1.075470
v -2.938180 0.185527 1.074240
v -2.717511 0.118833 1.075510
v -2.724641 0.157357 1.074270
v -2.506911 0.233108 1.075380
v -2.535321 0.260083 1.074150
v -2.403701 0.449344 1.075120
v -2.442541 0.454468 1.073920
v -2.447301 0.684949 1.074850
v -2.481741 0.666262 1.073680
v -3.425841 -0.076455 1.862440
v -3.298212 0.099210 1.862240
v -3.322552 0.132609 1.775810
v -3.465223 -0.063760 1.776040
v -3.091706 0.166308 1.862160
v -3.091706 0.207616 1.775730
v -2.885199 0.099210 1.862240
v -2.860859 0.132609 1.775810
v -2.757571 -0.076455 1.862440
v -2.718191 -0.063760 1.776040
v -2.757571 -0.293590 1.862700
v -2.718191 -0.306487 1.776330
v -2.885199 -0.469255 1.862900
v -2.860859 -0.502856 1.776560
v -3.091706 -0.536353 1.862980
v -3.091706 -0.577863 1.776650
v -3.091706 -0.536353 1.862980
v -3.298212 -0.469255 1.862900
v -3.322552 -0.502856 1.776560
v -3.091706 -0.577863 1.776650
v -3.425840 -0.293590 1.862700
v -3.465223 -0.306487 1.776330
v -3.298212 0.099210 1.862240
v -3.425841 -0.076455 1.862440
v -3.091706 -0.185078 1.815250
v -3.091706 0.166308 1.862160
v -2.885199 0.099210 1.862240
v -2.757571 -0.076455 1.862440
v -2.757571 -0.293590 1.862700
v -2.885199 -0.469255 1.862900
v -3.091706 -0.536353 1.862980
v -3.298212 -0.469255 1.862900
v -3.425840 -0.293590 1.862700
v -3.091706 -0.186136 0.912340
v -3.460420 -0.066333 0.912199
v -3.319584 0.127512 0.911972
v -3.091706 0.201554 0.911886
v -2.863827 0.127512 0.911972
v -2.722991 -0.066333 0.912199
v -2.722991 -0.305938 0.912480
v -2.863827 -0.499782 0.912707
v -3.091706 -0.573824 0.912794
v -3.319584 -0.499782 0.912707
v -3.460420 -0.305938 0.912480
v -3.460420 -0.066333 0.912199
v -3.460420 -0.066141 1.075730
v -3.319584 0.127704 1.075500
v -3.319584 0.127512 0.911972
v -3.460420 -0.305938 0.912480
v -3.460420 -0.305746 1.076010
v -3.319584 -0.499782 0.912707
v -3.319584 -0.499591 1.076230
v -3.091706 -0.573824 0.912794
v -3.091706 -0.573633 1.076320
v -2.863827 -0.499782 0.912707
v -2.863827 -0.499591 1.076230
v -3.091706 -0.573633 1.076320
v -3.091706 -0.573824 0.912794
v -2.722991 -0.305938 0.912480
v -2.722991 -0.305746 1.076010
v -2.722991 -0.066333 0.912199
v -2.722991 -0.066141 1.075730
v -2.863827 0.127512 0.911972
v -2.863827 0.127704 1.075500
v -3.091706 0.201554 0.911886
v -3.091706 0.201746 1.075410
v -3.460420 -0.066085 1.123950
v -3.319584 0.127760 1.123730
v -3.296554 0.096004 1.074340
v -3.423157 -0.078250 1.074550
v -3.423157 -0.293640 1.074800
v -3.460420 -0.305690 1.124230
v -3.296554 -0.467894 1.075000
v -3.319584 -0.499534 1.124460
v -3.091706 -0.534453 1.075080
v -3.091706 -0.573576 1.124550
v -2.886857 -0.467894 1.075000
v -2.863827 -0.499534 1.124460
v -3.091706 -0.573576 1.124550
v -3.091706 -0.534453 1.075080
v -2.760251 -0.293640 1.074800
v -2.722991 -0.305690 1.124230
v -2.760251 -0.078251 1.074550
v -2.722991 -0.066085 1.123950
v -2.886857 0.096004 1.074340
v -2.863827 0.127760 1.123730
v -3.091706 0.162564 1.074270
v -3.091706 0.201802 1.123640
v -3.460420 -0.066141 1.075730
v -3.423157 -0.078250 1.074550
v -3.296554 0.096004 1.074340
v -3.319584 0.127704 1.075500
v -3.460420 -0.305746 1.076010
v -3.423157 -0.293640 1.074800
v -3.319584 -0.499591 1.076230
v -3.296554 -0.467894 1.075000
v -3.091706 -0.573633 1.076320
v -3.091706 -0.534453 1.075080
v -2.863827 -0.499591 1.076230
v -2.886857 -0.467894 1.075000
v -2.722991 -0.305746 1.076010
v -2.760251 -0.293640 1.074800
v -2.722991 -0.066141 1.075730
v -2.760251 -0.078251 1.074550
v -2.863827 0.127704 1.075500
v -2.886857 0.096004 1.074340
v -3.091706 0.201746 1.075410
v -3.091706 0.162564 1.074270
v -4.165196 -0.104252 1.862470
v -4.037568 0.071413 1.862270
v -4.061908 0.104813 1.775850
v -4.204579 -0.091557 1.776080
v -3.831061 0.138511 1.862190
v -3.831061 0.179820 1.775760
v -3.624554 0.071413 1.862270
v -3.600214 0.104813 1.775850
v -3.496926 -0.104252 1.862470
v -3.457543 -0.091557 1.776080
v -3.496926 -0.321386 1.862730
v -3.457543 -0.334283 1.776360
v -3.624554 -0.497051 1.862930
v -3.600214 -0.530653 1.776590
v -3.831061 -0.564148 1.863010
v -3.831061 -0.605659 1.776680
v -3.831061 -0.564148 1.863010
v -4.037568 -0.497051 1.862930
v -4.061907 -0.530653 1.776590
v -3.831061 -0.605659 1.776680
v -4.165196 -0.321386 1.862730
v -4.204578 -0.334283 1.776360
v -4.037568 0.071413 1.862270
v -4.165196 -0.104252 1.862470
v -3.831061 -0.212874 1.815280
v -3.831061 0.138511 1.862190
v -3.624554 0.071413 1.862270
v -3.496926 -0.104252 1.862470
v -3.496926 -0.321386 1.862730
v -3.624554 -0.497051 1.862930
v -3.831061 -0.564148 1.863010
v -4.037568 -0.497051 1.862930
v -4.165196 -0.321386 1.862730
v -3.831061 -0.213932 0.912372
v -4.199776 -0.094129 0.912232
v -4.058939 0.099716 0.912005
v -3.831061 0.173758 0.911918
v -3.603183 0.099716 0.912005
v -3.462346 -0.094129 0.912232
v -3.462346 -0.333735 0.912512
v -3.603183 -0.527578 0.912739
v -3.831061 -0.601621 0.912826
v -4.058939 -0.527578 0.912739
v -4.199776 -0.333735 0.912512
v -4.199776 -0.094129 0.912232
v -4.199776 -0.093937 1.075760
v -4.058939 0.099908 1.075530
v -4.058939 0.099716 0.912005
v -4.199776 -0.333735 0.912512
v -4.199776 -0.333543 1.076040
v -4.058939 -0.527578 0.912739
v -4.058939 -0.527387 1.076270
v -3.831061 -0.601621 0.912826
v -3.831061 -0.601430 1.076350
v -3.603183 -0.527578 0.912739
v -3.603183 -0.527387 1.076270
v -3.831061 -0.601430 1.076350
v -3.831061 -0.601621 0.912826
v -3.462346 -0.333735 0.912512
v -3.462346 -0.333543 1.076040
v -3.462346 -0.094129 0.912232
v -3.462346 -0.093937 1.075760
v -3.603183 0.099716 0.912005
v -3.603183 0.099908 1.075530
v -3.831061 0.173758 0.911918
v -3.831061 0.173950 1.075450
v -4.199776 -0.093881 1.123980
v -4.058939 0.099964 1.123760
v -4.035909 0.068208 1.074380
v -4.162513 -0.106047 1.074580
v -4.162513 -0.321436 1.074830
v -4.199776 -0.333487 1.124270
v -4.035909 -0.495691 1.075040
v -4.058939 -0.527330 1.124490
v -3.831061 -0.562250 1.075110
v -3.831061 -0.601373 1.124580
v -3.626212 -0.495691 1.075040
v -3.603183 -0.527330 1.124490
v -3.831061 -0.601373 1.124580
v -3.831061 -0.562250 1.075110
v -3.499609 -0.321436 1.074830
v -3.462346 -0.333487 1.124270
v -3.499609 -0.106047 1.074580
v -3.462346 -0.093881 1.123980
v -3.626212 0.068208 1.074380
v -3.603183 0.099964 1.123760
v -3.831061 0.134767 1.074300
v -3.831061 0.174005 1.123670
v -4.199776 -0.093937 1.075760
v -4.162513 -0.106047 1.074580
v -4.035909 0.068208 1.074380
v -4.058939 0.099908 1.075530
v -4.199776 -0.333543 1.076040
v -4.162513 -0.321436 1.074830
v -4.058939 -0.527387 1.076270
v -4.035909 -0.495691 1.075040
v -3.831061 -0.601430 1.076350
v -3.831061 -0.562250 1.075110
v -3.603183 -0.527387 1.076270
v -3.626212 -0.495691 1.075040
v -3.462346 -0.333543 1.076040
v -3.499609 -0.321436 1.074830
v -3.462346 -0.093937 1.075760
v -3.499609 -0.106047 1.074580
v -3.603183 0.099908 1.075530
v -3.626212 0.068208 1.074380
v -3.831061 0.173950 1.075450
v -3.831061 0.134767 1.074300
v -4.653141 -0.142227 -2.337690
v -4.171117 -0.115964 -2.337720
v -4.171117 -0.319512 -2.337480
v -4.653141 -0.293249 -2.337510
v -4.653141 -0.067525 -1.761340
v -4.171117 -0.015392 -1.656340
v -4.171117 -0.015482 -1.733400
v -4.653141 -0.067601 -1.826510
v -5.207941 -0.141388 -1.621360
v -5.283761 -0.141435 -1.661140
v -5.283761 -0.292456 -1.660960
v -5.207941 -0.292410 -1.621180
v -4.653141 -0.366601 -1.760990
v -4.653141 -0.366677 -1.826160
v -4.171117 -0.418578 -1.732930
v -4.171117 -0.418488 -1.655870
v -4.653141 -0.141552 -1.761260
v -4.724443 -0.141552 -1.761260
v -4.724443 -0.292574 -1.761080
v -4.653141 -0.292574 -1.761080
v -4.653141 -0.141628 -1.826430
v -4.724443 -0.141628 -1.826430
v -4.724443 -0.141552 -1.761260
v -4.653141 -0.141552 -1.761260
v -4.724443 -0.293249 -2.337510
v -4.724443 -0.142227 -2.337690
v -4.653141 -0.292574 -1.761080
v -4.724443 -0.292574 -1.761080
v -4.724443 -0.292650 -1.826250
v -4.653141 -0.292650 -1.826250
v -4.772218 -0.061300 -1.849490
v -5.247641 -0.061135 -1.708990
v -5.183191 -0.061096 -1.675170
v -4.772218 -0.061235 -1.794090
v -4.772218 -0.373032 -1.849120
v -4.772218 -0.372967 -1.793720
v -5.183191 -0.372828 -1.674800
v -5.247641 -0.372867 -1.708620
v -5.321061 -0.293096 -2.206660
v -5.321061 -0.142074 -2.206840
v -4.171117 -0.115166 -1.656230
v -4.171117 -0.015392 -1.656340
v -4.653141 -0.067525 -1.761340
v -4.653141 -0.068200 -2.337770
v -4.171117 -0.016190 -2.337830
v -4.171117 -0.318714 -1.655990
v -4.653141 -0.366601 -1.760990
v -4.171117 -0.418488 -1.655870
v -4.171117 -0.419286 -2.337360
v -4.653141 -0.367276 -2.337420
v -4.724443 -0.141628 -1.826430
v -4.724443 -0.141552 -1.761260
v -5.321061 -0.142074 -2.206840
v -5.279341 -0.061678 -2.172830
v -4.772218 -0.061809 -2.284060
v -4.724443 -0.142227 -2.337690
v -5.207941 -0.141388 -1.621360
v -5.283761 -0.141435 -1.661140
v -4.724443 -0.292650 -1.826250
v -4.724443 -0.292574 -1.761080
v -5.207941 -0.292410 -1.621180
v -5.283761 -0.292456 -1.660960
v -5.321061 -0.293096 -2.206660
v -4.724443 -0.293249 -2.337510
v -4.772218 -0.373541 -2.283690
v -5.279341 -0.373411 -2.172460
v -4.653141 -0.068127 -2.275400
v -4.171117 -0.016103 -2.264090
v -4.171117 -0.016190 -2.337830
v -4.653141 -0.068200 -2.337770
v -4.653141 -0.142154 -2.275320
v -4.653141 -0.142227 -2.337690
v -4.724443 -0.142227 -2.337690
v -4.724443 -0.142154 -2.275320
v -4.724443 -0.142154 -2.275320
v -4.772218 -0.061747 -2.231040
v -5.313671 -0.061606 -2.111260
v -5.361451 -0.141989 -2.134400
v -5.361451 -0.141989 -2.134400
v -5.361451 -0.293011 -2.134220
v -5.361451 -0.293011 -2.134220
v -5.313671 -0.373338 -2.110890
v -4.772218 -0.373479 -2.230670
v -4.724443 -0.293176 -2.275140
v -4.653141 -0.293176 -2.275140
v -4.724443 -0.293176 -2.275140
v -4.724443 -0.293249 -2.337510
v -4.653141 -0.293249 -2.337510
v -4.653141 -0.367276 -2.337420
v -4.653141 -0.367203 -2.275050
v -4.171117 -0.419286 -2.337360
v -4.171117 -0.419199 -2.263620
v -4.284540 0.118124 3.119000
v -4.284540 0.116635 1.847160
v -4.364157 -0.039623 1.847350
v -4.364157 -0.038134 3.119190
v -4.160533 0.242131 3.118860
v -4.160533 0.240642 1.847020
v -4.004274 0.321748 3.118770
v -4.004274 0.320259 1.846930
v -3.831061 0.349183 3.118730
v -3.831061 0.347694 1.846890
v -3.657848 0.321748 3.118770
v -3.657848 0.320259 1.846930
v -3.501589 0.242131 3.118860
v -3.501589 0.240642 1.847020
v -3.377582 0.118124 3.119000
v -3.377582 0.116635 1.847160
v -3.297965 -0.038135 3.119190
v -3.297965 -0.039624 1.847350
v -3.270531 -0.211348 3.119390
v -3.270531 -0.212836 1.847550
v -3.297965 -0.384560 3.119590
v -3.297965 -0.386049 1.847750
v -3.377582 -0.540820 3.119780
v -3.377582 -0.542308 1.847940
v -3.501589 -0.664827 3.119920
v -3.501589 -0.666315 1.848080
v -3.657848 -0.744443 3.120010
v -3.657848 -0.745932 1.848170
v -3.831061 -0.771877 3.120050
v -3.831061 -0.773366 1.848210
v -4.004274 -0.744443 3.120010
v -4.004274 -0.745932 1.848170
v -3.831061 -0.773366 1.848210
v -3.831061 -0.771877 3.120050
v -4.160532 -0.664827 3.119920
v -4.160532 -0.666315 1.848080
v -4.284540 -0.540819 3.119780
v -4.284540 -0.542307 1.847940
v -4.364157 -0.384560 3.119590
v -4.364157 -0.386049 1.847750
v -4.391591 -0.211348 3.119390
v -4.391591 -0.212836 1.847550
v -4.284540 0.118124 3.119000
v -4.364157 -0.038134 3.119190
v -3.831061 -0.211348 3.119390
v -4.160533 0.242131 3.118860
v -4.004274 0.321748 3.118770
v -3.831061 0.349183 3.118730
v -3.657848 0.321748 3.118770
v -3.501589 0.242131 3.118860
v -3.377582 0.118124 3.119000
v -3.297965 -0.038135 3.119190
v -3.270531 -0.211348 3.119390
v -3.297965 -0.384560 3.119590
v -3.377582 -0.540820 3.119780
v -3.501589 -0.664827 3.119920
v -3.657848 -0.744443 3.120010
v -3.831061 -0.771877 3.120050
v -4.004274 -0.744443 3.120010
v -4.160532 -0.664827 3.119920
v -4.284540 -0.540819 3.119780
v -4.364157 -0.384560 3.119590
v -4.391591 -0.211348 3.119390
v -4.331489 -0.056706 -3.676300
v -4.256751 0.089977 -3.676470
v -3.831061 -0.219304 -3.676110
v -4.140343 0.206385 -3.676600
v -3.993660 0.281123 -3.676690
v -3.831061 0.306876 -3.676720
v -3.668462 0.281123 -3.676690
v -3.521779 0.206384 -3.676600
v -3.405372 0.089977 -3.676470
v -3.330633 -0.056706 -3.676300
v -3.304880 -0.219304 -3.676110
v -3.330633 -0.381903 -3.675920
v -3.405372 -0.528586 -3.675740
v -3.521780 -0.644993 -3.675610
v -3.668462 -0.719732 -3.675520
v -3.831061 -0.745485 -3.675490
v -3.993660 -0.719732 -3.675520
v -4.140342 -0.644993 -3.675610
v -4.256750 -0.528585 -3.675740
v -4.331489 -0.381903 -3.675920
v -4.357242 -0.219304 -3.676110
v -4.284540 0.115574 0.941079
v -4.284540 0.114315 -0.134373
v -4.364157 -0.041943 -0.134190
v -4.364157 -0.040684 0.941262
v -4.391591 -0.215157 -0.133987
v -4.391591 -0.213898 0.941465
v -4.364157 -0.388370 -0.133784
v -4.364157 -0.387110 0.941668
v -4.284540 -0.544628 -0.133601
v -4.284540 -0.543368 0.941851
v -4.160532 -0.668636 -0.133456
v -4.160532 -0.667376 0.941996
v -4.004274 -0.748253 -0.133363
v -4.004274 -0.746993 0.942089
v -3.831061 -0.775687 -0.133331
v -3.831061 -0.774427 0.942122
v -3.831061 -0.774427 0.942122
v -3.831061 -0.775687 -0.133331
v -3.657848 -0.748253 -0.133363
v -3.657848 -0.746993 0.942089
v -3.501589 -0.668636 -0.133456
v -3.501589 -0.667376 0.941996
v -3.377582 -0.544629 -0.133601
v -3.377582 -0.543369 0.941851
v -3.297965 -0.388370 -0.133784
v -3.297965 -0.387110 0.941668
v -3.270531 -0.215157 -0.133987
v -3.270531 -0.213898 0.941465
v -3.297965 -0.041944 -0.134190
v -3.297965 -0.040685 0.941262
v -3.377582 0.114315 -0.134373
v -3.377582 0.115574 0.941079
v -3.501589 0.238322 -0.134518
v -3.501589 0.239581 0.940934
v -3.657848 0.317939 -0.134611
v -3.657848 0.319198 0.940841
v -3.831061 0.345374 -0.134644
v -3.831061 0.346633 0.940809
v -4.004274 0.317939 -0.134611
v -4.004274 0.319198 0.940841
v -4.160533 0.238322 -0.134518
v -4.160533 0.239581 0.940934
v -4.391591 -0.212836 1.847550
v -4.391591 -0.213898 0.941465
v -4.364157 -0.387110 0.941668
v -4.364157 -0.386049 1.847750
v -4.284540 -0.543368 0.941851
v -4.284540 -0.542307 1.847940
v -4.160532 -0.667376 0.941996
v -4.160532 -0.666315 1.848080
v -4.004274 -0.746993 0.942089
v -4.004274 -0.745932 1.848170
v -3.831061 -0.774427 0.942122
v -3.831061 -0.773366 1.848210
v -3.831061 -0.773366 1.848210
v -3.831061 -0.774427 0.942122
v -3.657848 -0.746993 0.942089
v -3.657848 -0.745932 1.848170
v -4.364157 -0.040684 0.941262
v -4.298361 -0.062063 0.941287
v -4.228570 0.074909 0.941127
v -4.284540 0.115574 0.941079
v -4.391591 -0.213898 0.941465
v -4.323061 -0.213898 0.941465
v -3.501589 -0.667376 0.941996
v -3.542254 -0.611406 0.941931
v -3.679024 -0.681817 0.942013
v -3.657848 -0.746993 0.942089
v -3.377582 -0.543369 0.941851
v -3.433552 -0.502704 0.941803
v -3.297965 -0.387110 0.941668
v -3.363761 -0.365732 0.941643
v -3.270531 -0.213898 0.941465
v -3.339713 -0.213898 0.941465
v -3.297965 -0.040685 0.941262
v -3.363761 -0.062063 0.941287
v -3.377582 0.115574 0.941079
v -3.433552 0.074909 0.941127
v -3.501589 0.239581 0.940934
v -3.542254 0.183611 0.941000
v -3.657848 0.319198 0.940841
v -3.679226 0.253402 0.940918
v -3.831061 0.346633 0.940809
v -3.831061 0.277450 0.940890
v -4.004274 0.319198 0.940841
v -3.982896 0.253402 0.940918
v -4.160533 0.239581 0.940934
v -4.119868 0.183611 0.941000
v -4.284540 0.116635 1.847160
v -4.228570 0.075970 1.847210
v -4.298361 -0.061002 1.847370
v -4.364157 -0.039623 1.847350
v -4.391591 -0.212836 1.847550
v -4.323061 -0.212836 1.847550
v -4.391591 -0.213898 0.941465
v -4.391591 -0.212836 1.847550
v -3.657848 -0.746993 0.942089
v -3.679024 -0.681817 0.942013
v -3.679024 -0.680756 1.848100
v -3.657848 -0.745932 1.848170
v -3.657848 -0.745932 1.848170
v -3.679024 -0.680756 1.848100
v -3.542254 -0.610345 1.848020
v -3.501589 -0.666315 1.848080
v -3.433552 -0.501643 1.847890
v -3.377582 -0.542308 1.847940
v -3.363761 -0.364671 1.847730
v -3.297965 -0.386049 1.847750
v -3.339713 -0.212836 1.847550
v -3.270531 -0.212836 1.847550
v -3.363761 -0.061002 1.847370
v -3.297965 -0.039624 1.847350
v -3.433552 0.075970 1.847210
v -3.377582 0.116635 1.847160
v -3.542254 0.184672 1.847080
v -3.501589 0.240642 1.847020
v -3.679226 0.254463 1.847000
v -3.657848 0.320259 1.846930
v -3.831061 0.278511 1.846980
v -3.831061 0.347694 1.846890
v -3.982896 0.254463 1.847000
v -4.004274 0.320259 1.846930
v -4.119868 0.184672 1.847080
v -4.160533 0.240642 1.847020
v -4.299602 -0.366135 0.941643
v -4.299602 -0.365074 1.847730
v -4.229626 -0.503471 0.941804
v -4.229626 -0.502410 1.847890
v -4.120635 -0.612462 0.941932
v -4.120635 -0.611401 1.848020
v -3.983299 -0.682438 0.942014
v -3.983299 -0.681377 1.848100
v -3.831061 -0.706550 0.942042
v -3.831061 -0.705489 1.848130
v -3.831387 -0.214550 0.941466
v -3.831387 -0.213488 1.847550
v -4.168651 0.026965 -2.825250
v -4.376583 0.176870 -3.822090
v -4.472360 -0.011104 -3.821870
v -4.227922 -0.089360 -2.825120
v -4.505363 -0.219475 -3.821630
v -4.248345 -0.218309 -2.824970
v -4.472360 -0.427846 -3.821380
v -4.227921 -0.347257 -2.824820
v -4.376582 -0.615820 -3.821160
v -4.168651 -0.463581 -2.824680
v -4.227406 -0.764996 -3.820990
v -4.076334 -0.555898 -2.824570
v -4.039432 -0.860773 -3.820870
v -3.960009 -0.615167 -2.824500
v -3.831061 -0.893776 -3.820840
v -3.831061 -0.635592 -2.824480
v -3.831061 -0.635592 -2.824480
v -3.831061 -0.893776 -3.820840
v -3.622690 -0.860773 -3.820870
v -3.702113 -0.615167 -2.824500
v -3.434716 -0.764996 -3.820990
v -3.585788 -0.555898 -2.824570
v -3.285539 -0.615820 -3.821160
v -3.493471 -0.463581 -2.824680
v -3.189762 -0.427846 -3.821380
v -3.434200 -0.347257 -2.824820
v -3.156759 -0.219475 -3.821630
v -3.413777 -0.218309 -2.824970
v -3.189762 -0.011104 -3.821870
v -3.434200 -0.089360 -2.825120
v -3.285539 0.176870 -3.822090
v -3.493471 0.026965 -2.825250
v -3.434716 0.326047 -3.822260
v -3.585788 0.119281 -2.825360
v -3.622690 0.421824 -3.822380
v -3.702113 0.178552 -2.825430
v -3.831061 0.454827 -3.822420
v -3.831061 0.198975 -2.825460
v -4.039432 0.421824 -3.822380
v -3.960009 0.178552 -2.825430
v -4.227406 0.326047 -3.822260
v -4.076334 0.119281 -2.825360
v -4.513705 0.276498 -3.819380
v -4.524808 0.284483 -3.889550
v -4.646609 0.045434 -3.889270
v -4.633557 0.041275 -3.819100
v -4.688579 -0.219554 -3.888960
v -4.674855 -0.219472 -3.818800
v -4.646609 -0.484542 -3.888640
v -4.633556 -0.480217 -3.818490
v -4.524807 -0.723589 -3.888370
v -4.513704 -0.715440 -3.818210
v -4.335097 -0.913300 -3.888140
v -4.327030 -0.902115 -3.818000
v -4.096049 -1.035099 -3.888000
v -4.091808 -1.021969 -3.817860
v -3.831061 -1.077069 -3.887950
v -3.831061 -1.063269 -3.817810
v -3.831061 -1.063269 -3.817810
v -3.831061 -1.077069 -3.887950
v -3.566073 -1.035099 -3.888000
v -3.570314 -1.021969 -3.817860
v -3.327025 -0.913300 -3.888140
v -3.335091 -0.902115 -3.818000
v -3.137315 -0.723590 -3.888370
v -3.148417 -0.715441 -3.818210
v -3.015513 -0.484542 -3.888640
v -3.028566 -0.480218 -3.818490
v -2.973543 -0.219554 -3.888960
v -2.987267 -0.219472 -3.818800
v -3.015513 0.045434 -3.889270
v -3.028566 0.041275 -3.819100
v -3.137314 0.284483 -3.889550
v -3.148417 0.276498 -3.819380
v -3.327025 0.474192 -3.889770
v -3.335091 0.463172 -3.819600
v -3.566073 0.595994 -3.889910
v -3.570314 0.583024 -3.819740
v -3.831061 0.637964 -3.889960
v -3.831061 0.624322 -3.819780
v -4.096049 0.595994 -3.889910
v -4.091808 0.583024 -3.819740
v -4.335098 0.474193 -3.889770
v -4.327031 0.463172 -3.819600
v -4.376583 0.176870 -3.822090
v -4.472360 -0.011104 -3.821870
v -4.483793 -0.007472 -3.892030
v -4.646609 0.045434 -3.889270
v -4.524808 0.284483 -3.889550
v -4.386308 0.183854 -3.892260
v -4.505363 -0.219475 -3.821630
v -4.517384 -0.219557 -3.891790
v -4.688579 -0.219554 -3.888960
v -4.472360 -0.427846 -3.821380
v -4.483793 -0.431643 -3.891540
v -4.646609 -0.484542 -3.888640
v -4.376582 -0.615820 -3.821160
v -4.386308 -0.622968 -3.891310
v -4.524807 -0.723589 -3.888370
v -4.227406 -0.764996 -3.820990
v -4.234472 -0.774804 -3.891130
v -4.335097 -0.913300 -3.888140
v -4.039432 -0.860773 -3.820870
v -4.043147 -0.872289 -3.891020
v -4.096049 -1.035099 -3.888000
v -3.831061 -0.893776 -3.820840
v -3.831061 -0.905880 -3.890980
v -3.831061 -1.077069 -3.887950
v -3.831061 -0.893776 -3.820840
v -3.622690 -0.860773 -3.820870
v -3.618975 -0.872289 -3.891020
v -3.566073 -1.035099 -3.888000
v -3.434716 -0.764996 -3.820990
v -3.427650 -0.774804 -3.891130
v -3.327025 -0.913300 -3.888140
v -3.285539 -0.615820 -3.821160
v -3.275814 -0.622968 -3.891310
v -3.137315 -0.723590 -3.888370
v -3.189762 -0.427846 -3.821380
v -3.178329 -0.431643 -3.891540
v -3.015513 -0.484542 -3.888640
v -3.156759 -0.219475 -3.821630
v -3.144738 -0.219557 -3.891790
v -2.973543 -0.219554 -3.888960
v -3.189762 -0.011104 -3.821870
v -3.178329 -0.007472 -3.892030
v -3.015513 0.045434 -3.889270
v -3.285539 0.176870 -3.822090
v -3.275814 0.183854 -3.892260
v -3.137314 0.284483 -3.889550
v -3.434716 0.326047 -3.822260
v -3.427650 0.335690 -3.892440
v -3.327025 0.474192 -3.889770
v -3.622690 0.421824 -3.822380
v -3.618975 0.433175 -3.892550
v -3.566073 0.595994 -3.889910
v -3.831061 0.454827 -3.822420
v -3.831061 0.466766 -3.892590
v -3.831061 0.637964 -3.889960
v -4.039432 0.421824 -3.822380
v -4.043147 0.433175 -3.892550
v -4.096049 0.595994 -3.889910
v -4.227406 0.326047 -3.822260
v -4.234472 0.335690 -3.892440
v -4.335098 0.474193 -3.889770
v -4.227922 -0.086357 -0.260226
v -4.248345 -0.215305 -0.260075
v -4.227921 -0.344253 -0.259924
v -4.168651 -0.460578 -0.259788
v -4.076334 -0.552894 -0.259680
v -3.960009 -0.612164 -0.259610
v -3.831061 -0.632588 -0.259586
v -3.831061 -0.632588 -0.259586
v -3.702113 -0.612164 -0.259610
v -3.585788 -0.552894 -0.259680
v -3.493471 -0.460578 -0.259788
v -3.434200 -0.344253 -0.259924
v -3.413777 -0.215305 -0.260075
v -3.434200 -0.086357 -0.260226
v -3.493471 0.029968 -0.260362
v -3.585788 0.122285 -0.260470
v -3.702113 0.181556 -0.260540
v -3.831061 0.201979 -0.260564
v -3.960009 0.181556 -0.260540
v -4.076334 0.122285 -0.260470
v -4.168651 0.029968 -0.260362
v -4.227922 -0.086357 -0.260226
v -4.248345 -0.215305 -0.260075
v -4.227921 -0.344253 -0.259924
v -4.168651 -0.460578 -0.259788
v -4.076334 -0.552894 -0.259680
v -3.960009 -0.612164 -0.259610
v -3.831061 -0.632588 -0.259586
v -3.831061 -0.632588 -0.259586
v -3.702113 -0.612164 -0.259610
v -3.585788 -0.552894 -0.259680
v -3.493471 -0.460578 -0.259788
v -3.434200 -0.344253 -0.259924
v -3.413777 -0.215305 -0.260075
v -3.434200 -0.086357 -0.260226
v -3.493471 0.029968 -0.260362
v -3.585788 0.122285 -0.260470
v -3.702113 0.181556 -0.260540
v -3.831061 0.201979 -0.260564
v -3.960009 0.181556 -0.260540
v -4.076334 0.122285 -0.260470
v -4.168651 0.029968 -0.260362
v -3.887211 0.277651 1.856820
v -3.887211 0.276567 0.931049
v -4.036029 0.235210 0.931097
v -4.036029 0.236294 1.856860
v -4.164782 0.149890 0.931197
v -4.164782 0.150974 1.856960
v -4.260869 0.028959 0.931339
v -4.260869 0.030043 1.857110
v -4.314883 -0.115746 0.931508
v -4.314883 -0.114662 1.857280
v -4.321537 -0.270059 0.931689
v -4.321537 -0.268975 1.857460
v -4.280180 -0.418877 0.931863
v -4.280180 -0.417793 1.857630
v -3.887211 0.277651 1.856820
v -3.880347 0.217686 1.856890
v -3.880347 0.216602 0.931119
v -3.887211 0.276567 0.931049
v -4.280180 -0.418877 0.931863
v -4.225271 -0.393818 0.931834
v -4.225271 -0.392734 1.857600
v -4.280180 -0.417793 1.857630
v -4.011208 0.180824 0.931161
v -4.011208 0.181908 1.856930
v -4.124371 0.105836 0.931249
v -4.124371 0.106920 1.857020
v -4.208822 -0.000451 0.931373
v -4.208822 0.000633 1.857140
v -4.256295 -0.127633 0.931522
v -4.256295 -0.126549 1.857290
v -4.262143 -0.263260 0.931681
v -4.262143 -0.262176 1.857450
v -3.906572 -1.205600 2.009340
v -3.932835 -0.723575 2.008780
v -3.729287 -0.723575 2.008780
v -3.755550 -1.205600 2.009340
v -3.932835 -0.722308 3.091330
v -3.906572 -1.204540 2.913820
v -3.755550 -1.204540 2.913820
v -3.729287 -0.722308 3.091330
v -3.906572 -1.204921 2.585770
v -3.755550 -1.204921 2.585770
v -3.906572 -1.204540 2.913820
v -3.932835 -0.722308 3.091330
v -3.932835 -0.722777 2.690270
v -3.906572 -1.204921 2.585770
v -3.755550 -1.204540 2.913820
v -3.755550 -1.204921 2.585770
v -3.729287 -0.722777 2.690270
v -3.729287 -0.722308 3.091330
v -3.980599 -1.204921 2.585770
v -4.032609 -0.722777 2.690270
v -4.032609 -0.722867 2.613210
v -3.980599 -1.205000 2.520600
v -3.906572 -1.759560 2.726320
v -3.906572 -1.835420 2.686630
v -3.755550 -1.835420 2.686630
v -3.755550 -1.759560 2.726320
v -3.681523 -1.204921 2.585770
v -3.681523 -1.205000 2.520600
v -3.629513 -0.722867 2.613210
v -3.629513 -0.722777 2.690270
v -3.906572 -1.276220 2.585860
v -3.755550 -1.276220 2.585860
v -3.906572 -1.205000 2.520600
v -3.906572 -1.276300 2.520690
v -3.906572 -1.276220 2.585860
v -3.906572 -1.204921 2.585770
v -3.755550 -1.276900 2.009430
v -3.906572 -1.276900 2.009430
v -3.755550 -1.204921 2.585770
v -3.755550 -1.276220 2.585860
v -3.755550 -1.276300 2.520690
v -3.755550 -1.205000 2.520600
v -3.986927 -1.324110 2.497770
v -3.986927 -1.799361 2.638830
v -3.986927 -1.734870 2.672570
v -3.986927 -1.324040 2.553170
v -3.675195 -1.324110 2.497770
v -3.675195 -1.324040 2.553170
v -3.675195 -1.734870 2.672570
v -3.675195 -1.799361 2.638830
v -3.755550 -1.873360 2.140980
v -3.906572 -1.873360 2.140980
v -4.032609 -0.722777 2.690270
v -3.980599 -1.204921 2.585770
v -3.980599 -1.205600 2.009340
v -4.032609 -0.723575 2.008780
v -3.729287 -0.722777 2.690270
v -3.755550 -1.204921 2.585770
v -3.681523 -1.204921 2.585770
v -3.629513 -0.722777 2.690270
v -3.629513 -0.723575 2.008780
v -3.681523 -1.205600 2.009340
v -3.906572 -1.276300 2.520690
v -3.906572 -1.276220 2.585860
v -3.906572 -1.873360 2.140980
v -3.986927 -1.831600 2.175030
v -3.986927 -1.324610 2.063200
v -3.906572 -1.276900 2.009430
v -3.906572 -1.759560 2.726320
v -3.906572 -1.835420 2.686630
v -3.755550 -1.276300 2.520690
v -3.755550 -1.276220 2.585860
v -3.755550 -1.759560 2.726320
v -3.755550 -1.835420 2.686630
v -3.755550 -1.873360 2.140980
v -3.755550 -1.276900 2.009430
v -3.675195 -1.324610 2.063200
v -3.675195 -1.831600 2.175030
v -3.980599 -1.205530 2.071710
v -4.032609 -0.723489 2.082520
v -4.032609 -0.723575 2.008780
v -3.980599 -1.205600 2.009340
v -3.906572 -1.205530 2.071710
v -3.906572 -1.205600 2.009340
v -3.906572 -1.276900 2.009430
v -3.906572 -1.276820 2.071800
v -3.906572 -1.276820 2.071800
v -3.986927 -1.324550 2.116220
v -3.986927 -1.865860 2.236640
v -3.906572 -1.913670 2.213460
v -3.906572 -1.913670 2.213460
v -3.755550 -1.913670 2.213460
v -3.755550 -1.913670 2.213460
v -3.675195 -1.865860 2.236640
v -3.675195 -1.324550 2.116220
v -3.755550 -1.276820 2.071800
v -3.755550 -1.205530 2.071710
v -3.755550 -1.276820 2.071800
v -3.755550 -1.276900 2.009430
v -3.755550 -1.205600 2.009340
v -3.681523 -1.205600 2.009340
v -3.681523 -1.205530 2.071710
v -3.629513 -0.723575 2.008780
v -3.629513 -0.723489 2.082520
v -4.266416 -0.210709 3.665120
v -4.231061 -0.210693 3.678860
v -4.113904 0.072109 3.643330
v -4.138904 0.097093 3.629560
v -4.195706 -0.210709 3.665120
v -4.088904 0.047093 3.629620
v -4.181061 -0.210748 3.631930
v -4.078548 0.036698 3.596440
v -4.195706 -0.210786 3.598750
v -4.088904 0.047016 3.563250
v -4.231061 -0.210803 3.585000
v -4.113904 0.071999 3.549470
v -4.266416 -0.210786 3.598750
v -4.138904 0.097016 3.563190
v -4.281061 -0.210748 3.631930
v -4.149259 0.107409 3.596360
v -4.149259 0.107409 3.596360
v -3.548218 0.072027 3.572940
v -3.523218 0.097011 3.559160
v -3.573218 0.047011 3.559220
v -3.583574 0.036616 3.526040
v -3.573218 0.046933 3.492850
v -3.548218 0.071917 3.479070
v -3.523218 0.096933 3.492790
v -3.512863 0.107327 3.525960
v -3.512863 0.107327 3.525960
v -3.548218 -0.493742 3.503200
v -3.523218 -0.518758 3.489480
v -3.573218 -0.468758 3.489420
v -3.583574 -0.458441 3.456230
v -3.573218 -0.468835 3.423050
v -3.548218 -0.493851 3.409330
v -3.523218 -0.518835 3.423110
v -3.512863 -0.529151 3.456310
v -3.512863 -0.529151 3.456310
v -4.113904 -0.493824 3.432800
v -4.138904 -0.518840 3.419080
v -4.088904 -0.468840 3.419020
v -4.078548 -0.458523 3.385830
v -4.088904 -0.468918 3.352650
v -4.113904 -0.493934 3.338930
v -4.138904 -0.518918 3.352710
v -4.149259 -0.529234 3.385910
v -4.149259 -0.529234 3.385910
v -4.113904 0.071780 3.361740
v -4.138904 0.096764 3.347960
v -4.088904 0.046764 3.348020
v -4.078549 0.036369 3.314850
v -4.088904 0.046686 3.281650
v -4.113904 0.071670 3.267870
v -4.138904 0.096686 3.281590
v -4.149259 0.107079 3.314770
v -4.149259 0.107079 3.314770
v -3.548218 0.071697 3.291340
v -3.523218 0.096681 3.277570
v -3.573218 0.046681 3.277630
v -3.583574 0.036286 3.244450
v -3.573218 0.046603 3.211250
v -3.548218 0.071587 3.197480
v -3.523218 0.096603 3.211190
v -3.512863 0.106997 3.244370
v -3.512863 0.106997 3.244370
v -3.548218 -0.494071 3.221600
v -3.523218 -0.519087 3.207890
v -3.573218 -0.469087 3.207830
v -3.583574 -0.458770 3.174630
v -3.573218 -0.469165 3.141450
v -3.548218 -0.494181 3.127740
v -3.523218 -0.519165 3.141510
v -3.512863 -0.529481 3.174710
v -3.512863 -0.529481 3.174710
v -4.113904 -0.494153 3.151200
v -4.138904 -0.519169 3.137490
v -4.088904 -0.469169 3.137430
v -4.078549 -0.458852 3.104230
v -4.088904 -0.469247 3.071060
v -4.113904 -0.494263 3.057340
v -4.138904 -0.519246 3.071120
v -4.149259 -0.529563 3.104310
v -4.149259 -0.529563 3.104310
v -4.231061 -0.211351 3.115670
v -4.266416 -0.211367 3.101930
v -4.195706 -0.211368 3.101930
v -4.181061 -0.211407 3.068740
v -4.195706 -0.211445 3.035560
v -4.231061 -0.211460 3.021810
v -4.266416 -0.211444 3.035560
v -4.281061 -0.211406 3.068740
v -3.831061 0.001479 3.868090
v -3.831061 0.181080 3.799690
v -4.107986 0.066375 3.799820
v -3.980932 -0.060599 3.868160
v -3.681190 -0.060599 3.868160
v -3.554136 0.066375 3.799820
v -3.619112 -0.210471 3.868340
v -3.439430 -0.210551 3.800150
v -3.681190 -0.360342 3.868510
v -3.554136 -0.487475 3.800470
v -3.831061 -0.422420 3.868590
v -3.831061 -0.602181 3.800610
v -3.980932 -0.360342 3.868510
v -4.107986 -0.487475 3.800470
v -4.043010 -0.210471 3.868340
v -4.222692 -0.210551 3.800150
v -3.831061 0.301021 3.697490
v -4.192881 0.151150 3.697670
v -3.469241 0.151150 3.697670
v -3.319370 -0.210670 3.698090
v -3.469241 -0.572490 3.698510
v -3.831061 -0.722361 3.698690
v -4.192881 -0.572490 3.698510
v -4.342752 -0.210670 3.698090
v -3.831061 0.343039 3.577060
v -4.222692 0.180820 3.577250
v -3.439430 0.180820 3.577250
v -3.277211 -0.210811 3.577710
v -3.439430 -0.602442 3.578170
v -3.831061 -0.764661 3.578360
v -4.222692 -0.602442 3.578170
v -4.384911 -0.210811 3.577710
v -3.831061 -0.210443 3.892290
v -4.222692 0.180820 3.577250
v -3.831061 0.343039 3.577060
v -3.831061 -0.210811 3.577710
v -3.439430 0.180820 3.577250
v -3.277211 -0.210811 3.577710
v -3.439430 -0.602442 3.578170
v -3.831061 -0.764661 3.578360
v -4.222692 -0.602442 3.578170
v -4.384911 -0.210811 3.577710
v -3.200886 1.491930 0.922029
v -3.170562 1.491750 0.934591
v -3.170576 1.917360 0.934092
v -3.200901 1.917340 0.921531
v -3.209163 0.517201 0.923171
v -3.179489 0.510967 0.935739
v -3.265341 0.348576 0.923368
v -3.358124 0.237911 0.923498
v -3.338377 0.214910 0.936086
v -3.237222 0.338242 0.935942
v -3.756891 0.097927 0.923662
v -3.755067 0.067671 0.936258
v -3.503308 0.116316 0.936201
v -3.511188 0.145021 0.923607
v -3.140238 1.491530 0.922030
v -3.140251 1.917340 0.921531
v -3.149814 0.504705 0.923185
v -3.318631 0.191881 0.923552
v -3.209102 0.327880 0.923393
v -3.753243 0.037386 0.923733
v -3.495428 0.087581 0.923674
v -3.127677 1.491410 0.891705
v -3.127690 1.917310 0.891206
v -3.137523 0.502081 0.892864
v -3.310452 0.182312 0.893238
v -3.197454 0.323558 0.893073
v -3.752487 0.024812 0.893422
v -3.492164 0.075648 0.893363
v -3.127677 1.491410 0.891705
v -3.140238 1.491460 0.861380
v -3.140251 1.917270 0.860881
v -3.127690 1.917310 0.891206
v -3.137523 0.502081 0.892864
v -3.149814 0.504633 0.862536
v -3.310452 0.182312 0.893238
v -3.318631 0.191810 0.862902
v -3.209102 0.327809 0.862743
v -3.197454 0.323558 0.893073
v -3.752487 0.024812 0.893422
v -3.753243 0.037315 0.863083
v -3.495428 0.087510 0.863024
v -3.492164 0.075648 0.893363
v -3.170562 1.491650 0.848819
v -3.170576 1.917250 0.848320
v -3.179489 0.510867 0.849967
v -3.338377 0.214810 0.850314
v -3.237222 0.338142 0.850170
v -3.755067 0.067571 0.850486
v -3.503308 0.116215 0.850429
v -3.200886 1.491860 0.861379
v -3.200901 1.917270 0.860881
v -3.209163 0.517129 0.862521
v -3.265341 0.348505 0.862718
v -3.358124 0.237840 0.862848
v -3.756891 0.097856 0.863012
v -3.511188 0.144950 0.862957
v -3.213447 1.491990 0.891704
v -3.213462 1.917310 0.891206
v -3.221455 0.519753 0.892843
v -3.366303 0.247408 0.893162
v -3.276989 0.352826 0.893038
v -3.757646 0.110429 0.893322
v -3.514452 0.156882 0.893268
v -3.170576 1.917360 0.934092
v -3.170576 1.917310 0.891206
v -3.140251 1.917340 0.921531
v -3.127690 1.917310 0.891206
v -3.140251 1.917270 0.860881
v -3.170576 1.917250 0.848320
v -2.410181 0.962996 1.917150
v -2.379861 0.962811 1.929710
v -2.379871 1.918520 1.928590
v -2.410201 1.918510 1.916030
v -2.418461 0.273027 1.917960
v -2.388791 0.266794 1.930530
v -2.555541 -0.109757 1.918410
v -2.529191 -0.124744 1.930990
v -2.440881 0.074342 1.930750
v -2.469001 0.084675 1.918180
v -2.847341 -0.470726 1.918830
v -2.828441 -0.494430 1.931420
v -2.650411 -0.309898 1.931200
v -2.673371 -0.290943 1.918620
v -3.063331 -0.599063 1.918980
v -3.336645 -0.682553 1.919080
v -3.330082 -0.712145 1.931680
v -3.050391 -0.625610 1.931570
v -3.690833 -0.694626 1.919090
v -3.714683 -0.719391 1.931680
v -2.349531 0.962596 1.917150
v -2.349551 1.918510 1.916030
v -2.359111 0.260531 1.917980
v -2.502831 -0.139759 1.918440
v -2.412761 0.063979 1.918210
v -2.809551 -0.518165 1.918890
v -2.627451 -0.328883 1.918670
v -3.323519 -0.741766 1.919150
v -3.037451 -0.652187 1.919040
v -3.738533 -0.744185 1.919150
v -2.336971 0.962470 1.886820
v -2.336991 1.918470 1.885700
v -2.346821 0.257908 1.887650
v -2.491921 -0.146008 1.888120
v -2.401121 0.059658 1.887880
v -2.801721 -0.528026 1.888570
v -2.617941 -0.336776 1.888350
v -3.320801 -0.754065 1.888830
v -3.032091 -0.663225 1.888730
v -3.748412 -0.754485 1.888830
v -2.349531 0.962525 1.856500
v -2.349551 1.918430 1.855380
v -2.359111 0.260460 1.857330
v -2.502831 -0.139830 1.857800
v -2.412761 0.063908 1.857560
v -2.809551 -0.518236 1.858240
v -2.627451 -0.328954 1.858020
v -3.323519 -0.741837 1.858500
v -3.037451 -0.652258 1.858400
v -3.738533 -0.744257 1.858500
v -2.379861 0.962710 1.843940
v -2.379871 1.918420 1.842820
v -2.388791 0.266694 1.844760
v -2.529191 -0.124844 1.845220
v -2.440881 0.074242 1.844980
v -2.828441 -0.494531 1.845650
v -2.650411 -0.309999 1.845430
v -3.330082 -0.712246 1.845910
v -3.050391 -0.625711 1.845800
v -3.714683 -0.719492 1.845910
v -2.410181 0.962925 1.856500
v -2.410201 1.918430 1.855380
v -2.418461 0.272956 1.857310
v -2.555541 -0.109828 1.857760
v -2.469001 0.084604 1.857530
v -2.847341 -0.470797 1.858180
v -2.673371 -0.291014 1.857970
v -3.063331 -0.599134 1.858330
v -3.336645 -0.682624 1.858430
v -3.690833 -0.694697 1.858440
v -2.422741 0.963050 1.886820
v -2.422761 1.918470 1.885700
v -2.430751 0.275580 1.887630
v -2.566461 -0.103580 1.888070
v -2.480651 0.088926 1.887850
v -2.855163 -0.460937 1.888490
v -2.682871 -0.283121 1.888280
v -3.339363 -0.670325 1.888740
v -3.068691 -0.588096 1.888640
v -3.680954 -0.684397 1.888750
v -2.422741 0.963050 1.886820
v -2.422761 1.918470 1.885700
v -2.430751 0.275580 1.887630
v -2.566461 -0.103580 1.888070
v -2.480651 0.088926 1.887850
v -2.855163 -0.460937 1.888490
v -2.682871 -0.283121 1.888280
v -3.339363 -0.670325 1.888740
v -3.068691 -0.588096 1.888640
v -3.680954 -0.684397 1.888750
v -2.410201 1.918510 1.916030
v -2.379871 1.918520 1.928590
v -2.379871 1.918470 1.885700
v -2.379871 1.918420 1.842820
v -2.410201 1.918430 1.855380
v -2.422761 1.918470 1.885700
v -2.410181 0.961831 0.922650
v -2.379861 0.961646 0.935211
v -2.379871 1.917360 0.934092
v -2.410201 1.917340 0.921531
v -2.418461 0.271863 0.923458
v -2.388791 0.265629 0.936027
v -2.555541 -0.110922 0.923907
v -2.529191 -0.125908 0.936485
v -2.440881 0.073177 0.936252
v -2.469001 0.083511 0.923679
v -2.847341 -0.471891 0.924329
v -2.828441 -0.495595 0.936918
v -2.650411 -0.311063 0.936702
v -2.673371 -0.292108 0.924119
v -3.063331 -0.600228 0.924480
v -3.336645 -0.683718 0.924577
v -3.330082 -0.713310 0.937173
v -3.050391 -0.626775 0.937072
v -3.690833 -0.695791 0.924591
v -3.714683 -0.720556 0.937182
v -2.349531 0.961431 0.922651
v -2.349551 1.917340 0.921531
v -2.359111 0.259367 0.923473
v -2.502831 -0.140924 0.923942
v -2.412761 0.062815 0.923703
v -2.809551 -0.519330 0.924385
v -2.627451 -0.330048 0.924163
v -3.323519 -0.742931 0.924647
v -3.037451 -0.653352 0.924542
v -3.738533 -0.745350 0.924649
v -2.336971 0.961306 0.892326
v -2.336991 1.917310 0.891206
v -2.346821 0.256743 0.893151
v -2.491921 -0.147173 0.893624
v -2.401121 0.058493 0.893383
v -2.801721 -0.529190 0.894071
v -2.617941 -0.337940 0.893847
v -3.320801 -0.755230 0.894336
v -3.032091 -0.664390 0.894230
v -3.748412 -0.755649 0.894337
v -2.349531 0.961360 0.862001
v -2.349551 1.917270 0.860881
v -2.359111 0.259296 0.862823
v -2.502831 -0.140995 0.863292
v -2.412761 0.062744 0.863053
v -2.809551 -0.519401 0.863735
v -2.627451 -0.330119 0.863513
v -3.323519 -0.743002 0.863997
v -3.037451 -0.653423 0.863892
v -3.738533 -0.745421 0.864000
v -2.379861 0.961545 0.849439
v -2.379871 1.917250 0.848320
v -2.388791 0.265529 0.850255
v -2.529191 -0.126009 0.850713
v -2.440881 0.073077 0.850480
v -2.828441 -0.495696 0.851146
v -2.650411 -0.311164 0.850930
v -3.330082 -0.713410 0.851401
v -3.050391 -0.626875 0.851300
v -3.714683 -0.720656 0.851410
v -2.410181 0.961760 0.862000
v -2.410201 1.917270 0.860881
v -2.418461 0.271792 0.862808
v -2.555541 -0.110993 0.863257
v -2.469001 0.083440 0.863029
v -2.847341 -0.471962 0.863679
v -2.673371 -0.292179 0.863469
v -3.063331 -0.600299 0.863830
v -3.336645 -0.683789 0.863927
v -3.690833 -0.695862 0.863942
v -2.422741 0.961886 0.892325
v -2.422761 1.917310 0.891206
v -2.430751 0.274415 0.893130
v -2.566461 -0.104745 0.893574
v -2.480651 0.087761 0.893349
v -2.855163 -0.462101 0.893993
v -2.682871 -0.284285 0.893784
v -3.339363 -0.671490 0.894238
v -3.068691 -0.589261 0.894142
v -3.680954 -0.685562 0.894254
v -2.422741 0.961886 0.892325
v -2.422761 1.917310 0.891206
v -2.430751 0.274415 0.893130
v -2.566461 -0.104745 0.893574
v -2.480651 0.087761 0.893349
v -2.855163 -0.462101 0.893993
v -2.682871 -0.284285 0.893784
v -3.339363 -0.671490 0.894238
v -3.068691 -0.589261 0.894142
v -3.680954 -0.685562 0.894254
v -2.410201 1.917340 0.921531
v -2.379871 1.917360 0.934092
v -2.379871 1.917310 0.891206
v -2.379871 1.917250 0.848320
v -2.410201 1.917270 0.860881
v -2.422761 1.917310 0.891206
v -3.200886 1.493100 1.916530
v -3.170562 1.492910 1.929090
v -3.170576 1.918520 1.928590
v -3.200901 1.918510 1.916030
v -3.209163 0.518365 1.917670
v -3.179489 0.512132 1.930240
v -3.265341 0.349740 1.917870
v -3.358124 0.239075 1.918000
v -3.338377 0.216075 1.930590
v -3.237222 0.339407 1.930440
v -3.756891 0.099091 1.918170
v -3.755067 0.068836 1.930760
v -3.503308 0.117480 1.930700
v -3.511188 0.146186 1.918110
v -3.140238 1.492700 1.916530
v -3.140251 1.918510 1.916030
v -3.149814 0.505869 1.917690
v -3.318631 0.193045 1.918060
v -3.209102 0.329044 1.917900
v -3.753243 0.038550 1.918240
v -3.495428 0.088745 1.918180
v -3.127677 1.492570 1.886200
v -3.127690 1.918470 1.885700
v -3.137523 0.503246 1.887360
v -3.310452 0.183477 1.887740
v -3.197454 0.324723 1.887570
v -3.752487 0.025977 1.887920
v -3.492164 0.076813 1.887860
v -3.127677 1.492570 1.886200
v -3.140238 1.492620 1.855880
v -3.140251 1.918430 1.855380
v -3.127690 1.918470 1.885700
v -3.137523 0.503246 1.887360
v -3.149814 0.505798 1.857040
v -3.310452 0.183477 1.887740
v -3.318631 0.192974 1.857410
v -3.209102 0.328973 1.857250
v -3.197454 0.324723 1.887570
v -3.752487 0.025977 1.887920
v -3.753243 0.038479 1.857590
v -3.495428 0.088674 1.857530
v -3.492164 0.076813 1.887860
v -3.170562 1.492810 1.843320
v -3.170576 1.918420 1.842820
v -3.179489 0.512031 1.844470
v -3.338377 0.215975 1.844820
v -3.237222 0.339307 1.844670
v -3.755067 0.068736 1.844990
v -3.503308 0.117380 1.844930
v -3.200886 1.493020 1.855880
v -3.200901 1.918430 1.855380
v -3.209163 0.518294 1.857020
v -3.265341 0.349669 1.857220
v -3.358124 0.239004 1.857350
v -3.756891 0.099020 1.857520
v -3.511188 0.146114 1.857460
v -3.213447 1.493150 1.886200
v -3.213462 1.918470 1.885700
v -3.221455 0.520918 1.887340
v -3.366303 0.248573 1.887660
v -3.276989 0.353991 1.887540
v -3.757646 0.111594 1.887820
v -3.514452 0.158047 1.887770
v -3.170576 1.918520 1.928590
v -3.170576 1.918470 1.885700
v -3.140251 1.918510 1.916030
v -3.127690 1.918470 1.885700
v -3.140251 1.918430 1.855380
v -3.170576 1.918420 1.842820
vn 0.1190 0.9026 0.4138
vn 0.6265 0.6604 0.4141
vn 0.6265 0.6603 0.4141
vn 0.6265 0.6603 0.4140
vn 0.8947 0.1661 0.4147
vn 0.8947 0.1661 0.4146
vn 0.8212 -0.3914 0.4153
vn 0.8211 -0.3915 0.4153
vn 0.8211 -0.3914 0.4153
vn 0.4340 -0.7993 0.4158
vn 0.8212 -0.3915 0.4153
vn -0.1190 -0.9016 0.4159
vn 0.4340 -0.7993 0.4157
vn -0.6265 -0.6594 0.4156
vn -0.8947 -0.1651 0.4150
vn -0.8947 -0.1651 0.4151
vn -0.8211 0.3924 0.4144
vn -0.8212 0.3924 0.4144
vn 0.1190 0.9026 0.4137
vn -0.8212 0.3924 0.4143
vn 0.1191 0.9026 0.4138
vn -0.0000 0.0012 1.0000
vn 0.1189 0.9026 0.4138
vn 0.8947 0.1660 0.4146
vn 0.4339 -0.7993 0.4158
vn -0.1191 -0.9016 0.4159
vn 0.4340 -0.7992 0.4158
vn -0.6266 -0.6593 0.4156
vn -0.8947 -0.1650 0.4150
vn -0.8211 0.3925 0.4144
vn -0.0000 -0.0012 -1.0000
vn 0.0001 -0.0012 -1.0000
vn 0.1308 0.9914 -0.0012
vn 0.0001 -0.0011 -1.0000
vn -0.4769 0.8789 -0.0010
vn 0.1308 0.9914 -0.0011
vn -0.0000 -0.0011 -1.0000
vn -0.9025 0.4307 -0.0005
vn -0.4769 0.8789 -0.0011
vn -0.9833 -0.1820 0.0002
vn -0.9025 0.4308 -0.0006
vn -0.9025 0.4308 -0.0005
vn -0.0001 -0.0011 -1.0000
vn -0.6885 -0.7252 0.0009
vn -0.0001 -0.0012 -1.0000
vn -0.1308 -0.9914 0.0012
vn -0.6885 -0.7252 0.0008
vn 0.4769 -0.8789 0.0010
vn -0.1308 -0.9914 0.0011
vn 0.9025 -0.4308 0.0005
vn 0.4769 -0.8789 0.0011
vn 0.9833 0.1820 -0.0002
vn 0.1308 0.9914 -0.0009
vn -0.1426 0.7698 -0.6222
vn 0.3375 0.7064 -0.6221
vn 0.3376 0.7064 -0.6221
vn 0.3376 0.7065 -0.6221
vn -0.5682 0.5388 -0.6219
vn -0.7769 0.1017 -0.6214
vn -0.5683 0.5388 -0.6219
vn -0.6887 -0.3745 -0.6208
vn -0.7769 0.1018 -0.6214
vn -0.3375 -0.7079 -0.6204
vn -0.3375 -0.7079 -0.6205
vn 0.1426 -0.7712 -0.6204
vn 0.1426 -0.7713 -0.6203
vn -0.3376 -0.7079 -0.6204
vn 0.5683 -0.5403 -0.6206
vn 0.7769 -0.1032 -0.6212
vn 0.5682 -0.5403 -0.6206
vn 0.7769 -0.1032 -0.6211
vn 0.6887 0.3730 -0.6217
vn 0.3375 0.7065 -0.6221
vn 0.6888 0.3730 -0.6217
vn 0.3318 0.7092 -0.6220
vn -0.4769 0.8790 -0.0010
vn -0.1426 0.7698 -0.6221
vn -0.1489 0.7687 -0.6221
vn -0.7769 0.1017 -0.6213
vn -0.5727 0.5342 -0.6218
vn -0.4769 0.8790 -0.0011
vn -0.9833 -0.1819 0.0003
vn -0.6888 -0.3745 -0.6208
vn -0.7768 0.1017 -0.6214
vn -0.7778 0.0955 -0.6213
vn -0.9024 0.4308 -0.0005
vn -0.9833 -0.1820 0.0003
vn -0.6886 -0.7252 0.0008
vn -0.6887 -0.3745 -0.6209
vn -0.6858 -0.3801 -0.6207
vn -0.9833 -0.1819 0.0002
vn -0.6886 -0.7252 0.0009
vn -0.3318 -0.7107 -0.6204
vn 0.4769 -0.8790 0.0010
vn 0.5683 -0.5402 -0.6207
vn 0.1427 -0.7712 -0.6204
vn 0.1489 -0.7701 -0.6203
vn 0.5683 -0.5402 -0.6206
vn 0.5726 -0.5357 -0.6206
vn 0.4770 -0.8789 0.0010
vn 0.9025 -0.4308 0.0006
vn 0.9833 0.1819 -0.0002
vn 0.7777 -0.0969 -0.6211
vn 0.9025 -0.4307 0.0005
vn 0.1307 0.9914 -0.0012
vn 0.6888 0.3730 -0.6216
vn 0.6858 0.3786 -0.6216
vn -0.1425 0.7698 -0.6222
vn -0.7769 0.1018 -0.6213
vn -0.6888 -0.3744 -0.6208
vn -0.6265 -0.6593 0.4156
vn 0.1425 -0.7713 -0.6204
vn 0.6888 0.3729 -0.6217
vn -0.7361 0.5353 0.4142
vn -0.2812 0.8658 0.4138
vn -0.2812 0.8659 0.4138
vn 0.2812 0.8659 0.4138
vn 0.2812 0.8658 0.4138
vn 0.7361 0.5353 0.4142
vn 0.9099 0.0005 0.4148
vn 0.7361 -0.5343 0.4155
vn 0.7361 -0.5343 0.4154
vn 0.9099 0.0005 0.4149
vn 0.2812 -0.8649 0.4159
vn -0.2812 -0.8649 0.4159
vn 0.2812 -0.8649 0.4158
vn -0.2812 -0.8649 0.4158
vn -0.7361 -0.5343 0.4154
vn -0.7361 -0.5343 0.4155
vn -0.7361 0.5354 0.4142
vn -0.7362 0.5353 0.4142
vn -0.2811 0.8659 0.4138
vn 0.7362 0.5353 0.4142
vn 0.9099 0.0004 0.4148
vn 0.7361 -0.5344 0.4154
vn 0.2811 -0.8649 0.4158
vn -0.7362 -0.5343 0.4154
vn -0.2811 -0.8649 0.4159
vn -0.7361 -0.5344 0.4155
vn -0.8090 0.5878 -0.0007
vn -1.0000 -0.0000 -0.0000
vn -0.8090 -0.5878 0.0007
vn -0.3090 -0.9511 0.0011
vn 0.3090 -0.9511 0.0011
vn 0.8090 -0.5878 0.0007
vn 1.0000 -0.0000 -0.0000
vn 0.8090 -0.5878 0.0006
vn 0.8090 0.5878 -0.0007
vn 0.3090 0.9511 -0.0011
vn 0.3090 0.9511 -0.0012
vn -0.7452 0.2414 -0.6215
vn -0.4606 0.6332 -0.6220
vn -0.7452 0.2414 -0.6216
vn -0.7452 -0.2429 -0.6210
vn -0.7453 0.2414 -0.6215
vn -0.4606 -0.6347 -0.6205
vn -0.7453 -0.2429 -0.6210
vn -0.0000 -0.7843 -0.6203
vn 0.4606 -0.6347 -0.6205
vn -0.0000 -0.7843 -0.6204
vn 0.7453 -0.2429 -0.6210
vn 0.7452 0.2414 -0.6216
vn 0.7452 -0.2429 -0.6210
vn 0.4606 0.6332 -0.6220
vn 0.7452 0.2414 -0.6215
vn 0.7453 0.2414 -0.6215
vn -0.0000 0.7829 -0.6222
vn -0.4658 0.6295 -0.6219
vn -0.8090 0.5878 -0.0006
vn -0.7453 -0.2428 -0.6210
vn -0.7472 0.2353 -0.6215
vn -0.8090 -0.5878 0.0006
vn -0.4606 -0.6346 -0.6206
vn -0.7433 -0.2489 -0.6209
vn -1.0000 0.0001 -0.0001
vn -0.3090 -0.9510 0.0011
vn -0.4605 -0.6347 -0.6206
vn -0.4554 -0.6384 -0.6205
vn -0.8091 -0.5877 0.0007
vn -0.3090 -0.9510 0.0010
vn 0.3090 -0.9511 0.0010
vn 0.4605 -0.6347 -0.6206
vn 0.0064 -0.7843 -0.6203
vn -0.3091 -0.9510 0.0011
vn 0.4606 -0.6346 -0.6205
vn 0.4658 -0.6309 -0.6205
vn 0.7452 -0.2428 -0.6210
vn 0.7473 -0.2368 -0.6209
vn 0.8090 0.5878 -0.0006
vn 0.4606 0.6333 -0.6220
vn 0.7453 0.2415 -0.6215
vn 0.7433 0.2475 -0.6215
vn 1.0000 -0.0001 -0.0000
vn 0.3090 0.9510 -0.0011
vn -0.0001 0.7829 -0.6221
vn 0.4554 0.6370 -0.6219
vn 0.8091 0.5877 -0.0007
vn -0.8091 0.5877 -0.0008
vn -0.0000 0.7829 -0.6221
vn -0.0063 0.7829 -0.6221
vn 0.3091 0.9510 -0.0011
vn -0.7452 0.2415 -0.6215
vn -0.7453 -0.2429 -0.6209
vn -0.4606 -0.6346 -0.6205
vn 0.4605 -0.6347 -0.6205
vn 0.7361 -0.5344 0.4155
vn 0.4606 -0.6346 -0.6206
vn 0.7453 -0.2428 -0.6210
vn 0.2811 0.8659 0.4138
vn 0.0001 0.7829 -0.6222
vn -0.2812 0.8658 0.4139
vn -0.7361 -0.5344 0.4154
vn -0.3090 -0.9511 0.0012
vn -0.8090 0.5878 -0.0004
vn -0.4657 0.6295 -0.6220
vn -0.8090 0.5878 -0.0008
vn -0.7472 0.2354 -0.6215
vn -0.8090 -0.5878 0.0008
vn -0.7433 -0.2490 -0.6209
vn -1.0000 0.0001 0.0001
vn -0.3090 -0.9510 0.0012
vn 0.3090 -0.9511 0.0012
vn 0.0001 -0.7844 -0.6203
vn 0.4658 -0.6310 -0.6204
vn 0.3089 -0.9511 0.0011
vn 0.8090 -0.5878 0.0008
vn 0.4605 0.6332 -0.6221
vn 0.4554 0.6370 -0.6220
vn 0.3090 0.9510 -0.0012
vn -0.4606 0.6332 -0.6221
vn -0.0064 0.7829 -0.6221
vn 0.3091 0.9510 -0.0012
vn -0.0001 -0.7843 -0.6203
vn 0.2811 -0.8649 0.4159
vn -0.4605 0.6332 -0.6220
vn -0.1073 0.9942 -0.0012
vn -0.4646 0.0011 0.8855
vn -0.1073 -0.9942 0.0012
vn -0.0000 1.0000 -0.0012
vn -0.1305 -0.1167 -0.9846
vn -0.1305 0.1144 -0.9848
vn -0.1305 0.1143 -0.9848
vn -0.0000 -1.0000 0.0012
vn -0.4646 0.0010 0.8855
vn -0.1305 -0.1166 -0.9846
vn -0.2095 -0.2103 -0.9549
vn -0.2095 0.2081 -0.9554
vn -0.0000 0.0011 1.0000
vn -0.1073 0.9942 -0.0014
vn -0.2130 0.0011 0.9771
vn -0.1072 0.9942 -0.0012
vn -0.2130 0.0012 0.9771
vn -0.1072 -0.9942 0.0012
vn -0.1073 -0.9942 0.0011
vn -0.0000 -1.0000 0.0011
vn -0.0000 1.0000 -0.0011
vn -0.1896 0.4644 -0.8651
vn -0.1896 0.4643 -0.8651
vn 0.0001 -1.0000 0.0011
vn 0.0001 -1.0000 0.0012
vn -0.1896 -0.4663 -0.8640
vn -0.1896 -0.4664 -0.8640
vn -0.2095 -0.2104 -0.9549
vn -0.1306 0.1144 -0.9848
vn -0.1897 0.4643 -0.8651
vn 0.8596 0.5110 -0.0006
vn -0.1896 0.4643 -0.8652
vn 0.8596 0.5110 -0.0005
vn -0.7289 0.5504 -0.4071
vn -0.7289 0.5505 -0.4071
vn -0.8734 -0.0006 -0.4870
vn -0.7289 -0.5514 -0.4058
vn -0.7289 -0.5514 -0.4057
vn -0.1896 -0.4663 -0.8641
vn 0.8596 -0.5110 0.0006
vn -0.1306 -0.1167 -0.9846
vn -1.0000 -0.0000 0.0001
vn -1.0000 -0.0000 -0.0001
vn -0.1073 0.9942 -0.0013
vn -0.1073 0.9942 -0.0015
vn -0.7289 0.5505 -0.4070
vn -0.4646 0.0008 0.8855
vn -0.8734 -0.0007 -0.4870
vn -0.8734 -0.0005 -0.4870
vn -0.1073 -0.9942 0.0013
vn -0.9511 0.3090 -0.0004
vn -0.9511 0.3090 -0.0003
vn -0.5878 0.8090 -0.0010
vn -0.5878 0.8090 -0.0009
vn -0.3090 0.9511 -0.0011
vn -0.3090 0.9510 -0.0011
vn 0.5878 0.8090 -0.0010
vn 0.5878 0.8090 -0.0009
vn 0.9511 0.3090 -0.0004
vn 0.9511 -0.3090 0.0004
vn 0.5878 -0.8090 0.0009
vn 0.5878 -0.8090 0.0010
vn 0.2584 -0.9660 0.0012
vn 0.2584 -0.9660 0.0011
vn -0.5878 -0.8090 0.0009
vn -0.5878 -0.8090 0.0010
vn -0.9511 -0.3090 0.0004
vn -0.9511 -0.3090 0.0003
vn -0.9986 -0.0527 0.0001
vn -0.9986 -0.0527 -0.0000
vn 0.9511 -0.3090 0.0003
vn 0.9511 0.3090 -0.0003
vn -0.9986 -0.0528 0.0001
vn 0.5877 -0.8091 0.0009
vn 0.0001 0.0012 1.0000
vn -0.9986 -0.0528 -0.0000
vn -0.9510 0.3091 -0.0004
vn -0.0001 1.0000 -0.0012
vn 0.2585 -0.9660 0.0012
vn -0.0000 -0.0013 -1.0000
vn 0.0001 -0.0013 -1.0000
vn 0.9517 0.3070 -0.0004
vn 0.9517 0.3070 -0.0003
vn -0.0021 1.0000 -0.0012
vn -0.0001 0.0012 1.0000
vn 0.9514 0.3080 -0.0004
vn 0.8094 0.5872 -0.0007
vn 0.5880 0.8089 -0.0009
vn 0.5877 0.8090 -0.0009
vn 0.3088 0.9511 -0.0011
vn -0.0007 1.0000 -0.0012
vn 0.9511 0.3089 -0.0003
vn 0.3089 0.9511 -0.0011
vn 0.5880 0.8089 -0.0010
vn -0.8024 0.5831 0.1268
vn -0.7834 0.5695 0.2491
vn -0.9209 0.2995 0.2494
vn -0.9209 0.2995 0.2493
vn -0.9433 0.3067 0.1271
vn -0.9433 0.3066 0.1271
vn -0.9683 0.0003 0.2497
vn -0.9918 0.0001 0.1275
vn -0.9918 0.0002 0.1275
vn -0.9209 -0.2990 0.2501
vn -0.9209 -0.2989 0.2501
vn -0.9433 -0.3063 0.1278
vn -0.9433 -0.3064 0.1278
vn -0.7834 -0.5689 0.2504
vn -0.8024 -0.5828 0.1282
vn -0.8024 -0.5828 0.1281
vn -0.5692 -0.7831 0.2506
vn -0.5830 -0.8023 0.1284
vn -0.5691 -0.7831 0.2506
vn -0.2992 -0.9206 0.2508
vn -0.2993 -0.9206 0.2508
vn -0.3065 -0.9431 0.1286
vn -0.3065 -0.9432 0.1286
vn -0.0000 -0.9680 0.2508
vn -0.0000 -0.9917 0.1286
vn -0.0000 -0.9680 0.2509
vn 0.2992 -0.9206 0.2508
vn 0.3065 -0.9431 0.1286
vn 0.5692 -0.7831 0.2506
vn 0.5830 -0.8023 0.1284
vn 0.7834 -0.5689 0.2504
vn 0.8024 -0.5829 0.1281
vn 0.8024 -0.5828 0.1281
vn 0.9209 -0.2990 0.2501
vn 0.9433 -0.3063 0.1278
vn 0.9683 0.0003 0.2497
vn 0.9918 0.0001 0.1275
vn 0.9209 0.2995 0.2494
vn 0.9209 0.2995 0.2493
vn 0.9433 0.3066 0.1271
vn 0.7834 0.5695 0.2490
vn 0.8024 0.5831 0.1268
vn 0.7834 0.5695 0.2491
vn 0.5692 0.7837 0.2488
vn 0.5830 0.8026 0.1265
vn 0.2992 0.9212 0.2486
vn 0.3065 0.9434 0.1264
vn -0.0000 0.9686 0.2486
vn -0.0000 0.9920 0.1263
vn 0.3065 0.9435 0.1264
vn -0.2992 0.9212 0.2486
vn -0.3065 0.9435 0.1264
vn -0.5692 0.7837 0.2488
vn -0.5691 0.7837 0.2488
vn -0.5830 0.8026 0.1265
vn -0.3065 0.9434 0.1264
vn -0.7940 0.5771 0.1913
vn -0.9334 0.3035 0.1916
vn -0.9814 0.0002 0.1920
vn -0.9334 -0.3030 0.1923
vn -0.9334 -0.3031 0.1923
vn -0.7940 -0.5766 0.1927
vn -0.9334 -0.3030 0.1924
vn -0.7940 -0.5766 0.1926
vn -0.5769 -0.7937 0.1929
vn -0.5768 -0.7938 0.1929
vn -0.3033 -0.9331 0.1931
vn -0.0000 -0.9812 0.1931
vn 0.3033 -0.9331 0.1931
vn 0.3032 -0.9331 0.1931
vn 0.5769 -0.7937 0.1929
vn 0.5768 -0.7937 0.1929
vn 0.7940 -0.5766 0.1926
vn 0.5768 -0.7938 0.1929
vn 0.7940 -0.5766 0.1927
vn 0.9334 -0.3030 0.1923
vn 0.9334 -0.3031 0.1923
vn 0.9814 0.0002 0.1920
vn 0.9334 0.3035 0.1916
vn 0.7940 0.5771 0.1913
vn 0.5768 0.7942 0.1910
vn 0.5769 0.7942 0.1910
vn 0.3033 0.9336 0.1909
vn -0.0000 0.9816 0.1908
vn -0.3033 0.9336 0.1909
vn -0.5769 0.7942 0.1910
vn -0.5768 0.7942 0.1910
vn -0.7830 0.5700 0.2490
vn -0.7939 0.5771 0.1913
vn -0.9333 0.3036 0.1916
vn -0.7834 0.5695 0.2490
vn -0.0157 0.0040 -0.9999
vn -0.9334 0.3035 0.1917
vn -0.7939 0.5771 0.1914
vn -0.7940 0.5770 0.1912
vn -0.0134 0.0085 -0.9999
vn -0.9207 0.3001 0.2493
vn -0.9814 0.0001 0.1920
vn -0.0165 -0.0012 -0.9999
vn -0.9814 0.0002 0.1919
vn -0.9333 0.3036 0.1917
vn -0.0157 0.0039 -0.9999
vn -0.9683 0.0009 0.2497
vn -0.9814 0.0003 0.1920
vn -0.9333 -0.3031 0.1923
vn -0.0157 -0.0063 -0.9999
vn -0.9814 0.0003 0.1919
vn -0.9211 -0.2983 0.2501
vn -0.7939 -0.5767 0.1927
vn -0.0134 -0.0109 -0.9999
vn -0.7838 -0.5684 0.2504
vn -0.0097 -0.0145 -0.9998
vn -0.7939 -0.5767 0.1926
vn -0.7942 -0.5763 0.1927
vn -0.5697 -0.7827 0.2506
vn -0.3029 -0.9333 0.1931
vn -0.0051 -0.0169 -0.9998
vn -0.3032 -0.9332 0.1930
vn -0.2998 -0.9204 0.2508
vn 0.0001 -0.9812 0.1931
vn -0.0000 -0.0177 -0.9998
vn -0.3034 -0.9331 0.1930
vn -0.3037 -0.9330 0.1930
vn -0.0006 -0.9680 0.2508
vn 0.3032 -0.9332 0.1931
vn 0.3036 -0.9330 0.1931
vn 0.0051 -0.0169 -0.9998
vn 0.3033 -0.9331 0.1930
vn -0.0001 -0.9812 0.1931
vn 0.2986 -0.9208 0.2508
vn 0.5767 -0.7939 0.1929
vn 0.0097 -0.0146 -0.9998
vn 0.3034 -0.9331 0.1930
vn 0.3029 -0.9333 0.1930
vn 0.0097 -0.0145 -0.9998
vn 0.5687 -0.7835 0.2506
vn 0.7940 -0.5767 0.1926
vn 0.5691 -0.7831 0.2506
vn 0.0134 -0.0109 -0.9999
vn 0.5768 -0.7938 0.1928
vn 0.5765 -0.7940 0.1929
vn 0.7830 -0.5694 0.2504
vn 0.7939 -0.5767 0.1927
vn 0.9335 -0.3026 0.1924
vn 0.9209 -0.2989 0.2501
vn 0.0157 -0.0063 -0.9999
vn 0.9207 -0.2995 0.2501
vn 0.9814 0.0003 0.1920
vn 0.0165 -0.0011 -0.9999
vn 0.9814 0.0003 0.1919
vn 0.9333 -0.3031 0.1923
vn 0.0165 -0.0012 -0.9999
vn 0.9683 -0.0003 0.2497
vn 0.9334 0.3034 0.1916
vn 0.0157 0.0039 -0.9999
vn 0.9333 0.3035 0.1917
vn 0.9814 0.0001 0.1920
vn 0.9211 0.2989 0.2493
vn 0.7940 0.5770 0.1913
vn 0.0134 0.0085 -0.9999
vn 0.7940 0.5771 0.1912
vn 0.9334 0.3034 0.1917
vn 0.0157 0.0040 -0.9999
vn 0.7837 0.5690 0.2491
vn 0.7834 0.5694 0.2491
vn 0.0097 0.0122 -0.9999
vn 0.7940 0.5770 0.1912
vn 0.5697 0.7833 0.2488
vn 0.3035 0.9335 0.1909
vn 0.2992 0.9212 0.2487
vn 0.0051 0.0146 -0.9999
vn 0.3032 0.9336 0.1908
vn 0.5772 0.7940 0.1910
vn 0.0051 0.0145 -0.9999
vn 0.2998 0.9210 0.2487
vn -0.0001 0.9816 0.1908
vn 0.2993 0.9212 0.2486
vn -0.0000 0.0154 -0.9999
vn 0.3033 0.9336 0.1908
vn 0.0006 0.9686 0.2486
vn -0.3037 0.9335 0.1909
vn -0.2992 0.9212 0.2487
vn -0.0051 0.0145 -0.9999
vn -0.3033 0.9336 0.1908
vn 0.0001 0.9816 0.1908
vn -0.0051 0.0146 -0.9999
vn -0.2986 0.9214 0.2487
vn -0.3032 0.9336 0.1909
vn -0.5768 0.7942 0.1911
vn -0.0097 0.0122 -0.9999
vn -0.3034 0.9336 0.1908
vn -0.5687 0.7840 0.2488
vn -0.7940 0.5770 0.1913
vn -0.7834 0.5694 0.2491
vn -0.5769 0.7941 0.1910
vn -0.0134 0.0086 -0.9999
vn -0.6284 0.2033 -0.7509
vn -0.6607 -0.0009 -0.7506
vn -0.6284 -0.2051 -0.7504
vn -0.9510 -0.3090 0.0004
vn -0.5345 -0.3892 -0.7502
vn -0.8090 -0.5877 0.0007
vn -0.3884 -0.5354 -0.7500
vn -0.2042 -0.6293 -0.7499
vn -0.0000 -0.6616 -0.7499
vn 0.2042 -0.6293 -0.7499
vn 0.3090 -0.9510 0.0011
vn 0.3884 -0.5354 -0.7500
vn 0.5877 -0.8090 0.0009
vn 0.5345 -0.3892 -0.7502
vn 0.6284 -0.2051 -0.7504
vn 0.9510 -0.3091 0.0004
vn 0.6284 -0.2050 -0.7504
vn 0.6607 -0.0009 -0.7506
vn 0.6284 0.2033 -0.7509
vn 0.9510 0.3090 -0.0004
vn 0.5345 0.3875 -0.7511
vn 0.8090 0.5877 -0.0007
vn 0.3884 0.5337 -0.7513
vn 0.2042 0.6275 -0.7514
vn -0.0000 0.6598 -0.7514
vn -0.2042 0.6275 -0.7514
vn -0.3091 0.9510 -0.0011
vn -0.3884 0.5337 -0.7513
vn -0.5877 0.8090 -0.0010
vn -0.5345 0.3875 -0.7511
vn -0.6284 0.2032 -0.7509
vn -0.9918 0.0002 0.1274
vn -0.6607 -0.0008 -0.7507
vn -0.6607 -0.0009 -0.7507
vn -0.9918 0.0001 0.1274
vn -0.6284 -0.2050 -0.7504
vn -0.6283 -0.2051 -0.7504
vn -0.5345 -0.3893 -0.7502
vn -0.3883 -0.5354 -0.7500
vn -0.3065 -0.9431 0.1285
vn -0.2042 -0.6292 -0.7499
vn -0.2041 -0.6293 -0.7499
vn -0.3065 -0.9432 0.1285
vn 0.0001 -0.6616 -0.7499
vn 0.3065 -0.9432 0.1285
vn 0.3065 -0.9432 0.1286
vn 0.2041 -0.6293 -0.7499
vn 0.2042 -0.6292 -0.7499
vn 0.3883 -0.5354 -0.7500
vn 0.5345 -0.3893 -0.7502
vn 0.9433 -0.3064 0.1278
vn 0.9918 0.0001 0.1274
vn 0.6607 -0.0009 -0.7507
vn 0.6607 -0.0008 -0.7507
vn 0.9918 0.0002 0.1274
vn 0.6284 0.2032 -0.7509
vn 0.6283 0.2033 -0.7509
vn 0.9433 0.3067 0.1271
vn 0.5345 0.3874 -0.7511
vn 0.3884 0.5336 -0.7513
vn 0.3883 0.5337 -0.7513
vn 0.3065 0.9434 0.1263
vn 0.2041 0.6275 -0.7514
vn 0.3883 0.5336 -0.7513
vn 0.3065 0.9435 0.1263
vn -0.0001 0.6598 -0.7514
vn -0.3065 0.9435 0.1263
vn -0.3065 0.9434 0.1263
vn -0.3883 0.5337 -0.7513
vn -0.3884 0.5336 -0.7513
vn -0.8024 0.5832 0.1268
vn -0.5345 0.3874 -0.7511
vn -0.0158 0.0039 -0.9999
vn -0.0052 0.0145 -0.9999
vn -0.0000 0.0153 -0.9999
vn 0.0001 0.0154 -0.9999
vn 0.0052 0.0145 -0.9999
vn 0.0133 0.0086 -0.9999
vn 0.0134 0.0086 -0.9999
vn 0.0157 -0.0062 -0.9999
vn 0.0134 -0.0108 -0.9999
vn 0.0098 -0.0145 -0.9998
vn -0.0001 -0.0177 -0.9998
vn -0.0052 -0.0169 -0.9998
vn -0.0097 -0.0146 -0.9998
vn -0.0134 -0.0108 -0.9999
vn -0.0157 -0.0062 -0.9999
vn -0.0165 -0.0011 -0.9999
vn -0.2678 0.9635 -0.0011
vn -0.4152 0.9097 -0.0011
vn -0.6760 0.7369 -0.0009
vn -0.6760 0.7369 -0.0008
vn -0.8706 0.4919 -0.0006
vn -0.8706 0.4920 -0.0006
vn -0.9800 0.1988 -0.0002
vn -0.9800 0.1989 -0.0002
vn -0.9935 -0.1138 0.0001
vn -0.9935 -0.1137 0.0001
vn -0.9635 -0.2678 0.0003
vn -0.2677 0.9635 -0.0014
vn 0.9935 0.1137 -0.0001
vn -0.2677 0.9635 -0.0011
vn -0.2677 0.9635 -0.0010
vn 0.4152 -0.9097 0.0011
vn -0.9635 -0.2678 0.0002
vn 0.4133 -0.9106 0.0011
vn 0.6760 -0.7369 0.0009
vn 0.8706 -0.4919 0.0006
vn 0.9800 -0.1988 0.0002
vn 0.8706 -0.4920 0.0006
vn 0.9933 0.1158 -0.0001
vn 0.9800 -0.1989 0.0002
vn 0.4152 -0.9097 0.0010
vn -0.0000 -0.3454 0.9384
vn -0.0001 -0.3455 0.9384
vn -0.0000 -0.3455 0.9384
vn -0.0000 -0.3454 0.9385
vn -0.9985 -0.0544 0.0001
vn 0.9985 -0.0544 0.0001
vn -0.9942 -0.1073 0.0001
vn -0.0000 -0.4636 0.8861
vn 0.9942 -0.1073 0.0001
vn -0.0000 0.0013 1.0000
vn 0.1155 -0.1317 -0.9845
vn -0.1155 -0.1317 -0.9845
vn -0.0000 -1.0000 0.0013
vn -0.0000 -0.4635 0.8861
vn -0.0002 -0.4635 0.8861
vn 0.2092 -0.2107 -0.9549
vn -0.2092 -0.2106 -0.9549
vn -0.9942 -0.1073 -0.0000
vn -0.9942 -0.1073 -0.0002
vn -0.9942 -0.1072 0.0002
vn -0.0001 -1.0000 0.0012
vn 0.9942 -0.1072 0.0002
vn 0.9942 -0.1073 0.0002
vn 0.9942 -0.1073 -0.0002
vn 1.0000 -0.0000 -0.0001
vn -0.4653 -0.1907 -0.8644
vn -0.4652 -0.1906 -0.8644
vn -1.0000 -0.0001 -0.0000
vn 1.0000 -0.0000 0.0001
vn 1.0000 0.0001 -0.0000
vn 0.0001 -0.4636 0.8860
vn 0.2092 -0.2106 -0.9549
vn 0.4652 -0.1906 -0.8644
vn 0.4653 -0.1907 -0.8644
vn -0.1155 -0.1316 -0.9846
vn -0.4653 -0.1906 -0.8644
vn -0.5111 0.8595 -0.0010
vn -0.4654 -0.1906 -0.8644
vn -0.5510 -0.7294 -0.4056
vn -0.4654 -0.1906 -0.8643
vn -0.5509 -0.7293 -0.4056
vn -0.5509 -0.7294 -0.4056
vn -0.0000 -0.8739 -0.4860
vn -0.0000 -0.8740 -0.4860
vn 0.4654 -0.1906 -0.8643
vn 0.5510 -0.7294 -0.4056
vn -0.0000 -0.8740 -0.4859
vn 0.5509 -0.7294 -0.4055
vn 0.4654 -0.1906 -0.8644
vn 0.4653 -0.1906 -0.8644
vn 0.5111 0.8595 -0.0010
vn 0.1155 -0.1316 -0.9846
vn 0.5111 0.8595 -0.0011
vn -0.0000 -0.4636 0.8860
vn 0.0001 -0.4636 0.8861
vn -0.0001 -0.8740 -0.4860
vn 0.5509 -0.7294 -0.4056
vn -0.3446 0.2554 0.9033
vn -0.3501 0.2581 0.9004
vn -0.2903 0.2281 0.9294
vn -0.2902 0.2281 0.9294
vn -0.2866 0.2263 0.9309
vn 0.3667 -0.0344 0.9297
vn 0.4357 -0.0568 0.8983
vn -0.2902 0.2282 0.9294
vn -0.3501 0.2582 0.9004
vn 0.8708 -0.3078 0.3834
vn 0.8757 -0.3097 0.3704
vn 0.4358 -0.0568 0.8983
vn 0.4358 -0.0569 0.8983
vn 0.8381 -0.4002 -0.3708
vn 0.8333 -0.3980 -0.3837
vn 0.8758 -0.3096 0.3704
vn 0.8381 -0.4002 -0.3707
vn 0.3429 -0.2651 -0.9012
vn 0.2803 -0.2331 -0.9312
vn -0.3621 0.0424 -0.9312
vn -0.4238 0.0628 -0.9036
vn 0.2803 -0.2332 -0.9312
vn 0.3429 -0.2650 -0.9012
vn -0.8677 0.3166 -0.3833
vn -0.8717 0.3181 -0.3728
vn -0.8717 0.3181 -0.3727
vn -0.8676 0.3166 -0.3834
vn -0.3446 0.2555 0.9033
vn -0.8677 0.3165 -0.3833
vn 0.1043 0.4019 0.9097
vn 0.1043 0.3983 0.9113
vn 0.1118 -0.5615 0.8199
vn 0.1042 0.4019 0.9097
vn 0.0407 -0.9570 0.2871
vn 0.8333 -0.3980 -0.3836
vn -0.0423 -0.9503 -0.3086
vn -0.1138 -0.3901 -0.9137
vn -0.0422 -0.9503 -0.3086
vn 0.8333 -0.3981 -0.3837
vn -0.1028 0.5477 -0.8304
vn 0.2802 -0.2331 -0.9312
vn -0.1028 0.5476 -0.8304
vn -0.0330 0.9564 -0.2901
vn -0.4237 0.0629 -0.9036
vn -0.0330 0.9564 -0.2902
vn -0.8717 0.3182 -0.3727
vn -0.2867 0.2263 0.9309
vn 0.4008 -0.1032 0.9103
vn 0.3972 -0.1032 0.9119
vn 0.1119 -0.5615 0.8199
vn -0.5624 -0.1109 0.8194
vn 0.4008 -0.1031 0.9103
vn 0.0407 -0.9570 0.2872
vn -0.9573 -0.0404 0.2862
vn -0.0423 -0.9503 -0.3085
vn -0.9499 0.0419 -0.3096
vn -0.9573 -0.0403 0.2862
vn -0.9573 -0.0403 0.2861
vn 0.0406 -0.9570 0.2871
vn -0.3890 0.1127 -0.9143
vn 0.5486 0.1018 -0.8298
vn -0.1137 -0.3901 -0.9137
vn 0.9567 0.0327 -0.2891
vn -0.1028 0.5477 -0.8303
vn 0.9568 0.0327 -0.2891
vn -0.0331 0.9564 -0.2903
vn -0.0330 0.9564 -0.2903
vn -0.1043 -0.3997 0.9107
vn -0.1043 -0.3961 0.9123
vn -0.1118 0.5634 0.8186
vn -0.1042 -0.3997 0.9107
vn 0.4008 -0.1032 0.9104
vn -0.9574 -0.0403 0.2861
vn -0.0407 0.9577 0.2850
vn -0.1119 0.5634 0.8186
vn 0.0423 0.9496 -0.3107
vn -0.9499 0.0419 -0.3097
vn 0.1138 0.3879 -0.9146
vn 0.0422 0.9496 -0.3107
vn 0.1028 -0.5496 -0.8291
vn 0.1137 0.3879 -0.9146
vn -0.3891 0.1127 -0.9143
vn 0.5486 0.1019 -0.8299
vn 0.0330 -0.9571 -0.2880
vn 0.5486 0.1018 -0.8299
vn 0.5487 0.1018 -0.8298
vn 0.9568 0.0327 -0.2890
vn 0.0330 -0.9571 -0.2879
vn -0.1043 -0.3962 0.9122
vn 0.9568 0.0326 -0.2890
vn -0.4008 0.1053 0.9101
vn -0.3972 0.1053 0.9117
vn 0.5624 0.1128 0.8191
vn -0.4008 0.1054 0.9101
vn -0.0407 0.9577 0.2849
vn 0.9573 0.0410 0.2860
vn -0.1119 0.5633 0.8186
vn 0.9499 -0.0426 -0.3095
vn 0.9574 0.0410 0.2860
vn -0.0406 0.9577 0.2850
vn 0.0423 0.9496 -0.3106
vn 0.3890 -0.1148 -0.9140
vn -0.5486 -0.1038 -0.8296
vn 0.1138 0.3880 -0.9146
vn -0.9568 -0.0333 -0.2889
vn 0.1028 -0.5496 -0.8290
vn -0.9568 -0.0333 -0.2890
vn -0.3972 0.1053 0.9116
vn -0.9567 -0.0333 -0.2890
vn 0.0330 -0.9571 -0.2878
vn -0.3972 0.1054 0.9116
vn 0.1043 0.4016 0.9099
vn 0.1043 0.3980 0.9114
vn -0.3972 0.1054 0.9117
vn 0.1118 -0.5612 0.8201
vn 0.1042 0.4016 0.9099
vn 0.1119 -0.5612 0.8201
vn 0.9500 -0.0426 -0.3095
vn 0.3890 -0.1148 -0.9141
vn -0.1138 -0.3898 -0.9138
vn -0.0422 -0.9503 -0.3085
vn -0.1028 0.5474 -0.8305
vn 0.3891 -0.1148 -0.9140
vn -0.5487 -0.1037 -0.8296
vn -0.0330 0.9564 -0.2900
vn 0.1042 0.3980 0.9114
vn 0.4005 -0.1032 0.9105
vn 0.3969 -0.1032 0.9120
vn 0.1042 0.3980 0.9115
vn -0.5622 -0.1109 0.8195
vn -0.9574 -0.0404 0.2861
vn -0.0423 -0.9503 -0.3084
vn -0.1137 -0.3898 -0.9139
vn -0.3887 0.1127 -0.9144
vn -0.1138 -0.3898 -0.9139
vn 0.5484 0.1018 -0.8300
vn -0.1028 0.5475 -0.8305
vn 0.3969 -0.1033 0.9120
vn 0.1043 0.3981 0.9114
vn -0.1043 -0.3994 0.9108
vn -0.1043 -0.3958 0.9124
vn 0.3970 -0.1032 0.9120
vn -0.1119 0.5632 0.8187
vn -0.1042 -0.3994 0.9108
vn -0.5622 -0.1109 0.8196
vn -0.9574 -0.0403 0.2860
vn 0.0422 0.9496 -0.3108
vn -0.3887 0.1127 -0.9145
vn 0.5484 0.1019 -0.8300
vn 0.5483 0.1018 -0.8300
vn -0.3658 -0.0436 0.9297
vn -0.3619 -0.0423 0.9313
vn -0.1042 -0.3958 0.9124
vn -0.1119 0.5631 0.8187
vn 0.3491 0.2683 0.8979
vn 0.8385 0.4004 0.3695
vn 0.3491 0.2682 0.8979
vn -0.1119 0.5631 0.8188
vn 0.0423 0.9495 -0.3108
vn 0.8704 0.3076 -0.3845
vn 0.3622 0.0330 -0.9315
vn 0.8703 0.3076 -0.3845
vn 0.8703 0.3077 -0.3845
vn -0.3448 -0.2555 -0.9032
vn 0.3623 0.0330 -0.9315
vn 0.1137 0.3880 -0.9146
vn -0.8417 -0.3915 -0.3719
vn -0.8416 -0.3915 -0.3720
vn -0.3449 -0.2556 -0.9032
vn 0.1028 -0.5495 -0.8291
vn 0.0330 -0.9570 -0.2881
vn -0.1043 -0.3959 0.9124
vn -0.3619 -0.0423 0.9312
vn -0.8416 -0.3916 -0.3719
vn -0.0000 0.2655 0.9641
vn -0.0000 0.5396 0.8419
vn -0.3809 0.3818 0.8421
vn -0.3809 0.3819 0.8421
vn -0.1869 0.1881 0.9642
vn 0.1869 0.1881 0.9642
vn 0.3809 0.3819 0.8421
vn 0.2643 0.0011 0.9644
vn 0.5386 0.0010 0.8426
vn 0.1869 -0.1858 0.9646
vn 0.3809 -0.3799 0.8430
vn 0.5386 0.0010 0.8425
vn -0.0000 -0.2632 0.9647
vn -0.0000 -0.5376 0.8432
vn -0.1869 -0.1858 0.9646
vn -0.3809 -0.3799 0.8430
vn -0.0000 -0.5377 0.8432
vn -0.2643 0.0011 0.9644
vn -0.5386 0.0010 0.8426
vn -0.2644 0.0011 0.9644
vn -0.5386 0.0010 0.8425
vn -0.1869 0.1880 0.9642
vn -0.2591 0.6264 0.7352
vn 0.3809 0.3818 0.8421
vn 0.2591 0.6264 0.7352
vn -0.2591 0.6264 0.7351
vn 0.6256 0.2600 0.7356
vn 0.2591 0.6264 0.7351
vn 0.6256 -0.2583 0.7362
vn 0.6255 0.2600 0.7356
vn 0.2591 -0.6247 0.7366
vn 0.6256 -0.2582 0.7362
vn -0.2591 -0.6247 0.7366
vn -0.5387 0.0010 0.8425
vn -0.6256 -0.2583 0.7362
vn -0.6255 -0.2582 0.7362
vn -0.3641 0.8794 0.3068
vn -0.2592 0.6264 0.7351
vn 0.3641 0.8794 0.3068
vn -0.3641 0.8794 0.3069
vn 0.8790 0.3645 0.3074
vn 0.3641 0.8794 0.3069
vn 0.8790 -0.3637 0.3083
vn 0.3641 -0.8787 0.3089
vn 0.8790 -0.3637 0.3082
vn -0.3641 -0.8786 0.3089
vn 0.3641 -0.8786 0.3089
vn 0.3641 -0.8787 0.3088
vn -0.6256 -0.2582 0.7362
vn -0.8790 -0.3637 0.3083
vn -0.3641 -0.8787 0.3089
vn -0.3641 -0.8787 0.3088
vn -0.8790 -0.3638 0.3082
vn -0.6255 -0.2583 0.7362
vn -0.2591 0.6265 0.7351
vn 0.2644 0.0011 0.9644
vn 0.8790 0.3644 0.3074
vn 0.8790 -0.3638 0.3083
vn -0.8790 -0.3638 0.3083
vn -0.3827 0.0026 0.9239
vn -0.3828 0.0027 0.9238
vn -0.3827 0.0011 0.9239
vn -0.3892 0.0046 0.9212
vn -0.3827 0.0027 0.9239
vn -0.3891 0.0046 0.9212
vn -0.3117 0.2574 0.9147
vn -0.2966 0.2498 0.9217
vn -0.2991 0.2510 0.9206
vn -0.3137 0.2583 0.9137
vn -0.0731 0.3796 0.9223
vn -0.0733 0.3834 0.9207
vn -0.0733 0.3837 0.9205
vn -0.0731 0.3799 0.9221
vn 0.3828 -0.0007 0.9239
vn 0.3827 0.0011 0.9239
vn 0.3891 -0.0027 0.9212
vn 0.3827 -0.0007 0.9239
vn 0.3828 -0.0006 0.9238
vn -0.3892 0.0046 0.9211
vn -0.3136 0.2583 0.9137
vn 0.3018 -0.2459 0.9211
vn 0.3018 -0.2458 0.9211
vn 0.3151 -0.2527 0.9148
vn 0.0737 -0.3773 0.9231
vn 0.0739 -0.3811 0.9216
vn -0.0734 0.3834 0.9207
vn -0.0732 0.3796 0.9223
vn 0.3828 -0.0006 0.9239
vn 0.9239 -0.0040 0.3826
vn 0.9239 0.0005 0.3827
vn 0.9265 -0.0088 0.3763
vn 0.3151 -0.2526 0.9148
vn 0.7221 -0.5807 0.3760
vn 0.7279 -0.5819 0.3626
vn 0.0737 -0.3774 0.9231
vn 0.1773 -0.9075 0.3809
vn 0.1771 -0.9090 0.3773
vn 0.1771 -0.9091 0.3770
vn 0.9239 -0.0050 -0.3826
vn 0.9239 -0.0004 -0.3827
vn 0.9265 -0.0094 -0.3763
vn 0.9265 -0.0087 0.3763
vn 0.7213 -0.5814 -0.3765
vn 0.7272 -0.5826 -0.3629
vn 0.7280 -0.5819 0.3626
vn 0.1768 -0.9085 -0.3788
vn 0.1775 -0.9098 -0.3752
vn 0.1776 -0.9099 -0.3749
vn 0.1772 -0.9075 0.3809
vn 0.9239 -0.0048 -0.3826
vn 0.3827 -0.0027 -0.9239
vn 0.3827 -0.0011 -0.9239
vn 0.9239 -0.0051 -0.3826
vn 0.9265 -0.0094 -0.3762
vn 0.3891 -0.0049 -0.9212
vn 0.3890 -0.0048 -0.9212
vn 0.3827 -0.0028 -0.9239
vn 0.2998 -0.2470 -0.9215
vn 0.3135 -0.2540 -0.9150
vn 0.0737 -0.3800 -0.9221
vn 0.0737 -0.3798 -0.9221
vn 0.0739 -0.3836 -0.9205
vn 0.1776 -0.9098 -0.3751
vn -0.3827 0.0005 -0.9239
vn -0.3827 -0.0011 -0.9239
vn 0.3827 -0.0010 -0.9239
vn 0.3890 -0.0049 -0.9212
vn -0.3892 0.0025 -0.9212
vn -0.3891 0.0025 -0.9212
vn -0.3117 0.2552 -0.9153
vn 0.2998 -0.2469 -0.9215
vn -0.2966 0.2476 -0.9223
vn 0.0740 -0.3836 -0.9205
vn -0.0731 0.3774 -0.9232
vn -0.0731 0.3777 -0.9230
vn -0.0733 0.3816 -0.9214
vn -0.9239 0.0034 -0.3826
vn -0.9239 -0.0005 -0.3827
vn -0.3827 0.0006 -0.9239
vn -0.9265 0.0072 -0.3762
vn -0.9239 0.0035 -0.3826
vn -0.3890 0.0025 -0.9212
vn -0.2966 0.2477 -0.9223
vn -0.7062 0.5979 -0.3792
vn -0.7139 0.5990 -0.3627
vn -0.1735 0.9081 -0.3810
vn -0.1744 0.9096 -0.3772
vn -0.1744 0.9095 -0.3773
vn -0.0734 0.3816 -0.9214
vn -0.0732 0.3777 -0.9230
vn -0.3827 0.0010 0.9239
vn -0.3890 0.0047 0.9212
vn -0.2966 0.2498 0.9218
vn -0.3117 0.2573 0.9147
vn -0.1736 0.9081 -0.3810
vn -0.0734 0.3838 0.9205
vn 0.7272 -0.5827 -0.3629
vn 0.3135 -0.2541 -0.9150
vn 0.7279 -0.5820 0.3626
vn -0.3153 0.2589 0.9130
vn -0.9265 0.0071 -0.3762
vn -0.3117 0.2574 0.9146
vn -0.3117 0.2553 -0.9152
vn -0.3891 0.0024 -0.9212
vn 0.1776 -0.9098 -0.3752
vn 0.7213 -0.5813 -0.3765
vn 0.7222 -0.5806 0.3760
vn 0.7221 -0.5806 0.3760
vn 0.3019 -0.2458 0.9211
vn -0.0734 0.3837 0.9205
vn -0.1744 0.9095 -0.3772
vn -0.2967 0.2498 0.9217
vn -0.7062 0.5979 -0.3793
vn -0.2967 0.2476 -0.9223
vn -0.0002 1.0000 -0.0012
vn 0.0002 1.0000 -0.0012
vn -0.0000 1.0000 -0.0013
vn -0.0001 1.0000 -0.0014
vn 0.0001 1.0000 -0.0014
vn -0.0000 1.0000 -0.0015
vn -0.3827 0.0034 0.9239
vn -0.3828 0.0033 0.9238
vn -0.3826 0.0011 0.9239
vn -0.3890 0.0061 0.9212
vn -0.3828 0.0034 0.9238
vn -0.3888 0.0061 0.9213
vn -0.3514 0.1570 0.9230
vn -0.3536 0.1584 0.9219
vn -0.3538 0.1586 0.9218
vn -0.3516 0.1571 0.9229
vn -0.2777 0.2691 0.9222
vn -0.2774 0.2687 0.9224
vn -0.2798 0.2717 0.9208
vn -0.2799 0.2720 0.9207
vn -0.2776 0.2690 0.9223
vn -0.1165 0.3778 0.9185
vn -0.0613 0.3793 0.9232
vn -0.0646 0.3809 0.9223
vn -0.1168 0.3785 0.9182
vn -0.1165 0.3779 0.9185
vn -0.0088 0.4571 0.8894
vn -0.0087 0.4598 0.8880
vn -0.0646 0.3810 0.9223
vn -0.0647 0.3809 0.9223
vn -0.0088 0.4570 0.8894
vn 0.3827 -0.0014 0.9239
vn 0.3826 0.0011 0.9239
vn -0.3889 0.0061 0.9213
vn 0.3887 -0.0042 0.9214
vn 0.3827 -0.0013 0.9239
vn -0.3889 0.0060 0.9212
vn -0.3513 0.1569 0.9230
vn 0.3516 -0.1544 0.9233
vn 0.3538 -0.1558 0.9223
vn 0.3538 -0.1558 0.9222
vn 0.2778 -0.2662 0.9230
vn 0.2801 -0.2691 0.9215
vn 0.2802 -0.2692 0.9214
vn -0.0647 0.3810 0.9223
vn 0.0627 -0.3789 0.9233
vn 0.1180 -0.3759 0.9191
vn -0.0086 0.4597 0.8880
vn 0.0026 -0.4531 0.8915
vn 0.9239 -0.0059 0.3825
vn 0.9239 0.0005 0.3826
vn 0.3888 -0.0042 0.9213
vn 0.9264 -0.0125 0.3764
vn 0.9239 -0.0058 0.3825
vn 0.3514 -0.1543 0.9234
vn 0.8459 -0.3730 0.3813
vn 0.8467 -0.3738 0.3786
vn 0.8467 -0.3738 0.3787
vn 0.3537 -0.1558 0.9223
vn 0.2778 -0.2663 0.9230
vn 0.6670 -0.6405 0.3806
vn 0.6678 -0.6419 0.3769
vn 0.6677 -0.6419 0.3770
vn 0.2802 -0.2691 0.9215
vn 0.1449 -0.9128 0.3817
vn 0.2775 -0.8856 0.3724
vn 0.2775 -0.8855 0.3725
vn 0.0027 -0.4531 0.8914
vn 0.0009 -0.9469 0.3214
vn 0.9239 -0.0069 -0.3826
vn 0.9263 -0.0125 0.3765
vn 0.9263 -0.0131 -0.3766
vn 0.8459 -0.3730 0.3812
vn 0.8456 -0.3743 -0.3806
vn 0.8468 -0.3744 -0.3778
vn 0.8467 -0.3744 -0.3781
vn 0.8467 -0.3739 0.3786
vn 0.6666 -0.6417 -0.3792
vn 0.6680 -0.6424 -0.3755
vn 0.6682 -0.6425 -0.3752
vn 0.6677 -0.6419 0.3769
vn 0.6670 -0.6406 0.3806
vn 0.1449 -0.9128 0.3818
vn 0.1401 -0.9139 -0.3810
vn 0.2786 -0.8861 -0.3704
vn 0.2786 -0.8861 -0.3705
vn 0.2776 -0.8856 0.3724
vn 0.0010 -0.9469 0.3214
vn 0.0011 -0.9469 -0.3216
vn 0.3826 -0.0035 -0.9239
vn 0.3826 -0.0011 -0.9239
vn 0.9263 -0.0131 -0.3765
vn 0.3888 -0.0064 -0.9213
vn 0.3886 -0.0064 -0.9214
vn 0.3826 -0.0036 -0.9239
vn 0.8457 -0.3743 -0.3805
vn 0.3513 -0.1569 -0.9230
vn 0.3540 -0.1576 -0.9219
vn 0.6666 -0.6418 -0.3792
vn 0.2781 -0.2687 -0.9222
vn 0.2780 -0.2686 -0.9222
vn 0.2805 -0.2717 -0.9206
vn 0.6681 -0.6424 -0.3755
vn 0.0588 -0.3799 -0.9232
vn 0.1177 -0.3773 -0.9186
vn 0.1402 -0.9139 -0.3810
vn 0.0012 -0.9469 -0.3216
vn 0.0028 -0.4529 -0.8916
vn -0.3827 0.0013 -0.9239
vn -0.3826 -0.0011 -0.9239
vn -0.3884 0.0039 -0.9215
vn -0.3888 0.0039 -0.9213
vn -0.3827 0.0012 -0.9239
vn 0.3539 -0.1576 -0.9219
vn 0.3512 -0.1569 -0.9230
vn -0.3516 0.1550 -0.9232
vn -0.3515 0.1549 -0.9233
vn -0.3539 0.1564 -0.9221
vn 0.3539 -0.1575 -0.9219
vn 0.2804 -0.2715 -0.9207
vn 0.2780 -0.2686 -0.9223
vn -0.2773 0.2665 -0.9231
vn -0.2776 0.2668 -0.9229
vn -0.2800 0.2699 -0.9213
vn 0.2803 -0.2715 -0.9207
vn -0.1165 0.3757 -0.9194
vn 0.0587 -0.3799 -0.9232
vn -0.0613 0.3772 -0.9241
vn 0.0029 -0.4529 -0.8916
vn -0.0088 0.4549 -0.8905
vn -0.9239 0.0051 -0.3826
vn -0.9264 0.0104 -0.3764
vn -0.8444 0.3759 -0.3817
vn -0.8456 0.3760 -0.3789
vn -0.8456 0.3760 -0.3790
vn -0.3538 0.1564 -0.9221
vn -0.3516 0.1549 -0.9233
vn -0.6643 0.6432 -0.3807
vn -0.6658 0.6439 -0.3768
vn -0.6658 0.6439 -0.3769
vn -0.2799 0.2699 -0.9213
vn -0.2776 0.2667 -0.9229
vn -0.1531 0.9108 -0.3834
vn -0.2712 0.8877 -0.3722
vn -0.2712 0.8876 -0.3722
vn -0.1164 0.3757 -0.9194
vn -0.0614 0.3772 -0.9241
vn -0.0088 0.4550 -0.8905
vn -0.0327 0.9484 -0.3155
vn -0.0614 0.3771 -0.9241
vn -0.9239 0.0050 -0.3826
vn -0.3826 0.0012 0.9239
vn -0.9239 -0.0004 -0.3827
vn -0.9264 0.0103 -0.3764
vn -0.3887 0.0061 0.9213
vn -0.3827 0.0033 0.9239
vn -0.9264 0.0104 -0.3765
vn -0.8444 0.3760 -0.3817
vn -0.3539 0.1585 0.9218
vn -0.6643 0.6432 -0.3808
vn -0.2800 0.2720 0.9207
vn -0.6658 0.6440 -0.3768
vn -0.0612 0.3794 0.9232
vn -0.0326 0.9484 -0.3155
vn 0.8468 -0.3743 -0.3778
vn -0.3889 0.0061 0.9212
vn -0.3888 0.0060 0.9213
vn -0.8456 0.3759 -0.3789
vn -0.3538 0.1565 -0.9221
vn 0.3539 -0.1577 -0.9219
vn 0.2803 -0.2716 -0.9207
vn 0.2804 -0.2716 -0.9207
vn 0.6677 -0.6420 0.3769
vn 0.3515 -0.1543 0.9234
vn -0.3516 0.1570 0.9229
vn -0.2800 0.2698 -0.9213
vn -0.6659 0.6439 -0.3768
vn 0.3512 -0.1568 -0.9231
vn 0.2802 -0.2718 -0.9207
vn -0.2798 0.2697 -0.9214
vn 0.1180 -0.3758 0.9192
vn -0.1168 0.3786 0.9182
vn 0.1180 -0.3758 0.9191
vn -0.1167 0.3784 0.9182
vn -0.2774 0.2688 0.9224
vn -0.2776 0.2689 0.9223
vn 0.3828 0.0011 0.9238
vn -0.0000 1.0000 -0.0010
vn -0.3887 0.0061 0.9214
vn -0.3535 0.1583 0.9219
vn -0.3539 0.1586 0.9218
vn -0.2798 0.2718 0.9208
vn -0.2797 0.2717 0.9208
vn -0.0613 0.3794 0.9232
vn -0.1164 0.3778 0.9185
vn -0.0086 0.4598 0.8880
vn -0.3514 0.1569 0.9230
vn 0.3537 -0.1557 0.9223
vn -0.3513 0.1570 0.9230
vn 0.2779 -0.2662 0.9230
vn 0.2800 -0.2690 0.9215
vn -0.2775 0.2687 0.9224
vn 0.0627 -0.3790 0.9233
vn 0.0026 -0.4532 0.8914
vn 0.9239 -0.0059 0.3826
vn 0.9239 -0.0058 0.3826
vn 0.8466 -0.3737 0.3790
vn 0.6678 -0.6420 0.3766
vn 0.2775 -0.8856 0.3725
vn 0.0026 -0.4531 0.8914
vn 0.8457 -0.3743 -0.3804
vn 0.8468 -0.3744 -0.3779
vn 0.8458 -0.3731 0.3813
vn 0.6670 -0.6405 0.3807
vn 0.6680 -0.6425 -0.3755
vn 0.6680 -0.6424 -0.3756
vn 0.1401 -0.9139 -0.3809
vn 0.2776 -0.8856 0.3725
vn 0.0011 -0.9469 -0.3215
vn 0.9239 -0.0004 -0.3826
vn 0.3883 -0.0064 -0.9215
vn 0.3542 -0.1577 -0.9218
vn 0.6666 -0.6418 -0.3791
vn 0.2783 -0.2689 -0.9221
vn 0.6680 -0.6425 -0.3754
vn 0.1402 -0.9139 -0.3809
vn 0.1177 -0.3774 -0.9185
vn 0.1177 -0.3774 -0.9186
vn 0.0028 -0.4529 -0.8915
vn -0.3889 0.0039 -0.9213
vn -0.3516 0.1549 -0.9232
vn 0.3540 -0.1575 -0.9219
vn 0.2781 -0.2686 -0.9222
vn -0.2777 0.2669 -0.9228
vn -0.1164 0.3756 -0.9194
vn 0.1178 -0.3773 -0.9186
vn 0.0588 -0.3799 -0.9231
vn 0.0029 -0.4529 -0.8915
vn -0.8444 0.3759 -0.3816
vn -0.3539 0.1565 -0.9221
vn -0.6659 0.6440 -0.3767
vn -0.1531 0.9108 -0.3833
vn -0.2712 0.8877 -0.3721
vn -0.1164 0.3758 -0.9194
vn -0.0089 0.4550 -0.8905
vn -0.3826 0.0010 0.9239
vn -0.9239 -0.0005 -0.3826
vn -0.3827 0.0033 0.9238
vn -0.8444 0.3760 -0.3816
vn -0.3539 0.1586 0.9217
vn -0.0614 0.3793 0.9232
vn -0.1531 0.9109 -0.3833
vn -0.0614 0.3794 0.9232
vn 0.9263 -0.0125 0.3766
vn 0.3888 -0.0043 0.9213
vn 0.3538 -0.1559 0.9222
vn -0.3537 0.1584 0.9219
vn -0.3536 0.1585 0.9219
vn -0.3890 0.0060 0.9212
vn -0.8456 0.3760 -0.3788
vn 0.6681 -0.6424 -0.3754
vn 0.2802 -0.2691 0.9214
vn -0.6658 0.6440 -0.3767
vn -0.2800 0.2720 0.9206
vn -0.6659 0.6439 -0.3767
vn 0.2785 -0.8861 -0.3704
vn 0.6667 -0.6417 -0.3792
vn 0.1181 -0.3758 0.9191
vn -0.1167 0.3784 0.9183
vn 0.2780 -0.2687 -0.9222
vn -0.3890 0.0046 0.9212
vn -0.3136 0.2583 0.9138
vn -0.0731 0.3797 0.9222
vn -0.0732 0.3798 0.9222
vn -0.0733 0.3836 0.9206
vn -0.3891 0.0047 0.9212
vn 0.3890 -0.0027 0.9212
vn 0.3827 -0.0006 0.9239
vn 0.3149 -0.2526 0.9149
vn 0.0737 -0.3772 0.9232
vn 0.0739 -0.3809 0.9216
vn -0.0732 0.3795 0.9223
vn 0.9265 -0.0088 0.3762
vn 0.9239 -0.0041 0.3826
vn 0.3891 -0.0026 0.9212
vn 0.7222 -0.5807 0.3759
vn 0.7221 -0.5807 0.3759
vn 0.7280 -0.5819 0.3625
vn 0.1773 -0.9075 0.3808
vn 0.1771 -0.9090 0.3772
vn 0.0737 -0.3773 0.9232
vn 0.9239 -0.0050 -0.3827
vn 0.9264 -0.0094 -0.3764
vn 0.9265 -0.0087 0.3762
vn 0.1768 -0.9084 -0.3789
vn 0.1775 -0.9097 -0.3754
vn 0.1772 -0.9090 0.3772
vn 0.1772 -0.9075 0.3808
vn 0.9239 -0.0048 -0.3827
vn 0.9239 -0.0051 -0.3827
vn 0.3887 -0.0048 -0.9213
vn 0.3827 -0.0029 -0.9239
vn 0.7213 -0.5814 -0.3766
vn 0.1767 -0.9084 -0.3788
vn 0.0737 -0.3800 -0.9220
vn 0.0739 -0.3834 -0.9206
vn 0.3826 -0.0028 -0.9239
vn -0.2966 0.2476 -0.9224
vn 0.0739 -0.3836 -0.9206
vn -0.0731 0.3778 -0.9230
vn -0.0734 0.3817 -0.9214
vn -0.9239 0.0034 -0.3827
vn -0.3826 0.0006 -0.9239
vn -0.9239 0.0035 -0.3827
vn -0.3826 0.0005 -0.9239
vn -0.1735 0.9081 -0.3811
vn -0.0734 0.3815 -0.9214
vn -0.9238 -0.0004 -0.3828
vn -0.3827 0.0028 0.9239
vn -0.9265 0.0072 -0.3763
vn -0.7062 0.5978 -0.3793
vn -0.2966 0.2497 0.9218
vn -0.7139 0.5989 -0.3627
vn -0.1736 0.9081 -0.3811
vn 0.9264 -0.0095 -0.3763
vn 0.9264 -0.0094 -0.3763
vn -0.3154 0.2589 0.9130
vn -0.7139 0.5989 -0.3628
vn -0.3890 0.0024 -0.9212
vn 0.7222 -0.5806 0.3759
vn 0.0740 -0.3811 0.9216
vn -0.2990 0.2510 0.9206
vn -0.1743 0.9095 -0.3773
vn 0.2997 -0.2469 -0.9215
vn 0.2997 -0.2470 -0.9215
vt 0.870216 0.827333
vt 0.829224 0.827333
vt 0.829224 0.843871
vt 0.870216 0.843871
vt 0.788701 0.827333
vt 0.788701 0.843871
vt 0.748548 0.827333
vt 0.748548 0.843871
vt 0.707349 0.827333
vt 0.707349 0.843871
vt 0.666916 0.827333
vt 0.666916 0.843871
vt 0.626168 0.827333
vt 0.626168 0.843871
vt 0.585564 0.827333
vt 0.585564 0.843871
vt 0.992195 0.827333
vt 0.951505 0.827333
vt 0.951505 0.843871
vt 0.992195 0.843871
vt 0.910359 0.827333
vt 0.910359 0.843871
vt 0.970072 0.808853
vt 0.945781 0.816627
vt 0.945972 0.775522
vt 0.985026 0.788291
vt 0.985026 0.762857
vt 0.970114 0.742302
vt 0.945953 0.734466
vt 0.921782 0.742255
vt 0.906888 0.762796
vt 0.906869 0.788189
vt 0.921709 0.808723
vt 0.857947 0.773978
vt 0.869374 0.738357
vt 0.888132 0.751881
vt 0.895355 0.773838
vt 0.888294 0.795855
vt 0.869638 0.809509
vt 0.846520 0.809602
vt 0.827763 0.796076
vt 0.820540 0.774117
vt 0.827605 0.752103
vt 0.846256 0.738445
vt 0.870216 0.964493
vt 0.870216 0.992322
vt 0.829224 0.992322
vt 0.829224 0.964493
vt 0.910791 0.964493
vt 0.910806 0.992319
vt 0.951364 0.964493
vt 0.951355 0.992322
vt 0.991919 0.964493
vt 0.991926 0.992331
vt 0.626168 0.964493
vt 0.626168 0.992331
vt 0.585564 0.992324
vt 0.585564 0.964493
vt 0.666916 0.964493
vt 0.666916 0.992330
vt 0.707349 0.964493
vt 0.707349 0.992318
vt 0.748548 0.964493
vt 0.748548 0.992318
vt 0.788701 0.964493
vt 0.788701 0.992325
vt 0.870216 0.954032
vt 0.829224 0.954032
vt 0.829224 0.964494
vt 0.870216 0.964494
vt 0.910359 0.964493
vt 0.910359 0.954032
vt 0.951505 0.964494
vt 0.951504 0.954032
vt 0.992195 0.964494
vt 0.992195 0.954032
vt 0.626168 0.964493
vt 0.626168 0.954032
vt 0.585564 0.954032
vt 0.585564 0.964494
vt 0.666916 0.964494
vt 0.666916 0.954032
vt 0.707348 0.964493
vt 0.707348 0.954032
vt 0.748547 0.964493
vt 0.748547 0.954032
vt 0.788701 0.964493
vt 0.788701 0.954032
vt 0.867269 0.804398
vt 0.866277 0.801358
vt 0.880489 0.791036
vt 0.883074 0.792913
vt 0.847722 0.804405
vt 0.848711 0.801364
vt 0.831917 0.792923
vt 0.834499 0.791041
vt 0.825870 0.774341
vt 0.829066 0.774341
vt 0.831908 0.755751
vt 0.834494 0.757630
vt 0.847711 0.744263
vt 0.848703 0.747302
vt 0.867252 0.744263
vt 0.866265 0.747304
vt 0.883067 0.755744
vt 0.880482 0.757625
vt 0.889105 0.774327
vt 0.885908 0.774327
vt 0.870216 0.827333
vt 0.829224 0.827333
vt 0.829224 0.843871
vt 0.870216 0.843871
vt 0.788701 0.827333
vt 0.788701 0.843871
vt 0.748548 0.827333
vt 0.748548 0.843871
vt 0.707349 0.827333
vt 0.707349 0.843871
vt 0.666916 0.827333
vt 0.666916 0.843871
vt 0.626168 0.827333
vt 0.626168 0.843871
vt 0.585564 0.827333
vt 0.585564 0.843871
vt 0.992195 0.827333
vt 0.951505 0.827333
vt 0.951505 0.843871
vt 0.992195 0.843871
vt 0.910359 0.827333
vt 0.910359 0.843871
vt 0.970072 0.808853
vt 0.945781 0.816627
vt 0.945972 0.775522
vt 0.985026 0.788291
vt 0.985026 0.762857
vt 0.970114 0.742302
vt 0.945953 0.734466
vt 0.921782 0.742255
vt 0.906888 0.762796
vt 0.906869 0.788189
vt 0.921709 0.808723
vt 0.857947 0.773978
vt 0.869374 0.738357
vt 0.888132 0.751881
vt 0.895355 0.773838
vt 0.888294 0.795855
vt 0.869638 0.809509
vt 0.846520 0.809602
vt 0.827763 0.796076
vt 0.820540 0.774117
vt 0.827605 0.752103
vt 0.846256 0.738445
vt 0.870216 0.964493
vt 0.870216 0.992322
vt 0.829224 0.992322
vt 0.829224 0.964493
vt 0.910791 0.964493
vt 0.910806 0.992319
vt 0.951364 0.964493
vt 0.951355 0.992322
vt 0.991919 0.964493
vt 0.991926 0.992331
vt 0.626168 0.964493
vt 0.626168 0.992331
vt 0.585564 0.992324
vt 0.585564 0.964493
vt 0.666916 0.964493
vt 0.666916 0.992330
vt 0.707349 0.964493
vt 0.707349 0.992318
vt 0.748548 0.964493
vt 0.748548 0.992318
vt 0.788701 0.964493
vt 0.788701 0.992325
vt 0.870216 0.954032
vt 0.829224 0.954032
vt 0.829224 0.964494
vt 0.870216 0.964494
vt 0.910359 0.964493
vt 0.910359 0.954032
vt 0.951505 0.964494
vt 0.951504 0.954032
vt 0.992195 0.964494
vt 0.992195 0.954032
vt 0.626168 0.964493
vt 0.626168 0.954032
vt 0.585564 0.954032
vt 0.585564 0.964494
vt 0.666916 0.964494
vt 0.666916 0.954032
vt 0.707348 0.964493
vt 0.707348 0.954032
vt 0.748547 0.964493
vt 0.748547 0.954032
vt 0.788701 0.964493
vt 0.788701 0.954032
vt 0.867269 0.804398
vt 0.866277 0.801358
vt 0.880489 0.791036
vt 0.883074 0.792913
vt 0.847722 0.804405
vt 0.848711 0.801364
vt 0.831917 0.792923
vt 0.834499 0.791041
vt 0.825870 0.774341
vt 0.829066 0.774341
vt 0.831908 0.755751
vt 0.834494 0.757630
vt 0.847711 0.744263
vt 0.848703 0.747302
vt 0.867252 0.744263
vt 0.866265 0.747304
vt 0.883067 0.755744
vt 0.880482 0.757625
vt 0.889105 0.774327
vt 0.885908 0.774327
vt 0.870216 0.827333
vt 0.829224 0.827333
vt 0.829224 0.843871
vt 0.870216 0.843871
vt 0.788701 0.827333
vt 0.788701 0.843871
vt 0.748548 0.827333
vt 0.748548 0.843871
vt 0.707349 0.827333
vt 0.707349 0.843871
vt 0.666916 0.827333
vt 0.666916 0.843871
vt 0.626168 0.827333
vt 0.626168 0.843871
vt 0.585564 0.827333
vt 0.585564 0.843871
vt 0.992195 0.827333
vt 0.951505 0.827333
vt 0.951505 0.843871
vt 0.992195 0.843871
vt 0.910359 0.827333
vt 0.910359 0.843871
vt 0.970072 0.808853
vt 0.945781 0.816627
vt 0.945972 0.775522
vt 0.985026 0.788291
vt 0.985026 0.762857
vt 0.970114 0.742302
vt 0.945953 0.734466
vt 0.921782 0.742255
vt 0.906888 0.762796
vt 0.906869 0.788189
vt 0.921709 0.808723
vt 0.857947 0.773978
vt 0.869374 0.738357
vt 0.888132 0.751881
vt 0.895355 0.773838
vt 0.888294 0.795855
vt 0.869638 0.809509
vt 0.846520 0.809602
vt 0.827763 0.796076
vt 0.820540 0.774117
vt 0.827605 0.752103
vt 0.846256 0.738445
vt 0.870216 0.964493
vt 0.870216 0.992322
vt 0.829224 0.992322
vt 0.829224 0.964493
vt 0.910791 0.964493
vt 0.910806 0.992319
vt 0.951364 0.964493
vt 0.951355 0.992322
vt 0.991919 0.964493
vt 0.991926 0.992331
vt 0.626168 0.964493
vt 0.626168 0.992331
vt 0.585564 0.992324
vt 0.585564 0.964493
vt 0.666916 0.964493
vt 0.666916 0.992330
vt 0.707349 0.964493
vt 0.707349 0.992318
vt 0.748548 0.964493
vt 0.748548 0.992318
vt 0.788701 0.964493
vt 0.788701 0.992325
vt 0.870216 0.954032
vt 0.829224 0.954032
vt 0.829224 0.964494
vt 0.870216 0.964494
vt 0.910359 0.964493
vt 0.910359 0.954032
vt 0.951505 0.964494
vt 0.951504 0.954032
vt 0.992195 0.964494
vt 0.992195 0.954032
vt 0.626168 0.964493
vt 0.626168 0.954032
vt 0.585564 0.954032
vt 0.585564 0.964494
vt 0.666916 0.964494
vt 0.666916 0.954032
vt 0.707348 0.964493
vt 0.707348 0.954032
vt 0.748547 0.964493
vt 0.748547 0.954032
vt 0.788701 0.964493
vt 0.788701 0.954032
vt 0.867269 0.804398
vt 0.866277 0.801358
vt 0.880489 0.791036
vt 0.883074 0.792913
vt 0.847722 0.804405
vt 0.848711 0.801364
vt 0.831917 0.792923
vt 0.834499 0.791041
vt 0.825870 0.774341
vt 0.829066 0.774341
vt 0.831908 0.755751
vt 0.834494 0.757630
vt 0.847711 0.744263
vt 0.848703 0.747302
vt 0.867252 0.744263
vt 0.866265 0.747304
vt 0.883067 0.755744
vt 0.880482 0.757625
vt 0.889105 0.774327
vt 0.885908 0.774327
vt 0.709189 0.107227
vt 0.654497 0.110209
vt 0.654497 0.087115
vt 0.709188 0.090092
vt 0.843060 0.198538
vt 0.854982 0.143532
vt 0.846240 0.143532
vt 0.835668 0.198536
vt 0.860107 0.107222
vt 0.850395 0.107226
vt 0.850398 0.090094
vt 0.860111 0.090090
vt 0.684422 0.160955
vt 0.677027 0.160955
vt 0.687597 0.215962
vt 0.696334 0.215967
vt 0.925309 0.107231
vt 0.917217 0.107228
vt 0.917219 0.090096
vt 0.925311 0.090095
vt 0.835668 0.206934
vt 0.835669 0.215023
vt 0.843063 0.215023
vt 0.843063 0.206934
vt 0.717281 0.090096
vt 0.717275 0.107228
vt 0.684422 0.152556
vt 0.684422 0.144467
vt 0.677027 0.144467
vt 0.677027 0.152556
vt 0.589813 0.336912
vt 0.511297 0.337899
vt 0.518972 0.344622
vt 0.585892 0.343741
vt 0.595667 0.391609
vt 0.591577 0.384773
vt 0.524040 0.384174
vt 0.516754 0.391378
vt 0.786575 0.090092
vt 0.786575 0.107227
vt 0.981279 0.110207
vt 0.981279 0.121527
vt 0.925310 0.115629
vt 0.709186 0.115624
vt 0.654500 0.121530
vt 0.981275 0.087112
vt 0.925309 0.081695
vt 0.981280 0.075795
vt 0.654497 0.075795
vt 0.709187 0.081694
vt 0.602226 0.345122
vt 0.594562 0.355233
vt 0.510707 0.254342
vt 0.517975 0.266322
vt 0.598231 0.265160
vt 0.608549 0.254342
vt 0.511309 0.355684
vt 0.499674 0.344512
vt 0.606562 0.383355
vt 0.598863 0.373118
vt 0.515306 0.373118
vt 0.504399 0.384902
vt 0.521281 0.475879
vt 0.619377 0.472397
vt 0.608050 0.461883
vt 0.527800 0.463795
vt 0.784738 0.198535
vt 0.786034 0.143530
vt 0.777664 0.143533
vt 0.777662 0.198535
vt 0.784738 0.206933
vt 0.777662 0.206934
vt 0.777662 0.215023
vt 0.784739 0.215023
vt 0.612018 0.265903
vt 0.598776 0.272140
vt 0.511651 0.274031
vt 0.499793 0.266005
vt 0.795985 0.107227
vt 0.795985 0.090092
vt 0.509520 0.464657
vt 0.520914 0.456549
vt 0.607872 0.454685
vt 0.621397 0.460385
vt 0.626100 0.152561
vt 0.626096 0.144475
vt 0.619022 0.144472
vt 0.619023 0.152561
vt 0.619023 0.160960
vt 0.626100 0.160960
vt 0.619020 0.215967
vt 0.627385 0.215967
vt 0.750913 0.706465
vt 0.750913 0.577066
vt 0.733070 0.577066
vt 0.733070 0.706465
vt 0.768756 0.706466
vt 0.768756 0.577066
vt 0.786599 0.706466
vt 0.786599 0.577066
vt 0.804442 0.706466
vt 0.804442 0.577066
vt 0.822284 0.706466
vt 0.822285 0.577066
vt 0.840127 0.706466
vt 0.840127 0.577066
vt 0.857970 0.706465
vt 0.857970 0.577066
vt 0.875813 0.706465
vt 0.875813 0.577066
vt 0.893656 0.706465
vt 0.893656 0.577066
vt 0.911499 0.706465
vt 0.911499 0.577066
vt 0.929342 0.706466
vt 0.929342 0.577066
vt 0.947184 0.706466
vt 0.947185 0.577066
vt 0.965027 0.706466
vt 0.965028 0.577066
vt 0.982870 0.706466
vt 0.982870 0.577066
vt 0.643857 0.706465
vt 0.643857 0.577066
vt 0.626014 0.577066
vt 0.626014 0.706465
vt 0.661700 0.706465
vt 0.661699 0.577066
vt 0.679542 0.706465
vt 0.679542 0.577066
vt 0.697385 0.706465
vt 0.697385 0.577066
vt 0.715228 0.706465
vt 0.715228 0.577066
vt 0.838171 0.458166
vt 0.821201 0.452650
vt 0.812276 0.508976
vt 0.852603 0.468656
vt 0.863092 0.483091
vt 0.868604 0.500060
vt 0.868601 0.517904
vt 0.863086 0.534873
vt 0.852597 0.549307
vt 0.838160 0.559794
vt 0.821192 0.565304
vt 0.803350 0.565302
vt 0.786380 0.559787
vt 0.771942 0.549302
vt 0.761460 0.534863
vt 0.755947 0.517893
vt 0.755946 0.500051
vt 0.761463 0.483082
vt 0.771952 0.468647
vt 0.786388 0.458162
vt 0.803357 0.452650
vt 0.285415 0.385333
vt 0.279750 0.402516
vt 0.229034 0.376382
vt 0.269630 0.417096
vt 0.254803 0.427339
vt 0.237712 0.432801
vt 0.219942 0.432649
vt 0.202911 0.426849
vt 0.188433 0.416602
vt 0.177831 0.402250
vt 0.172236 0.385236
vt 0.172399 0.367279
vt 0.178190 0.349986
vt 0.188460 0.335229
vt 0.203152 0.324826
vt 0.220225 0.319323
vt 0.238039 0.319509
vt 0.255557 0.325044
vt 0.270239 0.335511
vt 0.280411 0.350459
vt 0.286008 0.367534
vt 0.747709 0.298440
vt 0.756287 0.406758
vt 0.740466 0.407969
vt 0.729443 0.300023
vt 0.723162 0.409309
vt 0.710682 0.302057
vt 0.705767 0.411110
vt 0.692716 0.304329
vt 0.688729 0.413500
vt 0.674658 0.306903
vt 0.671655 0.416358
vt 0.656821 0.310267
vt 0.655466 0.419981
vt 0.639084 0.314239
vt 0.639165 0.425206
vt 0.621795 0.318272
vt 0.985941 0.312638
vt 0.969728 0.425142
vt 0.952958 0.419663
vt 0.967546 0.309096
vt 0.936630 0.415649
vt 0.948990 0.306056
vt 0.918930 0.412724
vt 0.930189 0.303334
vt 0.901400 0.410486
vt 0.911362 0.300997
vt 0.884202 0.408848
vt 0.893049 0.299120
vt 0.867661 0.407387
vt 0.874749 0.297561
vt 0.851831 0.406291
vt 0.856117 0.296619
vt 0.835807 0.405518
vt 0.837962 0.296015
vt 0.819810 0.405334
vt 0.819842 0.295756
vt 0.803199 0.405278
vt 0.801688 0.295858
vt 0.787500 0.405557
vt 0.783469 0.296417
vt 0.771993 0.405962
vt 0.765485 0.297270
vt 0.890300 0.549989
vt 0.982488 0.549990
vt 0.982488 0.532147
vt 0.890300 0.532147
vt 0.982491 0.514302
vt 0.890302 0.514303
vt 0.982489 0.496460
vt 0.890302 0.496459
vt 0.982490 0.478619
vt 0.890302 0.478618
vt 0.982490 0.460776
vt 0.890303 0.460776
vt 0.982388 0.549931
vt 0.890202 0.549931
vt 0.890202 0.567775
vt 0.982387 0.567772
vt 0.075192 0.039727
vt 0.072988 0.043940
vt 0.062843 0.042583
vt 0.063553 0.037885
vt 0.085173 0.044990
vt 0.081700 0.048372
vt 0.075507 0.112897
vt 0.073265 0.109129
vt 0.082040 0.104745
vt 0.085719 0.107892
vt 0.064097 0.114931
vt 0.063299 0.110905
vt 0.052051 0.113575
vt 0.052985 0.109313
vt 0.041097 0.108176
vt 0.043500 0.104454
vt 0.032044 0.100016
vt 0.035507 0.097248
vt 0.024497 0.088894
vt 0.028458 0.087422
vt 0.022011 0.076924
vt 0.026180 0.076946
vt 0.025075 0.064399
vt 0.029264 0.065830
vt 0.030951 0.053470
vt 0.034295 0.056213
vt 0.040070 0.045030
vt 0.042239 0.048842
vt 0.051319 0.039651
vt 0.052162 0.044121
vt 0.161154 0.037884
vt 0.161976 0.042226
vt 0.151849 0.043747
vt 0.149554 0.039615
vt 0.142288 0.044325
vt 0.142964 0.048142
vt 0.082113 0.044439
vt 0.139168 0.044645
vt 0.012555 0.248984
vt 0.012556 0.241207
vt 0.115390 0.241216
vt 0.115393 0.248984
vt 0.137913 0.107815
vt 0.141558 0.104537
vt 0.149763 0.109076
vt 0.147374 0.113181
vt 0.159472 0.110582
vt 0.158765 0.115314
vt 0.170192 0.109439
vt 0.171049 0.114017
vt 0.180257 0.105039
vt 0.182489 0.108996
vt 0.188380 0.097865
vt 0.191808 0.100784
vt 0.193705 0.088422
vt 0.198030 0.090017
vt 0.197330 0.077513
vt 0.201489 0.077665
vt 0.195819 0.066847
vt 0.199763 0.065439
vt 0.189543 0.056978
vt 0.193013 0.054188
vt 0.181780 0.049386
vt 0.184308 0.045555
vt 0.172276 0.044242
vt 0.173295 0.039836
vt 0.085138 0.057430
vt 0.139568 0.057786
vt 0.085677 0.067544
vt 0.138603 0.067710
vt 0.085815 0.077201
vt 0.139215 0.076880
vt 0.086582 0.086049
vt 0.138815 0.086302
vt 0.085568 0.095656
vt 0.138848 0.095894
vt 0.056573 0.077262
vt 0.167556 0.076922
vt 0.174819 0.653730
vt 0.008720 0.625560
vt 0.010525 0.598035
vt 0.174820 0.635346
vt 0.013447 0.570474
vt 0.174819 0.616759
vt 0.018283 0.542639
vt 0.174820 0.598190
vt 0.024861 0.514514
vt 0.174820 0.579600
vt 0.033178 0.486458
vt 0.174820 0.559440
vt 0.042332 0.458768
vt 0.174820 0.538482
vt 0.053810 0.431174
vt 0.174820 0.517415
vt 0.174820 0.914492
vt 0.055319 0.987877
vt 0.042621 0.961279
vt 0.174820 0.896440
vt 0.032258 0.934506
vt 0.174820 0.877680
vt 0.024785 0.906072
vt 0.174820 0.858694
vt 0.019631 0.877330
vt 0.174820 0.839257
vt 0.015992 0.848676
vt 0.174819 0.818588
vt 0.013375 0.820344
vt 0.174819 0.796421
vt 0.011795 0.791986
vt 0.174820 0.774045
vt 0.011461 0.763439
vt 0.174820 0.751596
vt 0.010753 0.735412
vt 0.174820 0.729034
vt 0.010045 0.707735
vt 0.174820 0.708743
vt 0.008841 0.680434
vt 0.174819 0.690403
vt 0.008278 0.653110
vt 0.174820 0.672064
vt 0.316803 0.275069
vt 0.322184 0.268768
vt 0.342794 0.290894
vt 0.336012 0.295883
vt 0.358185 0.316985
vt 0.350539 0.320421
vt 0.366593 0.345475
vt 0.358617 0.346634
vt 0.369236 0.374482
vt 0.360846 0.374157
vt 0.365939 0.403116
vt 0.357930 0.401159
vt 0.356395 0.430012
vt 0.348903 0.426473
vt 0.340843 0.454054
vt 0.334277 0.449589
vt 0.115367 0.450340
vt 0.107914 0.454054
vt 0.095476 0.425826
vt 0.103191 0.423149
vt 0.088098 0.395563
vt 0.096527 0.394535
vt 0.088157 0.364058
vt 0.096509 0.364876
vt 0.094842 0.333331
vt 0.102859 0.336111
vt 0.107971 0.304776
vt 0.115028 0.309158
vt 0.126756 0.279719
vt 0.133261 0.285827
vt 0.150723 0.259452
vt 0.155432 0.266540
vt 0.178121 0.244931
vt 0.181165 0.252835
vt 0.208073 0.236743
vt 0.209248 0.244862
vt 0.238824 0.235024
vt 0.238207 0.243358
vt 0.268948 0.240322
vt 0.266627 0.248184
vt 0.297402 0.251696
vt 0.293319 0.258846
vt 0.303997 0.289800
vt 0.320440 0.307538
vt 0.313956 0.390241
vt 0.331762 0.393343
vt 0.321134 0.423768
vt 0.305387 0.415358
vt 0.332603 0.328665
vt 0.313532 0.363276
vt 0.331507 0.360497
vt 0.339500 0.351442
vt 0.306353 0.337156
vt 0.322314 0.328900
vt 0.341946 0.374064
vt 0.289816 0.315685
vt 0.302593 0.302997
vt 0.338443 0.395688
vt 0.268426 0.299337
vt 0.276774 0.283190
vt 0.331707 0.417636
vt 0.243203 0.290760
vt 0.246187 0.273014
vt 0.319445 0.436766
vt 0.215968 0.291054
vt 0.213100 0.273014
vt 0.131772 0.439152
vt 0.121115 0.416824
vt 0.189784 0.298802
vt 0.181585 0.282954
vt 0.116085 0.392611
vt 0.168353 0.315576
vt 0.155498 0.302626
vt 0.115769 0.366400
vt 0.152302 0.337190
vt 0.136314 0.329016
vt 0.120753 0.342168
vt 0.144049 0.362599
vt 0.126364 0.359600
vt 0.131674 0.319036
vt 0.144782 0.389445
vt 0.126842 0.392075
vt 0.146853 0.298722
vt 0.152038 0.415191
vt 0.136132 0.423039
vt 0.166294 0.282702
vt 0.168648 0.436130
vt 0.155714 0.448824
vt 0.188442 0.270740
vt 0.189768 0.452381
vt 0.181688 0.468196
vt 0.212133 0.263861
vt 0.215078 0.460398
vt 0.212231 0.477992
vt 0.237004 0.262860
vt 0.241874 0.460193
vt 0.244736 0.478001
vt 0.261465 0.266816
vt 0.267759 0.452914
vt 0.275588 0.468492
vt 0.283947 0.276074
vt 0.289112 0.436547
vt 0.301552 0.449615
vt 0.741634 0.429185
vt 0.725751 0.429912
vt 0.710050 0.431023
vt 0.694124 0.432494
vt 0.678992 0.435723
vt 0.664428 0.439887
vt 0.651775 0.445162
vt 0.957424 0.445162
vt 0.944389 0.439558
vt 0.929882 0.436102
vt 0.914328 0.433740
vt 0.898021 0.430963
vt 0.881690 0.428811
vt 0.865778 0.428141
vt 0.850271 0.427550
vt 0.834473 0.427481
vt 0.818760 0.426261
vt 0.803260 0.426720
vt 0.787773 0.426262
vt 0.772723 0.427349
vt 0.757263 0.428838
vt 0.574295 0.635346
vt 0.574295 0.616759
vt 0.574295 0.598190
vt 0.574295 0.579600
vt 0.574295 0.559440
vt 0.574295 0.538482
vt 0.574295 0.517415
vt 0.574295 0.914492
vt 0.574295 0.896440
vt 0.574295 0.877679
vt 0.574295 0.858694
vt 0.574295 0.839257
vt 0.574295 0.818588
vt 0.574295 0.796421
vt 0.574295 0.774045
vt 0.574295 0.751596
vt 0.574295 0.729034
vt 0.574295 0.708743
vt 0.574295 0.690403
vt 0.574295 0.672064
vt 0.574295 0.653730
vt 0.012218 0.219926
vt 0.012219 0.134169
vt 0.026527 0.134169
vt 0.026527 0.219926
vt 0.040834 0.134169
vt 0.040834 0.219926
vt 0.055142 0.134169
vt 0.055143 0.219927
vt 0.069449 0.134168
vt 0.069451 0.219927
vt 0.083756 0.134168
vt 0.083757 0.219925
vt 0.098067 0.134170
vt 0.098065 0.219926
vt 0.106076 0.133335
vt 0.111667 0.133335
vt 0.111668 0.219091
vt 0.106076 0.219092
vt 0.192693 0.219090
vt 0.187102 0.219090
vt 0.187101 0.133333
vt 0.192692 0.133332
vt 0.124234 0.219091
vt 0.124233 0.133335
vt 0.136810 0.219090
vt 0.136806 0.133331
vt 0.149386 0.219092
vt 0.149382 0.133331
vt 0.161961 0.219091
vt 0.161959 0.133333
vt 0.174535 0.219090
vt 0.174534 0.133333
vt 0.675849 0.049931
vt 0.621171 0.052997
vt 0.621127 0.029908
vt 0.675821 0.032796
vt 0.987483 0.052393
vt 0.929178 0.049513
vt 0.929146 0.032378
vt 0.987442 0.029301
vt 0.891957 0.049574
vt 0.891934 0.032437
vt 0.908443 0.160017
vt 0.908443 0.218395
vt 0.865756 0.202646
vt 0.873520 0.147136
vt 0.635275 0.085907
vt 0.648156 0.120825
vt 0.592644 0.128596
vt 0.576899 0.085907
vt 0.975955 0.162908
vt 0.987876 0.217916
vt 0.979135 0.217916
vt 0.968562 0.162910
vt 0.826772 0.049685
vt 0.817057 0.049701
vt 0.817028 0.032563
vt 0.826742 0.032548
vt 0.709472 0.198538
vt 0.716867 0.198538
vt 0.706286 0.143535
vt 0.697546 0.143534
vt 0.883868 0.049588
vt 0.883845 0.032451
vt 0.968562 0.154511
vt 0.968562 0.146422
vt 0.975957 0.146422
vt 0.975957 0.154511
vt 0.683910 0.032783
vt 0.683938 0.049917
vt 0.709472 0.206937
vt 0.709472 0.215027
vt 0.716868 0.215027
vt 0.716867 0.206937
vt 0.403146 0.337171
vt 0.481661 0.338149
vt 0.473985 0.344874
vt 0.407063 0.343994
vt 0.402010 0.392166
vt 0.406035 0.385357
vt 0.473703 0.384773
vt 0.480844 0.392148
vt 0.753204 0.032671
vt 0.753238 0.049801
vt 0.854476 0.201671
vt 0.865154 0.146420
vt 0.675866 0.058328
vt 0.621189 0.064317
vt 0.922221 0.225284
vt 0.978214 0.228178
vt 0.977333 0.236534
vt 0.921045 0.236534
vt 0.621110 0.018590
vt 0.675812 0.024398
vt 0.390739 0.345388
vt 0.398398 0.355492
vt 0.482246 0.254594
vt 0.474978 0.266575
vt 0.394721 0.265410
vt 0.384401 0.254594
vt 0.481647 0.355936
vt 0.493282 0.344762
vt 0.391527 0.384045
vt 0.399097 0.373722
vt 0.482740 0.373722
vt 0.493417 0.385743
vt 0.475015 0.476638
vt 0.376555 0.472924
vt 0.388162 0.462304
vt 0.468730 0.464616
vt 0.917634 0.162908
vt 0.918927 0.217914
vt 0.910561 0.217916
vt 0.910557 0.162908
vt 0.917634 0.154509
vt 0.910557 0.154509
vt 0.910557 0.146420
vt 0.917634 0.146420
vt 0.380934 0.266155
vt 0.394177 0.272389
vt 0.481302 0.274282
vt 0.493162 0.266255
vt 0.762650 0.049788
vt 0.762614 0.032653
vt 0.486806 0.465480
vt 0.475666 0.457438
vt 0.388609 0.454965
vt 0.375010 0.460657
vt 0.767793 0.206938
vt 0.767796 0.215024
vt 0.774871 0.215027
vt 0.774870 0.206937
vt 0.774870 0.198538
vt 0.767792 0.198539
vt 0.774865 0.143529
vt 0.766499 0.143532
vt 0.011956 0.020864
vt 0.012478 0.020832
vt 0.022838 0.028624
vt 0.019875 0.030251
vt 0.012627 0.020748
vt 0.028774 0.025387
vt 0.012466 0.020609
vt 0.036023 0.020184
vt 0.012034 0.020437
vt 0.032078 0.018010
vt 0.011469 0.020256
vt 0.026023 0.013664
vt 0.010723 0.020238
vt 0.022501 0.010787
vt 0.005768 0.020938
vt 0.020451 0.009784
vt 0.019354 0.030751
vt 0.047830 0.022207
vt 0.047826 0.023502
vt 0.048867 0.020772
vt 0.049973 0.019084
vt 0.049689 0.017649
vt 0.049053 0.016516
vt 0.047795 0.015473
vt 0.046233 0.014317
vt 0.048071 0.024995
vt 0.072191 0.021959
vt 0.072359 0.023132
vt 0.072233 0.020738
vt 0.072339 0.019264
vt 0.072452 0.017861
vt 0.072405 0.016718
vt 0.072003 0.015545
vt 0.071559 0.014131
vt 0.072596 0.024524
vt 0.098802 0.021602
vt 0.098790 0.022786
vt 0.099030 0.020371
vt 0.099333 0.018890
vt 0.099653 0.017490
vt 0.099811 0.016372
vt 0.099613 0.015226
vt 0.099440 0.013822
vt 0.098934 0.024171
vt 0.125965 0.021555
vt 0.126088 0.022797
vt 0.126062 0.020266
vt 0.126232 0.018727
vt 0.126528 0.017266
vt 0.126775 0.016123
vt 0.126678 0.014946
vt 0.126621 0.013529
vt 0.126401 0.024272
vt 0.153768 0.021875
vt 0.153910 0.023181
vt 0.153832 0.020516
vt 0.153959 0.018897
vt 0.154210 0.017312
vt 0.154433 0.016083
vt 0.154305 0.014840
vt 0.154217 0.013384
vt 0.154206 0.024730
vt 0.179605 0.022440
vt 0.179855 0.023813
vt 0.179486 0.020939
vt 0.179501 0.019219
vt 0.179907 0.017514
vt 0.180387 0.016130
vt 0.180699 0.014801
vt 0.181017 0.013314
vt 0.180245 0.025470
vt 0.208294 0.023403
vt 0.209130 0.024698
vt 0.207410 0.021969
vt 0.207234 0.020019
vt 0.207815 0.018025
vt 0.208863 0.016415
vt 0.209691 0.015025
vt 0.210060 0.013640
vt 0.209619 0.026168
vt 0.217055 0.021283
vt 0.218041 0.021569
vt 0.216426 0.020795
vt 0.216343 0.020043
vt 0.216476 0.019607
vt 0.216947 0.019309
vt 0.217808 0.018994
vt 0.223139 0.020273
vt 0.331568 0.156411
vt 0.331584 0.185029
vt 0.285018 0.164810
vt 0.304965 0.145245
vt 0.358286 0.145879
vt 0.377238 0.165336
vt 0.369579 0.119474
vt 0.397623 0.118747
vt 0.358765 0.093158
vt 0.378332 0.074061
vt 0.331949 0.081980
vt 0.331856 0.053894
vt 0.305535 0.092140
vt 0.286409 0.072780
vt 0.294413 0.118515
vt 0.265888 0.119384
vt 0.331639 0.209365
vt 0.267437 0.182509
vt 0.395116 0.182724
vt 0.421179 0.119296
vt 0.395706 0.056946
vt 0.331480 0.030105
vt 0.268531 0.055380
vt 0.241857 0.119090
vt 0.331199 0.229549
vt 0.254354 0.195933
vt 0.408629 0.196283
vt 0.441567 0.119411
vt 0.408452 0.043591
vt 0.331760 0.010203
vt 0.255072 0.042148
vt 0.221484 0.119171
vt 0.331891 0.118935
vt 0.438517 0.032448
vt 0.456630 0.014337
vt 0.469437 0.045257
vt 0.482246 0.014337
vt 0.500358 0.032450
vt 0.500358 0.058066
vt 0.482244 0.076177
vt 0.456629 0.076177
vt 0.438517 0.058064
vt 0.691716 0.552278
vt 0.691819 0.551121
vt 0.707538 0.551046
vt 0.707473 0.552234
vt 0.656407 0.552321
vt 0.656437 0.551165
vt 0.650056 0.552301
vt 0.644505 0.552296
vt 0.644377 0.551169
vt 0.650118 0.551183
vt 0.629002 0.552382
vt 0.628650 0.551249
vt 0.637571 0.551178
vt 0.637833 0.552309
vt 0.691924 0.549949
vt 0.707603 0.549856
vt 0.656433 0.550042
vt 0.644275 0.550105
vt 0.650164 0.550112
vt 0.628288 0.550095
vt 0.637314 0.550090
vt 0.692032 0.548767
vt 0.707667 0.548666
vt 0.656317 0.548966
vt 0.644165 0.549051
vt 0.650126 0.549068
vt 0.628014 0.548960
vt 0.637082 0.548972
vt 0.692070 0.558109
vt 0.691955 0.556925
vt 0.707664 0.556944
vt 0.707732 0.558136
vt 0.656169 0.558006
vt 0.656277 0.556927
vt 0.644117 0.558016
vt 0.644223 0.556955
vt 0.650155 0.556897
vt 0.650128 0.557944
vt 0.627989 0.558033
vt 0.628270 0.556894
vt 0.637193 0.557003
vt 0.636947 0.558136
vt 0.691845 0.555755
vt 0.707597 0.555753
vt 0.656332 0.555812
vt 0.644325 0.555887
vt 0.650096 0.555826
vt 0.628635 0.555745
vt 0.637481 0.555887
vt 0.691737 0.554599
vt 0.707529 0.554562
vt 0.656358 0.554666
vt 0.650028 0.554703
vt 0.644463 0.554749
vt 0.628992 0.554610
vt 0.637781 0.554727
vt 0.691638 0.553443
vt 0.707114 0.553404
vt 0.656362 0.553501
vt 0.644649 0.553508
vt 0.650022 0.553503
vt 0.629239 0.553494
vt 0.638016 0.553505
vt 0.708736 0.551655
vt 0.708709 0.553374
vt 0.709990 0.552114
vt 0.710479 0.553338
vt 0.710039 0.554583
vt 0.708812 0.555095
vt 0.656854 0.524243
vt 0.656854 0.525426
vt 0.623091 0.525535
vt 0.623097 0.524344
vt 0.681443 0.524436
vt 0.681514 0.525602
vt 0.696121 0.524436
vt 0.696142 0.525609
vt 0.688481 0.525609
vt 0.688454 0.524429
vt 0.712890 0.524536
vt 0.712870 0.525709
vt 0.703863 0.525666
vt 0.703843 0.524511
vt 0.722045 0.524626
vt 0.732385 0.524727
vt 0.732301 0.525869
vt 0.721997 0.525760
vt 0.745210 0.525133
vt 0.746078 0.526133
vt 0.656849 0.526628
vt 0.623087 0.526733
vt 0.681570 0.526751
vt 0.696156 0.526769
vt 0.688498 0.526765
vt 0.712845 0.526852
vt 0.703883 0.526808
vt 0.732218 0.526991
vt 0.721956 0.526885
vt 0.746951 0.527147
vt 0.656844 0.527895
vt 0.623388 0.527914
vt 0.681590 0.527903
vt 0.696160 0.527920
vt 0.688508 0.527905
vt 0.712825 0.527976
vt 0.703886 0.527948
vt 0.732174 0.528114
vt 0.721933 0.528035
vt 0.747309 0.528325
vt 0.656842 0.529149
vt 0.623104 0.529099
vt 0.681560 0.529050
vt 0.696148 0.529068
vt 0.688500 0.529050
vt 0.712814 0.529100
vt 0.703868 0.529090
vt 0.732185 0.529240
vt 0.721938 0.529175
vt 0.746941 0.529481
vt 0.656839 0.530351
vt 0.623094 0.530295
vt 0.681499 0.530178
vt 0.696127 0.530224
vt 0.688481 0.530196
vt 0.712811 0.530245
vt 0.703837 0.530223
vt 0.732249 0.530358
vt 0.721958 0.530299
vt 0.746063 0.530464
vt 0.656835 0.531531
vt 0.623100 0.531478
vt 0.681431 0.531328
vt 0.696094 0.531389
vt 0.688452 0.531358
vt 0.712812 0.531425
vt 0.703801 0.531368
vt 0.721980 0.531441
vt 0.732314 0.531494
vt 0.745184 0.531443
vt 0.656805 0.532684
vt 0.623171 0.532617
vt 0.681323 0.532506
vt 0.696021 0.532593
vt 0.688362 0.532553
vt 0.712811 0.532627
vt 0.703735 0.532575
vt 0.732344 0.532684
vt 0.721998 0.532633
vt 0.744816 0.532598
vt 0.656825 0.523092
vt 0.623165 0.523203
vt 0.681338 0.523265
vt 0.696086 0.523239
vt 0.688373 0.523240
vt 0.712896 0.523337
vt 0.703822 0.523307
vt 0.732435 0.523544
vt 0.722078 0.523438
vt 0.744879 0.523975
vt 0.620729 0.526710
vt 0.621913 0.526198
vt 0.621893 0.527936
vt 0.621949 0.529665
vt 0.620758 0.529190
vt 0.620249 0.527958
vt 0.621668 0.511634
vt 0.621664 0.512818
vt 0.587907 0.512932
vt 0.587912 0.511740
vt 0.646264 0.511824
vt 0.646331 0.512989
vt 0.660938 0.511818
vt 0.660954 0.512991
vt 0.653297 0.512993
vt 0.653274 0.511814
vt 0.677700 0.511916
vt 0.677678 0.513089
vt 0.668671 0.513047
vt 0.668656 0.511892
vt 0.686858 0.512006
vt 0.697200 0.512109
vt 0.697117 0.513253
vt 0.686809 0.513141
vt 0.710028 0.512519
vt 0.710898 0.513520
vt 0.621659 0.514021
vt 0.587906 0.514130
vt 0.646383 0.514138
vt 0.660963 0.514151
vt 0.653310 0.514148
vt 0.677652 0.514232
vt 0.668685 0.514188
vt 0.697034 0.514376
vt 0.686765 0.514266
vt 0.711774 0.514534
vt 0.621653 0.515288
vt 0.588210 0.515311
vt 0.646399 0.515290
vt 0.660961 0.515301
vt 0.653314 0.515288
vt 0.677630 0.515356
vt 0.668686 0.515328
vt 0.696991 0.515500
vt 0.686744 0.515417
vt 0.712135 0.515712
vt 0.621650 0.516542
vt 0.587929 0.516496
vt 0.646366 0.516436
vt 0.660944 0.516449
vt 0.653300 0.516432
vt 0.677617 0.516480
vt 0.668666 0.516470
vt 0.697003 0.516627
vt 0.686749 0.516558
vt 0.711769 0.516869
vt 0.621647 0.517743
vt 0.587921 0.517693
vt 0.646299 0.517565
vt 0.660918 0.517604
vt 0.653276 0.517579
vt 0.677613 0.517625
vt 0.668633 0.517603
vt 0.697069 0.517744
vt 0.686771 0.517682
vt 0.710892 0.517852
vt 0.621643 0.518922
vt 0.587929 0.518874
vt 0.646225 0.518714
vt 0.660883 0.518771
vt 0.653241 0.518740
vt 0.677615 0.518806
vt 0.668595 0.518750
vt 0.686794 0.518825
vt 0.697138 0.518881
vt 0.710014 0.518831
vt 0.621610 0.520073
vt 0.587999 0.520009
vt 0.646114 0.519889
vt 0.660810 0.519973
vt 0.653147 0.519933
vt 0.677616 0.520010
vt 0.668529 0.519958
vt 0.697168 0.520073
vt 0.686814 0.520019
vt 0.709645 0.519987
vt 0.621640 0.510482
vt 0.587974 0.510593
vt 0.646162 0.510654
vt 0.660905 0.510622
vt 0.653196 0.510625
vt 0.677706 0.510718
vt 0.668636 0.510689
vt 0.697252 0.510927
vt 0.686890 0.510819
vt 0.709695 0.511361
vt 0.585547 0.514105
vt 0.586730 0.513594
vt 0.586714 0.515332
vt 0.586775 0.517062
vt 0.585582 0.516586
vt 0.585069 0.515353
vt 0.671901 0.542185
vt 0.671804 0.543339
vt 0.656077 0.543402
vt 0.656137 0.542213
vt 0.707234 0.542179
vt 0.707176 0.543338
vt 0.713612 0.542202
vt 0.719136 0.542183
vt 0.719244 0.543294
vt 0.713540 0.543310
vt 0.734594 0.542069
vt 0.734937 0.543195
vt 0.726008 0.543261
vt 0.725781 0.542152
vt 0.671706 0.544507
vt 0.656017 0.544592
vt 0.707157 0.544459
vt 0.719336 0.544347
vt 0.713484 0.544371
vt 0.735289 0.544342
vt 0.726232 0.544328
vt 0.671605 0.545686
vt 0.655957 0.545783
vt 0.707264 0.545525
vt 0.719436 0.545391
vt 0.713513 0.545405
vt 0.735553 0.545471
vt 0.726447 0.545434
vt 0.671495 0.536337
vt 0.671617 0.537526
vt 0.655905 0.537497
vt 0.655833 0.536303
vt 0.707574 0.536480
vt 0.707471 0.537568
vt 0.719592 0.536441
vt 0.719492 0.537510
vt 0.713533 0.537590
vt 0.713556 0.536534
vt 0.735666 0.536422
vt 0.735373 0.537563
vt 0.726547 0.537439
vt 0.726809 0.536303
vt 0.671735 0.538699
vt 0.655978 0.538690
vt 0.707395 0.538688
vt 0.719395 0.538588
vt 0.713597 0.538669
vt 0.734998 0.538713
vt 0.726229 0.538569
vt 0.671852 0.539859
vt 0.656050 0.539880
vt 0.707341 0.539833
vt 0.713670 0.539801
vt 0.719243 0.539738
vt 0.734630 0.539848
vt 0.725896 0.539742
vt 0.671966 0.541017
vt 0.656483 0.541040
vt 0.707307 0.540998
vt 0.719023 0.540993
vt 0.713663 0.541007
vt 0.734370 0.540967
vt 0.725629 0.540978
vt 0.654873 0.542791
vt 0.654887 0.541071
vt 0.653613 0.542329
vt 0.653117 0.541103
vt 0.653551 0.539858
vt 0.654771 0.539347
s 0
usemtl Material.002
f 1/1/1 2/2/1 3/3/1
f 3/3/1 4/4/1 1/1/1
f 2/2/1 5/5/2 6/6/2
f 6/6/3 3/3/1 2/2/1
f 5/5/4 7/7/5 8/8/5
f 8/8/6 6/6/3 5/5/4
f 7/7/5 9/9/7 10/10/7
f 10/10/8 8/8/6 7/7/5
f 9/9/9 11/11/10 12/12/10
f 12/12/10 10/10/9 9/9/11
f 11/11/10 13/13/12 14/14/12
f 14/14/12 12/12/10 11/11/13
f 13/13/12 15/15/14 16/16/14
f 16/16/14 14/14/12 13/13/12
f 17/17/14 18/18/15 19/19/15
f 19/19/15 20/20/14 17/17/14
f 18/18/16 21/21/17 22/22/17
f 22/22/18 19/19/15 18/18/15
f 21/21/18 1/1/1 4/4/1
f 4/4/19 22/22/20 21/21/18
f 23/23/21 24/24/1 25/25/22
f 26/26/3 23/23/23 25/25/22
f 27/27/24 26/26/2 25/25/22
f 28/28/8 27/27/6 25/25/22
f 29/29/25 28/28/7 25/25/22
f 30/30/26 29/29/27 25/25/22
f 31/31/28 30/30/12 25/25/22
f 32/32/29 31/31/14 25/25/22
f 33/33/30 32/32/15 25/25/22
f 24/24/1 33/33/18 25/25/22
f 34/34/31 35/35/31 36/36/31
f 34/34/31 36/36/31 37/37/31
f 34/34/31 37/37/31 38/38/31
f 34/34/31 38/38/31 39/39/31
f 34/34/31 39/39/31 40/40/31
f 34/34/31 40/40/31 41/41/31
f 34/34/31 41/41/31 42/42/31
f 34/34/31 42/42/31 43/43/31
f 34/34/31 43/43/31 44/44/31
f 34/34/31 44/44/31 35/35/31
f 45/45/32 46/46/33 47/47/33
f 47/47/33 48/48/31 45/45/31
f 49/49/34 50/50/35 46/46/33
f 46/46/36 45/45/31 49/49/31
f 51/51/37 52/52/38 50/50/39
f 50/50/35 49/49/31 51/51/31
f 53/53/37 54/54/40 52/52/41
f 52/52/42 51/51/31 53/53/31
f 55/55/43 56/56/44 57/57/40
f 57/57/40 58/58/31 55/55/31
f 59/59/45 60/60/46 56/56/47
f 56/56/44 55/55/31 59/59/31
f 61/61/45 62/62/48 60/60/49
f 60/60/46 59/59/31 61/61/31
f 63/63/31 64/64/50 62/62/48
f 62/62/51 61/61/37 63/63/37
f 65/65/31 66/66/52 64/64/50
f 64/64/50 63/63/37 65/65/37
f 48/48/32 47/47/53 66/66/52
f 66/66/52 65/65/37 48/48/37
f 67/67/54 68/68/55 69/69/56
f 69/69/57 70/70/54 67/67/54
f 71/71/58 72/72/58 67/67/54
f 67/67/54 70/70/54 71/71/58
f 73/73/59 74/74/59 72/72/60
f 72/72/60 71/71/60 73/73/59
f 75/75/61 76/76/61 74/74/59
f 74/74/62 73/73/62 75/75/61
f 77/77/63 78/78/63 79/79/61
f 79/79/61 80/80/61 77/77/64
f 81/81/65 82/82/66 78/78/63
f 78/78/63 77/77/67 81/81/65
f 83/83/68 84/84/68 82/82/66
f 82/82/66 81/81/65 83/83/68
f 85/85/69 86/86/69 84/84/68
f 84/84/70 83/83/68 85/85/71
f 87/87/72 88/88/72 86/86/69
f 86/86/71 85/85/71 87/87/72
f 69/69/73 68/68/73 88/88/74
f 88/88/72 87/87/74 69/69/73
f 89/89/33 90/90/54 91/91/73
f 91/91/75 92/92/36 89/89/36
f 93/93/76 94/94/60 90/90/77
f 90/90/78 89/89/36 93/93/76
f 95/95/42 96/96/79 94/94/60
f 94/94/80 93/93/81 95/95/42
f 97/97/82 98/98/83 96/96/84
f 96/96/85 95/95/86 97/97/87
f 99/99/88 100/100/64 98/98/89
f 98/98/90 97/97/91 99/99/92
f 101/101/46 102/102/65 100/100/63
f 100/100/93 99/99/92 101/101/49
f 103/103/94 104/104/95 102/102/96
f 102/102/97 101/101/46 103/103/94
f 105/105/50 106/106/69 104/104/98
f 104/104/99 103/103/100 105/105/101
f 107/107/102 108/108/74 106/106/71
f 106/106/103 105/105/104 107/107/102
f 92/92/105 91/91/73 108/108/106
f 108/108/107 107/107/52 92/92/33
f 67/67/108 4/4/1 3/3/1
f 3/3/1 68/68/55 67/67/77
f 4/4/1 67/67/77 72/72/60
f 72/72/58 22/22/18 4/4/1
f 22/22/30 72/72/60 74/74/62
f 74/74/62 19/19/15 22/22/17
f 19/19/15 74/74/109 76/76/83
f 76/76/110 20/20/14 19/19/15
f 16/16/14 79/79/61 78/78/63
f 78/78/67 14/14/12 16/16/111
f 14/14/12 78/78/63 82/82/66
f 82/82/112 12/12/27 14/14/12
f 12/12/27 82/82/65 84/84/68
f 84/84/70 10/10/11 12/12/25
f 10/10/7 84/84/98 86/86/71
f 86/86/71 8/8/6 10/10/7
f 8/8/6 86/86/71 88/88/74
f 88/88/113 6/6/3 8/8/24
f 6/6/2 88/88/74 68/68/73
f 68/68/56 3/3/1 6/6/4
f 109/109/114 110/110/114 111/111/114
f 111/111/114 112/112/114 109/109/114
f 110/110/114 113/113/115 114/114/115
f 114/114/116 111/111/114 110/110/114
f 113/113/116 115/115/117 116/116/117
f 116/116/118 114/114/116 113/113/116
f 115/115/118 117/117/119 118/118/119
f 118/118/119 116/116/118 115/115/118
f 117/117/119 119/119/120 120/120/120
f 120/120/120 118/118/119 117/117/119
f 119/119/120 121/121/121 122/122/121
f 122/122/122 120/120/120 119/119/123
f 121/121/121 123/123/124 124/124/124
f 124/124/124 122/122/122 121/121/122
f 125/125/124 126/126/125 127/127/125
f 127/127/125 128/128/126 125/125/126
f 126/126/127 129/129/128 130/130/128
f 130/130/129 127/127/127 126/126/127
f 129/129/129 109/109/114 112/112/114
f 112/112/114 130/130/129 129/129/128
f 131/131/130 132/132/131 133/133/22
f 134/134/132 131/131/114 133/133/22
f 135/135/118 134/134/115 133/133/22
f 136/136/133 135/135/117 133/133/22
f 137/137/134 136/136/119 133/133/22
f 138/138/135 137/137/120 133/133/22
f 139/139/136 138/138/121 133/133/22
f 140/140/127 139/139/126 133/133/22
f 141/141/137 140/140/138 133/133/22
f 132/132/114 141/141/139 133/133/22
f 142/142/31 143/143/31 144/144/31
f 142/142/31 144/144/31 145/145/31
f 142/142/31 145/145/31 146/146/31
f 142/142/31 146/146/31 147/147/31
f 142/142/31 147/147/31 148/148/31
f 142/142/31 148/148/31 149/149/31
f 142/142/31 149/149/31 150/150/31
f 142/142/31 150/150/31 151/151/31
f 142/142/31 151/151/31 152/152/31
f 142/142/31 152/152/31 143/143/31
f 153/153/37 154/154/140 155/155/140
f 155/155/140 156/156/31 153/153/31
f 157/157/37 158/158/141 154/154/140
f 154/154/140 153/153/31 157/157/31
f 159/159/37 160/160/142 158/158/141
f 158/158/141 157/157/31 159/159/31
f 161/161/43 162/162/143 160/160/142
f 160/160/142 159/159/31 161/161/31
f 163/163/45 164/164/144 165/165/143
f 165/165/143 166/166/31 163/163/31
f 167/167/31 168/168/145 164/164/144
f 164/164/144 163/163/37 167/167/37
f 169/169/31 170/170/146 168/168/147
f 168/168/145 167/167/37 169/169/37
f 171/171/31 172/172/148 170/170/146
f 170/170/146 169/169/37 171/171/37
f 173/173/32 174/174/149 172/172/148
f 172/172/148 171/171/31 173/173/31
f 156/156/32 155/155/140 174/174/150
f 174/174/149 173/173/31 156/156/31
f 175/175/151 176/176/152 177/177/152
f 177/177/152 178/178/151 175/175/153
f 179/179/154 180/180/154 175/175/155
f 175/175/153 178/178/155 179/179/154
f 181/181/156 182/182/156 180/180/157
f 180/180/154 179/179/157 181/181/156
f 183/183/158 184/184/158 182/182/156
f 182/182/156 181/181/156 183/183/158
f 185/185/159 186/186/159 187/187/160
f 187/187/158 188/188/160 185/185/159
f 189/189/161 190/190/161 186/186/159
f 186/186/159 185/185/159 189/189/161
f 191/191/162 192/192/162 190/190/161
f 190/190/163 189/189/161 191/191/162
f 193/193/164 194/194/164 192/192/165
f 192/192/166 191/191/165 193/193/164
f 195/195/167 196/196/167 194/194/164
f 194/194/164 193/193/164 195/195/167
f 177/177/152 176/176/152 196/196/167
f 196/196/167 195/195/167 177/177/152
f 197/197/140 198/198/153 199/199/152
f 199/199/168 200/200/169 197/197/169
f 201/201/141 202/202/170 198/198/155
f 198/198/171 197/197/140 201/201/141
f 203/203/172 204/204/173 202/202/154
f 202/202/174 201/201/175 203/203/142
f 205/205/176 206/206/160 204/204/177
f 204/204/178 203/203/179 205/205/180
f 207/207/181 208/208/182 206/206/160
f 206/206/183 205/205/184 207/207/144
f 209/209/145 210/210/163 208/208/185
f 208/208/186 207/207/144 209/209/147
f 211/211/146 212/212/162 210/210/187
f 210/210/188 209/209/147 211/211/146
f 213/213/189 214/214/190 212/212/191
f 212/212/192 211/211/193 213/213/148
f 215/215/194 216/216/195 214/214/164
f 214/214/196 213/213/197 215/215/194
f 200/200/198 199/199/152 216/216/199
f 216/216/200 215/215/201 200/200/140
f 175/175/202 112/112/114 111/111/114
f 111/111/114 176/176/152 175/175/155
f 112/112/114 175/175/155 180/180/157
f 180/180/170 130/130/129 112/112/114
f 130/130/129 180/180/203 182/182/156
f 182/182/204 127/127/127 130/130/129
f 127/127/125 182/182/156 184/184/160
f 184/184/160 128/128/126 127/127/125
f 124/124/124 187/187/160 186/186/159
f 186/186/205 122/122/135 124/124/124
f 122/122/206 186/186/207 190/190/161
f 190/190/163 120/120/120 122/122/121
f 120/120/120 190/190/208 192/192/162
f 192/192/162 118/118/119 120/120/120
f 118/118/119 192/192/166 194/194/164
f 194/194/164 116/116/118 118/118/119
f 116/116/209 194/194/164 196/196/167
f 196/196/210 114/114/132 116/116/118
f 114/114/115 196/196/199 176/176/152
f 176/176/152 111/111/114 114/114/115
f 217/217/114 218/218/114 219/219/114
f 219/219/114 220/220/114 217/217/114
f 218/218/114 221/221/115 222/222/115
f 222/222/115 219/219/114 218/218/114
f 221/221/115 223/223/118 224/224/118
f 224/224/118 222/222/211 221/221/116
f 223/223/117 225/225/119 226/226/119
f 226/226/119 224/224/117 223/223/117
f 225/225/119 227/227/120 228/228/120
f 228/228/123 226/226/119 225/225/119
f 227/227/123 229/229/121 230/230/121
f 230/230/122 228/228/123 227/227/120
f 229/229/121 231/231/124 232/232/124
f 232/232/124 230/230/122 229/229/122
f 233/233/124 234/234/125 235/235/125
f 235/235/125 236/236/126 233/233/126
f 234/234/127 237/237/212 238/238/212
f 238/238/129 235/235/127 234/234/127
f 237/237/128 217/217/114 220/220/114
f 220/220/114 238/238/129 237/237/212
f 239/239/130 240/240/131 241/241/22
f 242/242/132 239/239/114 241/241/22
f 243/243/118 242/242/115 241/241/22
f 244/244/133 243/243/117 241/241/22
f 245/245/134 244/244/119 241/241/22
f 246/246/135 245/245/120 241/241/22
f 247/247/136 246/246/121 241/241/22
f 248/248/127 247/247/126 241/241/22
f 249/249/137 248/248/138 241/241/22
f 240/240/114 249/249/139 241/241/22
f 250/250/31 251/251/31 252/252/31
f 250/250/31 252/252/31 253/253/31
f 250/250/31 253/253/31 254/254/31
f 250/250/31 254/254/31 255/255/31
f 250/250/31 255/255/31 256/256/31
f 250/250/31 256/256/31 257/257/31
f 250/250/31 257/257/31 258/258/31
f 250/250/31 258/258/31 259/259/31
f 250/250/31 259/259/31 260/260/31
f 250/250/31 260/260/31 251/251/31
f 261/261/37 262/262/140 263/263/140
f 263/263/140 264/264/31 261/261/31
f 265/265/37 266/266/141 262/262/140
f 262/262/140 261/261/31 265/265/31
f 267/267/37 268/268/142 266/266/141
f 266/266/141 265/265/31 267/267/31
f 269/269/43 270/270/143 268/268/142
f 268/268/142 267/267/31 269/269/31
f 271/271/45 272/272/144 273/273/213
f 273/273/143 274/274/31 271/271/31
f 275/275/31 276/276/145 272/272/144
f 272/272/144 271/271/37 275/275/37
f 277/277/31 278/278/146 276/276/147
f 276/276/145 275/275/37 277/277/37
f 279/279/31 280/280/148 278/278/146
f 278/278/146 277/277/37 279/279/37
f 281/281/32 282/282/149 280/280/189
f 280/280/148 279/279/31 281/281/31
f 264/264/34 263/263/214 282/282/149
f 282/282/149 281/281/31 264/264/31
f 283/283/151 284/284/152 285/285/152
f 285/285/152 286/286/153 283/283/155
f 287/287/154 288/288/154 283/283/153
f 283/283/153 286/286/155 287/287/157
f 289/289/156 290/290/156 288/288/154
f 288/288/157 287/287/154 289/289/156
f 291/291/158 292/292/158 290/290/156
f 290/290/156 289/289/156 291/291/158
f 293/293/159 294/294/159 295/295/160
f 295/295/158 296/296/160 293/293/159
f 297/297/163 298/298/161 294/294/159
f 294/294/159 293/293/159 297/297/161
f 299/299/162 300/300/162 298/298/161
f 298/298/161 297/297/161 299/299/162
f 301/301/164 302/302/164 300/300/166
f 300/300/166 299/299/162 301/301/164
f 303/303/167 304/304/167 302/302/164
f 302/302/164 301/301/164 303/303/167
f 285/285/152 284/284/152 304/304/167
f 304/304/167 303/303/167 285/285/152
f 305/305/140 306/306/153 307/307/152
f 307/307/215 308/308/169 305/305/216
f 309/309/141 310/310/157 306/306/155
f 306/306/217 305/305/169 309/309/141
f 311/311/218 312/312/173 310/310/203
f 310/310/219 309/309/220 311/311/142
f 313/313/176 314/314/160 312/312/156
f 312/312/178 311/311/179 313/313/221
f 315/315/222 316/316/159 314/314/223
f 314/314/183 313/313/184 315/315/144
f 317/317/145 318/318/208 316/316/159
f 316/316/224 315/315/225 317/317/226
f 319/319/146 320/320/162 318/318/187
f 318/318/188 317/317/226 319/319/146
f 321/321/189 322/322/227 320/320/166
f 320/320/192 319/319/193 321/321/148
f 323/323/194 324/324/167 322/322/190
f 322/322/228 321/321/197 323/323/229
f 308/308/140 307/307/230 324/324/199
f 324/324/231 323/323/232 308/308/169
f 283/283/202 220/220/114 219/219/114
f 219/219/114 284/284/152 283/283/155
f 220/220/114 283/283/155 288/288/157
f 288/288/170 238/238/128 220/220/114
f 238/238/129 288/288/154 290/290/156
f 290/290/204 235/235/127 238/238/129
f 235/235/138 290/290/156 292/292/158
f 292/292/233 236/236/126 235/235/125
f 232/232/234 295/295/160 294/294/159
f 294/294/205 230/230/121 232/232/124
f 230/230/121 294/294/159 298/298/161
f 298/298/163 228/228/120 230/230/121
f 228/228/134 298/298/208 300/300/166
f 300/300/166 226/226/119 228/228/120
f 226/226/119 300/300/166 302/302/164
f 302/302/164 224/224/118 226/226/119
f 224/224/118 302/302/164 304/304/167
f 304/304/210 222/222/116 224/224/118
f 222/222/132 304/304/199 284/284/152
f 284/284/235 219/219/114 222/222/116
f 325/325/31 326/326/31 327/327/31
f 327/327/31 328/328/31 325/325/31
f 329/329/236 330/330/236 331/331/236
f 331/331/236 332/332/236 329/329/236
f 333/333/237 334/334/237 335/335/237
f 335/335/237 336/336/237 333/333/237
f 337/337/238 338/338/238 339/339/238
f 339/339/238 340/340/238 337/337/238
f 341/341/22 342/342/22 343/343/22
f 343/343/22 344/344/22 341/341/22
f 345/345/239 346/346/239 347/347/22
f 347/347/22 348/348/22 345/345/239
f 328/328/31 349/349/240 350/350/241
f 350/350/242 325/325/31 328/328/31
f 351/351/22 352/352/22 353/353/243
f 353/353/243 354/354/243 351/351/22
f 355/355/239 356/356/239 357/357/239
f 357/357/239 358/358/239 355/355/239
f 342/342/22 333/333/244 336/336/237
f 336/336/237 343/343/22 342/342/22
f 359/359/243 360/360/243 361/361/243
f 361/361/243 362/362/243 359/359/243
f 349/349/245 363/363/246 364/364/247
f 364/364/247 350/350/242 349/349/245
f 348/348/248 329/329/236 332/332/236
f 332/332/249 345/345/239 348/348/248
f 365/365/250 366/366/236 367/367/251
f 367/367/236 341/341/22 365/365/250
f 326/326/37 325/325/37 368/368/37
f 368/368/37 369/369/37 326/326/37
f 370/370/252 344/344/22 371/371/253
f 371/371/253 372/372/238 370/370/252
f 354/354/243 338/338/238 337/337/254
f 337/337/238 351/351/22 354/354/255
f 327/327/31 373/373/31 374/374/31
f 374/374/31 328/328/31 327/327/31
f 375/375/239 355/355/239 358/358/256
f 358/358/239 376/376/248 375/375/256
f 377/377/247 378/378/257 379/379/257
f 379/379/258 380/380/242 377/377/247
f 381/381/244 357/357/256 356/356/256
f 356/356/239 382/382/237 381/381/237
f 376/376/22 358/358/239 357/357/256
f 357/357/256 381/381/244 376/376/22
f 383/383/255 384/384/22 360/360/243
f 360/360/255 359/359/243 383/383/243
f 385/385/244 361/361/243 360/360/259
f 360/360/243 384/384/22 385/385/244
f 385/385/244 386/386/244 362/362/243
f 362/362/243 361/361/260 385/385/244
f 387/387/246 388/388/245 389/389/261
f 389/389/262 390/390/262 387/387/263
f 391/391/236 392/392/236 393/393/31
f 393/393/31 394/394/31 391/391/236
f 395/395/141 391/391/236 394/394/37
f 394/394/37 396/396/31 395/395/141
f 395/395/141 396/396/31 397/397/264
f 397/397/241 398/398/239 395/395/141
f 399/399/239 380/380/242 379/379/265
f 379/379/258 400/400/266 399/399/239
f 400/400/266 379/379/267 378/378/258
f 378/378/258 401/401/239 400/400/268
f 402/402/269 401/401/239 378/378/258
f 378/378/257 377/377/247 402/402/270
f 403/403/269 364/364/247 363/363/263
f 363/363/246 404/404/271 403/403/269
f 405/405/271 387/387/263 390/390/261
f 390/390/262 406/406/272 405/405/271
f 407/407/243 406/406/273 390/390/262
f 390/390/262 389/389/274 407/407/243
f 408/408/275 407/407/255 389/389/262
f 389/389/274 388/388/245 408/408/275
f 409/409/243 410/410/275 411/411/240
f 411/411/276 412/412/31 409/409/243
f 409/409/255 412/412/37 413/413/31
f 413/413/31 414/414/141 409/409/243
f 414/414/277 413/413/31 415/415/31
f 415/415/31 416/416/238 414/414/278
f 332/332/236 331/331/236 392/392/236
f 392/392/236 391/391/236 332/332/236
f 345/345/256 332/332/236 391/391/279
f 391/391/280 395/395/141 345/345/239
f 345/345/239 395/395/141 398/398/239
f 398/398/239 346/346/239 345/345/239
f 375/375/239 399/399/239 400/400/266
f 400/400/266 355/355/256 375/375/256
f 355/355/239 400/400/266 401/401/239
f 401/401/239 356/356/239 355/355/239
f 402/402/269 382/382/244 356/356/256
f 356/356/256 401/401/239 402/402/281
f 334/334/282 403/403/269 404/404/271
f 404/404/283 335/335/237 334/334/244
f 362/362/243 386/386/237 405/405/271
f 405/405/284 406/406/272 362/362/243
f 359/359/243 362/362/243 406/406/272
f 406/406/272 407/407/243 359/359/243
f 383/383/243 359/359/243 407/407/243
f 407/407/243 408/408/275 383/383/243
f 354/354/243 353/353/243 410/410/275
f 410/410/275 409/409/243 354/354/243
f 354/354/255 409/409/243 414/414/141
f 414/414/141 338/338/285 354/354/243
f 338/338/238 414/414/141 416/416/238
f 416/416/238 339/339/238 338/338/238
f 341/341/22 344/344/22 370/370/252
f 370/370/252 365/365/252 341/341/22
f 417/417/140 418/418/140 419/419/286
f 419/419/286 420/420/287 417/417/140
f 421/421/288 422/422/289 418/418/140
f 418/418/140 417/417/140 421/421/289
f 423/423/290 424/424/290 422/422/288
f 422/422/289 421/421/288 423/423/290
f 425/425/239 426/426/239 424/424/291
f 424/424/290 423/423/290 425/425/239
f 427/427/149 428/428/149 426/426/239
f 426/426/239 425/425/239 427/427/194
f 429/429/292 430/430/293 428/428/149
f 428/428/149 427/427/149 429/429/293
f 431/431/148 432/432/148 430/430/292
f 430/430/293 429/429/292 431/431/148
f 433/433/294 434/434/294 432/432/148
f 432/432/148 431/431/148 433/433/294
f 435/435/146 436/436/146 434/434/294
f 434/434/294 433/433/294 435/435/146
f 437/437/295 438/438/295 436/436/146
f 436/436/146 435/435/146 437/437/295
f 439/439/145 440/440/147 438/438/295
f 438/438/295 437/437/295 439/439/145
f 441/441/296 442/442/297 440/440/145
f 440/440/145 439/439/145 441/441/297
f 443/443/144 444/444/298 442/442/296
f 442/442/297 441/441/296 443/443/144
f 445/445/243 446/446/243 444/444/299
f 444/444/299 443/443/144 445/445/243
f 447/447/143 448/448/143 449/449/243
f 449/449/243 450/450/243 447/447/143
f 451/451/300 452/452/301 448/448/143
f 448/448/143 447/447/143 451/451/301
f 453/453/142 454/454/142 452/452/301
f 452/452/301 451/451/300 453/453/142
f 455/455/302 456/456/303 454/454/142
f 454/454/142 453/453/142 455/455/302
f 457/457/141 458/458/304 456/456/302
f 456/456/302 455/455/302 457/457/141
f 420/420/286 419/419/286 458/458/305
f 458/458/304 457/457/141 420/420/286
f 459/459/140 460/460/286 461/461/22
f 462/462/289 459/459/140 461/461/22
f 463/463/290 462/462/288 461/461/22
f 464/464/239 463/463/290 461/461/22
f 465/465/149 464/464/239 461/461/22
f 466/466/292 465/465/149 461/461/22
f 467/467/148 466/466/293 461/461/22
f 468/468/294 467/467/148 461/461/22
f 469/469/146 468/468/294 461/461/22
f 470/470/295 469/469/146 461/461/22
f 471/471/145 470/470/295 461/461/22
f 472/472/296 471/471/145 461/461/22
f 473/473/144 472/472/296 461/461/22
f 474/474/243 473/473/144 461/461/22
f 475/475/143 474/474/243 461/461/22
f 476/476/300 475/475/143 461/461/22
f 477/477/142 476/476/300 461/461/22
f 478/478/302 477/477/142 461/461/22
f 479/479/141 478/478/302 461/461/22
f 460/460/286 479/479/141 461/461/22
f 480/480/31 481/481/31 482/482/31
f 481/481/37 483/483/37 482/482/37
f 483/483/31 484/484/31 482/482/31
f 484/484/31 485/485/31 482/482/31
f 485/485/31 486/486/31 482/482/31
f 486/486/31 487/487/31 482/482/31
f 487/487/37 488/488/37 482/482/37
f 488/488/31 489/489/31 482/482/31
f 489/489/31 490/490/31 482/482/31
f 490/490/31 491/491/31 482/482/31
f 491/491/31 492/492/31 482/482/31
f 492/492/37 493/493/37 482/482/37
f 493/493/31 494/494/31 482/482/31
f 494/494/31 495/495/31 482/482/31
f 495/495/31 496/496/31 482/482/31
f 496/496/31 497/497/31 482/482/31
f 497/497/37 498/498/37 482/482/37
f 498/498/31 499/499/31 482/482/31
f 499/499/31 500/500/31 482/482/31
f 500/500/31 480/480/31 482/482/31
f 501/501/140 502/502/140 503/503/286
f 503/503/286 504/504/286 501/501/140
f 504/504/286 503/503/286 505/505/141
f 505/505/141 506/506/304 504/504/286
f 506/506/304 505/505/277 507/507/302
f 507/507/302 508/508/302 506/506/304
f 508/508/302 507/507/302 509/509/142
f 509/509/142 510/510/142 508/508/302
f 510/510/142 509/509/142 511/511/300
f 511/511/300 512/512/300 510/510/142
f 512/512/300 511/511/301 513/513/143
f 513/513/143 514/514/143 512/512/301
f 514/514/143 513/513/143 515/515/243
f 515/515/243 516/516/243 514/514/143
f 517/517/243 518/518/243 519/519/144
f 519/519/144 520/520/299 517/517/243
f 520/520/299 519/519/144 521/521/296
f 521/521/296 522/522/296 520/520/299
f 522/522/296 521/521/297 523/523/145
f 523/523/145 524/524/145 522/522/297
f 524/524/145 523/523/145 525/525/295
f 525/525/295 526/526/295 524/524/145
f 526/526/295 525/525/306 527/527/146
f 527/527/146 528/528/146 526/526/295
f 528/528/146 527/527/146 529/529/294
f 529/529/294 530/530/307 528/528/146
f 530/530/294 529/529/294 531/531/148
f 531/531/148 532/532/148 530/530/294
f 532/532/148 531/531/148 533/533/292
f 533/533/293 534/534/292 532/532/148
f 534/534/293 533/533/293 535/535/149
f 535/535/149 536/536/149 534/534/293
f 536/536/149 535/535/149 537/537/239
f 537/537/239 538/538/239 536/536/149
f 538/538/239 537/537/239 539/539/290
f 539/539/290 540/540/290 538/538/239
f 540/540/290 539/539/290 541/541/288
f 541/541/289 542/542/288 540/540/290
f 542/542/289 541/541/289 502/502/140
f 502/502/140 501/501/140 542/542/289
f 543/543/304 544/544/304 545/545/302
f 545/545/302 546/546/302 543/543/304
f 546/546/302 545/545/302 547/547/142
f 547/547/142 548/548/142 546/546/302
f 548/548/142 547/547/142 549/549/300
f 549/549/300 550/550/300 548/548/142
f 550/550/301 549/549/301 551/551/143
f 551/551/143 552/552/143 550/550/300
f 552/552/143 551/551/143 553/553/243
f 553/553/243 554/554/243 552/552/143
f 555/555/243 556/556/243 557/557/299
f 557/557/299 558/558/299 555/555/243
f 559/559/286 560/560/22 561/561/22
f 561/561/22 562/562/140 559/559/286
f 563/563/304 564/564/22 560/560/22
f 560/560/22 559/559/286 563/563/308
f 565/565/296 566/566/22 567/567/22
f 567/567/22 568/568/299 565/565/309
f 569/569/145 570/570/22 566/566/22
f 566/566/22 565/565/296 569/569/145
f 571/571/295 572/572/22 570/570/22
f 570/570/22 569/569/145 571/571/295
f 573/573/146 574/574/22 572/572/22
f 572/572/22 571/571/295 573/573/146
f 575/575/294 576/576/22 574/574/22
f 574/574/22 573/573/146 575/575/294
f 577/577/148 578/578/22 576/576/22
f 576/576/22 575/575/294 577/577/148
f 579/579/292 580/580/22 578/578/22
f 578/578/22 577/577/148 579/579/292
f 581/581/149 582/582/22 580/580/22
f 580/580/22 579/579/292 581/581/149
f 583/583/239 584/584/22 582/582/22
f 582/582/22 581/581/149 583/583/239
f 585/585/290 586/586/22 584/584/22
f 584/584/22 583/583/239 585/585/290
f 587/587/288 588/588/22 586/586/22
f 586/586/22 585/585/290 587/587/289
f 562/562/140 561/561/22 588/588/22
f 588/588/22 587/587/288 562/562/140
f 589/589/140 590/590/31 591/591/31
f 591/591/45 592/592/286 589/589/140
f 593/593/308 594/594/239 564/564/22
f 564/564/310 595/595/308 593/593/311
f 592/592/312 591/591/45 594/594/239
f 594/594/313 596/596/304 592/592/286
f 597/597/299 598/598/22 599/599/294
f 599/599/294 600/600/298 597/597/298
f 601/601/314 602/602/294 603/603/37
f 603/603/37 604/604/297 601/601/298
f 604/604/297 603/603/43 605/605/43
f 605/605/31 606/606/145 604/604/296
f 606/606/145 605/605/31 607/607/31
f 607/607/45 608/608/295 606/606/147
f 608/608/295 607/607/45 609/609/45
f 609/609/31 610/610/146 608/608/295
f 610/610/146 609/609/31 611/611/31
f 611/611/34 612/612/294 610/610/146
f 612/612/307 611/611/34 613/613/34
f 613/613/31 614/614/148 612/612/294
f 614/614/148 613/613/31 615/615/31
f 615/615/37 616/616/292 614/614/148
f 616/616/292 615/615/37 617/617/37
f 617/617/37 618/618/149 616/616/293
f 618/618/149 617/617/37 619/619/37
f 619/619/315 620/620/239 618/618/149
f 620/620/239 619/619/316 621/621/316
f 621/621/43 622/622/290 620/620/239
f 622/622/290 621/621/37 623/623/37
f 623/623/37 624/624/288 622/622/290
f 624/624/288 623/623/43 590/590/43
f 590/590/31 589/589/140 624/624/288
f 625/625/317 564/564/22 594/594/239
f 594/594/239 626/626/317 625/625/317
f 627/627/148 625/625/317 626/626/318
f 626/626/317 628/628/148 627/627/148
f 629/629/293 627/627/148 628/628/148
f 628/628/148 630/630/293 629/629/292
f 631/631/149 629/629/293 630/630/293
f 630/630/293 632/632/149 631/631/149
f 633/633/319 631/631/149 632/632/149
f 632/632/149 634/634/319 633/633/319
f 567/567/320 633/633/319 634/634/319
f 634/634/319 602/602/294 567/567/22
f 561/561/22 560/560/22 635/635/22
f 560/560/22 564/564/22 635/635/22
f 567/567/22 566/566/22 635/635/22
f 566/566/22 570/570/22 635/635/22
f 570/570/22 572/572/22 635/635/22
f 572/572/22 574/574/22 635/635/22
f 574/574/22 576/576/22 635/635/22
f 576/576/22 578/578/22 635/635/22
f 578/578/22 580/580/22 635/635/22
f 580/580/22 582/582/22 635/635/22
f 582/582/22 584/584/22 635/635/22
f 584/584/22 586/586/22 635/635/22
f 586/586/22 588/588/22 635/635/22
f 588/588/22 561/561/22 635/635/22
f 564/564/22 625/625/321 635/635/22
f 625/625/317 627/627/322 635/635/22
f 627/627/148 629/629/323 635/635/22
f 629/629/324 631/631/325 635/635/22
f 631/631/149 633/633/326 635/635/22
f 633/633/319 567/567/22 635/635/22
f 591/591/31 590/590/31 636/636/31
f 594/594/313 591/591/31 636/636/31
f 603/603/31 602/602/327 636/636/31
f 605/605/31 603/603/31 636/636/31
f 607/607/31 605/605/31 636/636/31
f 609/609/31 607/607/31 636/636/31
f 611/611/31 609/609/31 636/636/31
f 613/613/31 611/611/31 636/636/31
f 615/615/31 613/613/31 636/636/31
f 617/617/31 615/615/31 636/636/31
f 619/619/31 617/617/31 636/636/31
f 621/621/31 619/619/31 636/636/31
f 623/623/31 621/621/31 636/636/31
f 590/590/31 623/623/31 636/636/31
f 626/626/317 594/594/239 636/636/31
f 628/628/148 626/626/321 636/636/31
f 630/630/292 628/628/322 636/636/31
f 632/632/328 630/630/329 636/636/31
f 634/634/319 632/632/325 636/636/31
f 602/602/294 634/634/326 636/636/31
f 637/637/330 638/638/331 639/639/332
f 639/639/333 640/640/334 637/637/330
f 640/640/335 639/639/333 641/641/336
f 641/641/336 642/642/337 640/640/335
f 642/642/338 641/641/336 643/643/339
f 643/643/340 644/644/341 642/642/337
f 644/644/342 643/643/340 645/645/343
f 645/645/343 646/646/344 644/644/341
f 646/646/345 645/645/343 647/647/346
f 647/647/346 648/648/347 646/646/345
f 648/648/347 647/647/348 649/649/349
f 649/649/350 650/650/351 648/648/347
f 650/650/352 649/649/349 651/651/353
f 651/651/353 652/652/354 650/650/352
f 653/653/354 654/654/355 655/655/356
f 655/655/356 656/656/357 653/653/354
f 656/656/357 655/655/356 657/657/358
f 657/657/358 658/658/359 656/656/357
f 658/658/359 657/657/358 659/659/360
f 659/659/360 660/660/361 658/658/359
f 660/660/362 659/659/360 661/661/363
f 661/661/363 662/662/364 660/660/362
f 662/662/364 661/661/363 663/663/365
f 663/663/365 664/664/366 662/662/364
f 664/664/366 663/663/365 665/665/367
f 665/665/368 666/666/369 664/664/366
f 666/666/369 665/665/368 667/667/370
f 667/667/370 668/668/371 666/666/369
f 668/668/371 667/667/372 669/669/373
f 669/669/373 670/670/374 668/668/371
f 670/670/374 669/669/373 671/671/375
f 671/671/375 672/672/376 670/670/374
f 672/672/376 671/671/375 673/673/377
f 673/673/377 674/674/378 672/672/379
f 674/674/378 673/673/377 675/675/380
f 675/675/380 676/676/381 674/674/378
f 676/676/381 675/675/380 677/677/382
f 677/677/383 678/678/384 676/676/385
f 637/637/330 678/678/384 677/677/382
f 677/677/382 638/638/331 637/637/330
f 679/679/386 680/680/386 681/681/387
f 681/681/387 682/682/387 679/679/386
f 682/682/387 681/681/387 683/683/388
f 683/683/388 684/684/388 682/682/387
f 684/684/388 683/683/388 685/685/389
f 685/685/390 686/686/390 684/684/388
f 686/686/389 685/685/389 687/687/391
f 687/687/391 688/688/391 686/686/392
f 688/688/391 687/687/393 689/689/394
f 689/689/395 690/690/395 688/688/391
f 690/690/394 689/689/394 691/691/396
f 691/691/396 692/692/396 690/690/394
f 692/692/396 691/691/396 693/693/397
f 693/693/397 694/694/397 692/692/396
f 695/695/397 696/696/397 697/697/398
f 697/697/398 698/698/398 695/695/397
f 698/698/399 697/697/399 699/699/400
f 699/699/400 700/700/400 698/698/398
f 700/700/401 699/699/401 701/701/402
f 701/701/402 702/702/402 700/700/403
f 702/702/404 701/701/402 703/703/405
f 703/703/406 704/704/406 702/702/402
f 704/704/405 703/703/405 705/705/407
f 705/705/407 706/706/407 704/704/406
f 706/706/407 705/705/407 707/707/408
f 707/707/408 708/708/408 706/706/407
f 708/708/408 707/707/408 709/709/409
f 709/709/409 710/710/409 708/708/408
f 710/710/409 709/709/409 711/711/410
f 711/711/410 712/712/410 710/710/409
f 712/712/411 711/711/410 713/713/412
f 713/713/412 714/714/412 712/712/411
f 714/714/412 713/713/412 715/715/413
f 715/715/413 716/716/413 714/714/412
f 716/716/413 715/715/413 717/717/414
f 717/717/414 718/718/414 716/716/413
f 718/718/414 717/717/414 719/719/415
f 719/719/415 720/720/415 718/718/414
f 720/720/416 719/719/416 680/680/386
f 680/680/386 679/679/386 720/720/416
f 721/721/417 679/679/418 682/682/387
f 682/682/419 722/722/332 721/721/420
f 723/723/421 724/724/422 725/725/423
f 725/725/424 726/726/425 723/723/421
f 722/722/426 682/682/387 684/684/388
f 684/684/427 727/727/336 722/722/333
f 728/728/428 729/729/429 724/724/419
f 724/724/430 723/723/431 728/728/428
f 727/727/432 684/684/433 686/686/389
f 686/686/434 730/730/340 727/727/336
f 731/731/435 732/732/390 729/729/427
f 729/729/436 728/728/428 731/731/435
f 730/730/437 686/686/392 688/688/393
f 688/688/438 733/733/343 730/730/340
f 734/734/439 735/735/438 732/732/392
f 732/732/389 731/731/435 734/734/439
f 733/733/440 688/688/391 690/690/394
f 690/690/394 736/736/346 733/733/343
f 737/737/441 738/738/395 735/735/442
f 735/735/443 734/734/439 737/737/441
f 736/736/444 690/690/394 692/692/396
f 692/692/445 739/739/349 736/736/346
f 740/740/446 741/741/447 738/738/394
f 738/738/395 737/737/441 740/740/446
f 739/739/448 692/692/396 694/694/397
f 694/694/449 742/742/353 739/739/350
f 743/743/450 744/744/397 741/741/451
f 741/741/452 740/740/446 743/743/450
f 745/745/453 695/695/397 698/698/454
f 698/698/455 746/746/356 745/745/355
f 747/747/456 748/748/457 744/744/458
f 744/744/449 743/743/450 747/747/456
f 746/746/459 698/698/399 700/700/403
f 700/700/460 749/749/358 746/746/356
f 750/750/461 751/751/400 748/748/462
f 748/748/463 747/747/456 750/750/464
f 749/749/465 700/700/403 702/702/466
f 702/702/404 752/752/360 749/749/467
f 753/753/468 754/754/404 751/751/469
f 751/751/470 750/750/461 753/753/468
f 752/752/471 702/702/472 704/704/406
f 704/704/473 755/755/474 752/752/360
f 756/756/475 757/757/405 754/754/402
f 754/754/472 753/753/468 756/756/475
f 755/755/476 704/704/406 706/706/407
f 706/706/477 758/758/365 755/755/363
f 759/759/478 760/760/479 757/757/480
f 757/757/405 756/756/475 759/759/481
f 758/758/482 706/706/407 708/708/408
f 708/708/483 761/761/368 758/758/365
f 762/762/484 763/763/485 760/760/486
f 760/760/479 759/759/481 762/762/484
f 761/761/487 708/708/408 710/710/409
f 710/710/488 764/764/372 761/761/367
f 765/765/489 766/766/490 763/763/483
f 763/763/491 762/762/492 765/765/489
f 764/764/493 710/710/488 712/712/411
f 712/712/410 767/767/373 764/764/494
f 768/768/495 769/769/410 766/766/488
f 766/766/496 765/765/489 768/768/495
f 767/767/497 712/712/411 714/714/412
f 714/714/498 770/770/499 767/767/373
f 771/771/500 772/772/501 769/769/410
f 769/769/502 768/768/495 771/771/503
f 770/770/504 714/714/412 716/716/413
f 716/716/505 773/773/377 770/770/506
f 774/774/507 775/775/413 772/772/508
f 772/772/508 771/771/500 774/774/507
f 773/773/509 716/716/413 718/718/414
f 718/718/510 776/776/511 773/773/377
f 777/777/512 778/778/513 775/775/514
f 775/775/505 774/774/507 777/777/515
f 776/776/516 718/718/517 720/720/518
f 720/720/518 779/779/382 776/776/380
f 780/780/519 781/781/415 778/778/517
f 778/778/520 777/777/515 780/780/519
f 779/779/521 720/720/518 679/679/418
f 679/679/522 721/721/523 779/779/383
f 726/726/425 725/725/386 781/781/416
f 781/781/524 780/780/519 726/726/525
f 503/503/286 782/782/526 783/783/527
f 783/783/527 505/505/141 503/503/286
f 505/505/141 783/783/527 784/784/528
f 784/784/528 507/507/302 505/505/141
f 507/507/529 784/784/528 785/785/530
f 785/785/530 509/509/531 507/507/302
f 509/509/142 785/785/530 786/786/532
f 786/786/532 511/511/300 509/509/142
f 511/511/300 786/786/532 787/787/533
f 787/787/533 513/513/184 511/511/300
f 513/513/143 787/787/533 788/788/534
f 788/788/534 515/515/243 513/513/143
f 518/518/243 789/789/534 790/790/535
f 790/790/535 519/519/144 518/518/243
f 519/519/536 790/790/535 791/791/537
f 791/791/537 521/521/538 519/519/144
f 521/521/296 791/791/537 792/792/539
f 792/792/539 523/523/145 521/521/296
f 523/523/145 792/792/539 793/793/540
f 793/793/540 525/525/541 523/523/145
f 525/525/295 793/793/542 794/794/543
f 794/794/543 527/527/146 525/525/295
f 527/527/146 794/794/543 795/795/544
f 795/795/544 529/529/294 527/527/146
f 529/529/545 795/795/544 796/796/546
f 796/796/546 531/531/547 529/529/294
f 531/531/148 796/796/546 797/797/548
f 797/797/548 533/533/292 531/531/148
f 533/533/292 797/797/548 798/798/549
f 798/798/549 535/535/201 533/533/293
f 535/535/149 798/798/549 799/799/550
f 799/799/550 537/537/239 535/535/149
f 537/537/239 799/799/550 800/800/551
f 800/800/551 539/539/290 537/537/239
f 539/539/552 800/800/551 801/801/553
f 801/801/553 541/541/554 539/539/290
f 541/541/288 801/801/553 802/802/555
f 802/802/555 502/502/140 541/541/288
f 502/502/140 802/802/555 782/782/526
f 782/782/526 503/503/312 502/502/140
f 803/803/556 640/640/335 642/642/557
f 642/642/557 804/804/558 803/803/526
f 804/804/559 642/642/560 644/644/341
f 644/644/341 805/805/561 804/804/527
f 805/805/562 644/644/342 646/646/345
f 646/646/345 806/806/530 805/805/528
f 806/806/563 646/646/345 648/648/347
f 648/648/347 807/807/532 806/806/530
f 807/807/564 648/648/347 650/650/565
f 650/650/351 808/808/566 807/807/564
f 808/808/567 650/650/568 652/652/354
f 652/652/354 809/809/569 808/808/566
f 810/810/569 653/653/354 656/656/570
f 656/656/571 811/811/572 810/810/534
f 811/811/573 656/656/570 658/658/359
f 658/658/359 812/812/574 811/811/573
f 812/812/537 658/658/359 660/660/362
f 660/660/361 813/813/575 812/812/537
f 813/813/539 660/660/362 662/662/576
f 662/662/576 814/814/542 813/813/539
f 814/814/542 662/662/364 664/664/577
f 664/664/577 815/815/578 814/814/542
f 815/815/579 664/664/580 666/666/369
f 666/666/369 816/816/581 815/815/543
f 816/816/582 666/666/583 668/668/371
f 668/668/371 817/817/584 816/816/544
f 817/817/546 668/668/371 670/670/374
f 670/670/374 818/818/585 817/817/546
f 818/818/586 670/670/374 672/672/587
f 672/672/587 819/819/588 818/818/589
f 819/819/588 672/672/590 674/674/378
f 674/674/378 820/820/550 819/819/549
f 820/820/591 674/674/378 676/676/592
f 676/676/592 821/821/551 820/820/550
f 821/821/551 676/676/593 678/678/384
f 678/678/384 822/822/594 821/821/551
f 822/822/595 678/678/384 637/637/330
f 637/637/596 823/823/555 822/822/595
f 823/823/597 637/637/330 640/640/334
f 640/640/334 803/803/556 823/823/555
f 726/726/425 481/481/31 480/480/31
f 480/480/31 723/723/598 726/726/525
f 780/780/519 483/483/31 481/481/31
f 481/481/31 726/726/425 780/780/519
f 777/777/512 484/484/31 483/483/31
f 483/483/31 780/780/519 777/777/599
f 774/774/600 485/485/31 484/484/31
f 484/484/37 777/777/512 774/774/601
f 771/771/503 486/486/31 485/485/31
f 485/485/31 774/774/507 771/771/602
f 768/768/495 487/487/31 486/486/37
f 486/486/31 771/771/500 768/768/495
f 765/765/603 488/488/31 487/487/43
f 487/487/31 768/768/495 765/765/489
f 762/762/492 489/489/31 488/488/37
f 488/488/31 765/765/604 762/762/492
f 759/759/478 490/490/31 489/489/37
f 489/489/31 762/762/484 759/759/481
f 756/756/605 491/491/31 490/490/37
f 490/490/31 759/759/478 756/756/475
f 753/753/468 492/492/31 491/491/31
f 491/491/31 756/756/475 753/753/606
f 750/750/607 493/493/31 492/492/37
f 492/492/31 753/753/468 750/750/607
f 747/747/456 494/494/31 493/493/37
f 493/493/31 750/750/607 747/747/456
f 743/743/450 495/495/31 494/494/31
f 494/494/31 747/747/456 743/743/608
f 740/740/446 496/496/31 495/495/31
f 495/495/31 743/743/450 740/740/609
f 737/737/610 497/497/31 496/496/31
f 496/496/31 740/740/446 737/737/610
f 734/734/439 498/498/31 497/497/31
f 497/497/31 737/737/610 734/734/439
f 731/731/435 499/499/31 498/498/31
f 498/498/31 734/734/611 731/731/612
f 728/728/428 500/500/31 499/499/31
f 499/499/31 731/731/435 728/728/613
f 723/723/431 480/480/31 500/500/31
f 500/500/31 728/728/428 723/723/431
f 824/824/614 825/825/614 826/826/615
f 826/826/615 827/827/615 824/824/614
f 827/827/615 826/826/615 828/828/616
f 828/828/616 829/829/616 827/827/615
f 829/829/616 828/828/617 830/830/618
f 830/830/618 831/831/618 829/829/616
f 831/831/619 830/830/619 832/832/620
f 832/832/620 833/833/620 831/831/619
f 833/833/621 832/832/621 834/834/622
f 834/834/622 835/835/622 833/833/621
f 835/835/623 834/834/623 836/836/624
f 836/836/624 837/837/624 835/835/623
f 838/838/625 839/839/626 840/840/626
f 840/840/626 841/841/627 838/838/628
f 842/842/624 843/843/629 844/844/629
f 844/844/629 845/845/624 842/842/630
f 846/846/631 840/840/626 839/839/626
f 839/839/626 847/847/631 846/846/631
f 848/848/632 846/846/631 847/847/631
f 847/847/631 849/849/632 848/848/632
f 850/850/633 848/848/632 849/849/632
f 849/849/632 851/851/633 850/850/633
f 852/852/634 850/850/635 851/851/635
f 851/851/635 853/853/634 852/852/634
f 854/854/636 852/852/637 853/853/637
f 853/853/637 855/855/636 854/854/636
f 843/843/638 854/854/636 855/855/636
f 855/855/636 844/844/638 843/843/629
f 856/856/31 857/857/31 858/858/31
f 858/858/31 859/859/31 856/856/31
f 860/860/639 861/861/639 862/862/639
f 862/862/639 863/863/639 860/860/639
f 861/861/640 864/864/243 865/865/243
f 865/865/243 862/862/641 861/861/641
f 866/866/642 867/867/641 868/868/643
f 868/868/643 869/869/243 866/866/639
f 870/870/639 871/871/243 872/872/644
f 872/872/644 873/873/641 870/870/642
f 874/874/645 875/875/645 876/876/645
f 876/876/645 877/877/645 874/874/645
f 878/878/646 879/879/646 880/880/646
f 880/880/646 881/881/646 878/878/646
f 882/882/647 883/883/647 884/884/647
f 884/884/647 885/885/647 882/882/647
f 864/864/255 886/886/648 887/887/648
f 887/887/648 865/865/255 864/864/255
f 888/888/141 889/889/141 890/890/22
f 890/890/248 891/891/243 888/888/141
f 859/859/315 892/892/649 893/893/650
f 893/893/650 856/856/315 859/859/315
f 894/894/651 895/895/22 896/896/146
f 896/896/146 897/897/146 894/894/255
f 898/898/141 899/899/141 900/900/141
f 900/900/141 901/901/141 898/898/141
f 886/886/22 878/878/652 881/881/652
f 881/881/653 887/887/22 886/886/22
f 902/902/146 903/903/146 904/904/146
f 904/904/146 905/905/146 902/902/146
f 892/892/649 906/906/654 907/907/655
f 907/907/655 893/893/650 892/892/649
f 891/891/243 874/874/645 877/877/656
f 877/877/657 888/888/141 891/891/243
f 868/868/643 908/908/645 909/909/658
f 909/909/658 869/869/659 868/868/643
f 857/857/31 856/856/31 910/910/31
f 910/910/31 911/911/31 857/857/31
f 912/912/644 913/913/260 914/914/660
f 914/914/660 915/915/647 912/912/644
f 897/897/146 883/883/661 882/882/647
f 882/882/662 894/894/243 897/897/663
f 858/858/31 916/916/31 917/917/31
f 917/917/31 859/859/31 858/858/31
f 918/918/141 898/898/141 901/901/141
f 901/901/277 919/919/22 918/918/141
f 920/920/655 921/921/664 922/922/664
f 922/922/665 923/923/650 920/920/655
f 924/924/646 900/900/666 899/899/141
f 899/899/141 925/925/646 924/924/652
f 919/919/248 901/901/141 900/900/141
f 900/900/141 924/924/646 919/919/22
f 926/926/146 927/927/22 903/903/667
f 903/903/146 902/902/146 926/926/146
f 928/928/646 904/904/146 903/903/668
f 903/903/146 927/927/22 928/928/669
f 928/928/652 929/929/646 905/905/146
f 905/905/146 904/904/193 928/928/646
f 930/930/670 931/931/649 932/932/671
f 932/932/672 933/933/672 930/930/670
f 934/934/645 935/935/645 936/936/37
f 936/936/31 937/937/37 934/934/645
f 938/938/255 934/934/645 937/937/31
f 937/937/31 939/939/31 938/938/255
f 938/938/243 939/939/37 940/940/673
f 940/940/650 941/941/141 938/938/243
f 942/942/141 923/923/673 922/922/674
f 922/922/674 943/943/675 942/942/141
f 943/943/675 922/922/674 921/921/676
f 921/921/676 944/944/141 943/943/675
f 945/945/677 944/944/141 921/921/678
f 921/921/678 920/920/655 945/945/679
f 946/946/680 907/907/655 906/906/670
f 906/906/670 947/947/681 946/946/680
f 948/948/682 930/930/670 933/933/683
f 933/933/683 949/949/684 948/948/685
f 950/950/146 949/949/686 933/933/687
f 933/933/687 932/932/688 950/950/146
f 951/951/689 950/950/667 932/932/688
f 932/932/688 931/931/690 951/951/691
f 952/952/146 953/953/689 954/954/649
f 954/954/690 955/955/37 952/952/146
f 952/952/667 955/955/31 956/956/31
f 956/956/31 957/957/255 952/952/146
f 957/957/243 956/956/37 958/958/31
f 958/958/37 959/959/647 957/957/255
f 877/877/645 876/876/645 935/935/645
f 935/935/645 934/934/645 877/877/645
f 888/888/141 877/877/645 934/934/656
f 934/934/645 938/938/243 888/888/278
f 888/888/141 938/938/651 941/941/141
f 941/941/141 889/889/141 888/888/141
f 918/918/141 942/942/141 943/943/675
f 943/943/675 898/898/141 918/918/141
f 898/898/141 943/943/675 944/944/141
f 944/944/141 899/899/141 898/898/141
f 945/945/680 925/925/692 899/899/141
f 899/899/277 944/944/141 945/945/680
f 879/879/693 946/946/680 947/947/682
f 947/947/694 880/880/646 879/879/646
f 905/905/146 929/929/692 948/948/682
f 948/948/682 949/949/695 905/905/667
f 902/902/146 905/905/146 949/949/695
f 949/949/695 950/950/146 902/902/146
f 926/926/146 902/902/146 950/950/146
f 950/950/146 951/951/689 926/926/146
f 897/897/146 896/896/146 953/953/689
f 953/953/691 952/952/146 897/897/146
f 897/897/663 952/952/146 957/957/243
f 957/957/243 883/883/662 897/897/146
f 883/883/647 957/957/243 959/959/647
f 959/959/647 884/884/647 883/883/647
f 960/960/696 961/961/697 962/962/698
f 962/962/699 963/963/700 960/960/696
f 964/964/701 965/965/702 962/962/703
f 962/962/698 961/961/704 964/964/701
f 966/966/705 967/967/706 965/965/707
f 965/965/708 964/964/701 966/966/705
f 968/968/709 969/969/710 967/967/706
f 967/967/711 966/966/705 968/968/712
f 970/970/713 971/971/714 969/969/710
f 969/969/710 968/968/709 970/970/713
f 970/970/713 972/972/715 973/973/716
f 973/973/716 971/971/717 970/970/718
f 972/972/715 974/974/719 975/975/720
f 975/975/721 973/973/716 972/972/715
f 974/974/722 960/960/723 963/963/700
f 963/963/700 976/976/721 974/974/724
f 977/977/725 978/978/726 963/963/700
f 963/963/700 962/962/698 977/977/725
f 965/965/707 979/979/727 977/977/728
f 977/977/725 962/962/698 965/965/707
f 967/967/706 980/980/729 979/979/727
f 979/979/727 965/965/707 967/967/706
f 969/969/730 981/981/731 980/980/729
f 980/980/729 967/967/706 969/969/710
f 971/971/714 982/982/732 981/981/733
f 981/981/731 969/969/734 971/971/714
f 983/983/735 982/982/732 971/971/736
f 971/971/714 973/973/716 983/983/737
f 984/984/738 983/983/737 973/973/739
f 973/973/739 975/975/720 984/984/740
f 978/978/726 985/985/740 976/976/721
f 976/976/741 963/963/742 978/978/726
f 986/986/743 987/987/744 978/978/726
f 978/978/726 977/977/725 986/986/743
f 979/979/745 988/988/746 986/986/747
f 986/986/747 977/977/728 979/979/727
f 980/980/748 989/989/749 988/988/746
f 988/988/746 979/979/727 980/980/729
f 981/981/750 990/990/751 989/989/752
f 989/989/753 980/980/754 981/981/731
f 982/982/732 991/991/755 990/990/751
f 990/990/751 981/981/731 982/982/732
f 992/992/756 991/991/755 982/982/732
f 982/982/757 983/983/737 992/992/756
f 993/993/758 992/992/756 983/983/737
f 983/983/759 984/984/740 993/993/760
f 987/987/744 994/994/758 985/985/761
f 985/985/762 978/978/726 987/987/744
f 995/995/763 996/996/764 987/987/744
f 987/987/744 986/986/743 995/995/763
f 988/988/746 997/997/765 995/995/766
f 995/995/766 986/986/767 988/988/746
f 989/989/768 998/998/769 997/997/770
f 997/997/765 988/988/746 989/989/749
f 990/990/751 999/999/771 998/998/769
f 998/998/769 989/989/752 990/990/772
f 991/991/755 1000/1000/773 999/999/774
f 999/999/774 990/990/751 991/991/755
f 1001/1001/775 1000/1000/776 991/991/755
f 991/991/777 992/992/778 1001/1001/775
f 1002/1002/779 1001/1001/775 992/992/780
f 992/992/781 993/993/782 1002/1002/783
f 996/996/784 1003/1003/783 994/994/785
f 994/994/782 987/987/744 996/996/784
f 1004/1004/786 1005/1005/787 996/996/784
f 996/996/784 995/995/763 1004/1004/786
f 997/997/770 1006/1006/788 1004/1004/786
f 1004/1004/789 995/995/763 997/997/765
f 998/998/790 1007/1007/791 1006/1006/788
f 1006/1006/788 997/997/792 998/998/769
f 999/999/774 1008/1008/793 1007/1007/794
f 1007/1007/791 998/998/795 999/999/796
f 1000/1000/776 1009/1009/797 1008/1008/793
f 1008/1008/793 999/999/771 1000/1000/773
f 1010/1010/798 1009/1009/797 1000/1000/799
f 1000/1000/799 1001/1001/775 1010/1010/798
f 1011/1011/800 1010/1010/798 1001/1001/775
f 1001/1001/801 1002/1002/783 1011/1011/802
f 1005/1005/803 1012/1012/804 1003/1003/805
f 1003/1003/783 996/996/764 1005/1005/806
f 1013/1013/807 1014/1014/808 1005/1005/809
f 1005/1005/787 1004/1004/786 1013/1013/807
f 1006/1006/788 1015/1015/810 1013/1013/807
f 1013/1013/811 1004/1004/786 1006/1006/788
f 1007/1007/794 1016/1016/729 1015/1015/812
f 1015/1015/812 1006/1006/788 1007/1007/791
f 1008/1008/793 1017/1017/750 1016/1016/729
f 1016/1016/748 1007/1007/794 1008/1008/813
f 1009/1009/814 1018/1018/815 1017/1017/816
f 1017/1017/750 1008/1008/793 1009/1009/797
f 1019/1019/817 1018/1018/815 1009/1009/818
f 1009/1009/797 1010/1010/819 1019/1019/817
f 1020/1020/820 1019/1019/817 1010/1010/798
f 1010/1010/798 1011/1011/802 1020/1020/738
f 1014/1014/821 1021/1021/738 1012/1012/800
f 1012/1012/800 1005/1005/787 1014/1014/808
f 1022/1022/822 1023/1023/823 1014/1014/824
f 1014/1014/821 1013/1013/807 1022/1022/822
f 1015/1015/812 1024/1024/825 1022/1022/822
f 1022/1022/822 1013/1013/807 1015/1015/810
f 1016/1016/748 1025/1025/768 1024/1024/825
f 1024/1024/825 1015/1015/812 1016/1016/729
f 1017/1017/816 1026/1026/751 1025/1025/826
f 1025/1025/768 1016/1016/754 1017/1017/827
f 1018/1018/828 1027/1027/829 1026/1026/751
f 1026/1026/751 1017/1017/816 1018/1018/830
f 1028/1028/831 1027/1027/829 1018/1018/815
f 1018/1018/815 1019/1019/832 1028/1028/831
f 1029/1029/782 1028/1028/831 1019/1019/832
f 1019/1019/817 1020/1020/738 1029/1029/760
f 1023/1023/833 1030/1030/760 1021/1021/820
f 1021/1021/738 1014/1014/834 1023/1023/833
f 1031/1031/835 1032/1032/836 1023/1023/823
f 1023/1023/837 1022/1022/822 1031/1031/835
f 1024/1024/825 1033/1033/838 1031/1031/835
f 1031/1031/839 1022/1022/822 1024/1024/825
f 1025/1025/826 1034/1034/790 1033/1033/838
f 1033/1033/838 1024/1024/840 1025/1025/768
f 1026/1026/751 1035/1035/771 1034/1034/790
f 1034/1034/790 1025/1025/841 1026/1026/751
f 1027/1027/829 1036/1036/773 1035/1035/774
f 1035/1035/842 1026/1026/772 1027/1027/843
f 1037/1037/775 1036/1036/776 1027/1027/829
f 1027/1027/843 1028/1028/844 1037/1037/775
f 1038/1038/783 1037/1037/775 1028/1028/831
f 1028/1028/845 1029/1029/782 1038/1038/779
f 1032/1032/836 1039/1039/779 1030/1030/782
f 1030/1030/760 1023/1023/823 1032/1032/836
f 1032/1032/836 1031/1031/835 1040/1040/846
f 1040/1040/846 1041/1041/847 1032/1032/848
f 1033/1033/849 1042/1042/850 1040/1040/846
f 1040/1040/846 1031/1031/835 1033/1033/838
f 1034/1034/790 1043/1043/851 1042/1042/852
f 1042/1042/852 1033/1033/853 1034/1034/790
f 1035/1035/854 1044/1044/855 1043/1043/851
f 1043/1043/851 1034/1034/790 1035/1035/771
f 1036/1036/799 1045/1045/856 1044/1044/857
f 1044/1044/858 1035/1035/771 1036/1036/773
f 1036/1036/799 1037/1037/775 1046/1046/859
f 1046/1046/859 1045/1045/860 1036/1036/861
f 1037/1037/775 1038/1038/779 1047/1047/862
f 1047/1047/863 1046/1046/864 1037/1037/865
f 1039/1039/866 1032/1032/867 1041/1041/868
f 1041/1041/847 1047/1047/869 1039/1039/779
f 1048/1048/870 1049/1049/871 1050/1050/872
f 1050/1050/873 1051/1051/874 1048/1048/870
f 1052/1052/875 1053/1053/876 1049/1049/871
f 1049/1049/871 1048/1048/870 1052/1052/875
f 1054/1054/877 1055/1055/878 1053/1053/876
f 1053/1053/876 1052/1052/875 1054/1054/877
f 1056/1056/879 1057/1057/880 1055/1055/881
f 1055/1055/881 1054/1054/877 1056/1056/879
f 1058/1058/882 1059/1059/883 1057/1057/880
f 1057/1057/880 1056/1056/879 1058/1058/882
f 1060/1060/884 1061/1061/885 1059/1059/886
f 1059/1059/886 1058/1058/882 1060/1060/884
f 1062/1062/887 1063/1063/888 1061/1061/885
f 1061/1061/885 1060/1060/884 1062/1062/889
f 1051/1051/874 1050/1050/873 1063/1063/890
f 1063/1063/888 1062/1062/889 1051/1051/891
f 1049/1049/871 1064/1064/892 1065/1065/892
f 1065/1065/892 1050/1050/873 1049/1049/871
f 1053/1053/893 1066/1066/894 1064/1064/895
f 1064/1064/892 1049/1049/871 1053/1053/876
f 1055/1055/881 1067/1067/896 1066/1066/894
f 1066/1066/897 1053/1053/876 1055/1055/881
f 1057/1057/880 1068/1068/898 1067/1067/899
f 1067/1067/899 1055/1055/881 1057/1057/880
f 1059/1059/883 1069/1069/900 1068/1068/901
f 1068/1068/901 1057/1057/880 1059/1059/883
f 1061/1061/885 1070/1070/902 1069/1069/900
f 1069/1069/900 1059/1059/883 1061/1061/885
f 1063/1063/903 1071/1071/904 1070/1070/902
f 1070/1070/902 1061/1061/885 1063/1063/890
f 1050/1050/873 1065/1065/895 1071/1071/904
f 1071/1071/905 1063/1063/890 1050/1050/873
f 1064/1064/895 1072/1072/906 1073/1073/906
f 1073/1073/906 1065/1065/907 1064/1064/895
f 1066/1066/897 1074/1074/908 1072/1072/906
f 1072/1072/909 1064/1064/892 1066/1066/897
f 1067/1067/896 1075/1075/910 1074/1074/908
f 1074/1074/911 1066/1066/894 1067/1067/896
f 1068/1068/898 1076/1076/912 1075/1075/910
f 1075/1075/910 1067/1067/899 1068/1068/898
f 1069/1069/900 1077/1077/913 1076/1076/912
f 1076/1076/914 1068/1068/898 1069/1069/900
f 1070/1070/902 1078/1078/915 1077/1077/916
f 1077/1077/917 1069/1069/900 1070/1070/902
f 1071/1071/918 1079/1079/919 1078/1078/920
f 1078/1078/921 1070/1070/902 1071/1071/918
f 1065/1065/892 1073/1073/906 1079/1079/922
f 1079/1079/922 1071/1071/923 1065/1065/924
f 1048/1048/870 1051/1051/874 1080/1080/22
f 1052/1052/875 1048/1048/870 1080/1080/22
f 1054/1054/925 1052/1052/875 1080/1080/22
f 1056/1056/879 1054/1054/925 1080/1080/22
f 1058/1058/882 1056/1056/879 1080/1080/22
f 1060/1060/884 1058/1058/882 1080/1080/22
f 1062/1062/889 1060/1060/884 1080/1080/22
f 1051/1051/874 1062/1062/889 1080/1080/22
f 1081/1081/906 1082/1082/906 1083/1083/31
f 1082/1082/906 1084/1084/908 1083/1083/31
f 1084/1084/908 1085/1085/910 1083/1083/31
f 1085/1085/926 1086/1086/912 1083/1083/31
f 1086/1086/927 1087/1087/916 1083/1083/31
f 1087/1087/913 1088/1088/920 1083/1083/31
f 1088/1088/915 1089/1089/928 1083/1083/31
f 1089/1089/919 1081/1081/906 1083/1083/31
f 1090/1090/929 1091/1091/930 1092/1092/931
f 1092/1092/931 1093/1093/931 1090/1090/929
f 1094/1094/932 1095/1095/932 1091/1091/933
f 1091/1091/930 1090/1090/933 1094/1094/934
f 1096/1096/935 1097/1097/936 1098/1098/937
f 1098/1098/937 1099/1099/938 1096/1096/935
f 1100/1100/939 1101/1101/939 1102/1102/940
f 1102/1102/940 1103/1103/941 1100/1100/942
f 1091/1091/930 1104/1104/943 1105/1105/944
f 1105/1105/944 1092/1092/931 1091/1091/930
f 1095/1095/932 1106/1106/945 1104/1104/946
f 1104/1104/947 1091/1091/933 1095/1095/948
f 1099/1099/949 1098/1098/937 1107/1107/950
f 1107/1107/951 1108/1108/952 1099/1099/938
f 1101/1101/939 1109/1109/953 1110/1110/954
f 1110/1110/954 1102/1102/955 1101/1101/956
f 1104/1104/957 1111/1111/958 1112/1112/959
f 1112/1112/959 1105/1105/944 1104/1104/957
f 1106/1106/945 1113/1113/960 1111/1111/958
f 1111/1111/958 1104/1104/946 1106/1106/945
f 1108/1108/961 1107/1107/951 1114/1114/962
f 1114/1114/962 1115/1115/963 1108/1108/952
f 1109/1109/964 1116/1116/965 1117/1117/966
f 1117/1117/967 1110/1110/954 1109/1109/953
f 1118/1118/958 1119/1119/968 1120/1120/969
f 1120/1120/969 1121/1121/959 1118/1118/958
f 1122/1122/960 1123/1123/970 1119/1119/968
f 1119/1119/968 1118/1118/958 1122/1122/971
f 1124/1124/962 1125/1125/972 1126/1126/973
f 1126/1126/973 1127/1127/974 1124/1124/962
f 1128/1128/965 1129/1129/975 1130/1130/976
f 1130/1130/977 1131/1131/966 1128/1128/978
f 1119/1119/979 1132/1132/980 1133/1133/981
f 1133/1133/981 1120/1120/969 1119/1119/982
f 1119/1119/968 1123/1123/983 1134/1134/984
f 1134/1134/985 1132/1132/986 1119/1119/968
f 1125/1125/972 1135/1135/987 1136/1136/988
f 1136/1136/988 1126/1126/973 1125/1125/972
f 1130/1130/976 1129/1129/975 1137/1137/989
f 1137/1137/990 1138/1138/991 1130/1130/992
f 1132/1132/986 1139/1139/993 1140/1140/994
f 1140/1140/994 1133/1133/995 1132/1132/986
f 1132/1132/986 1134/1134/996 1141/1141/997
f 1141/1141/998 1139/1139/993 1132/1132/986
f 1142/1142/999 1136/1136/988 1135/1135/987
f 1135/1135/1000 1143/1143/1001 1142/1142/999
f 1138/1138/1002 1137/1137/990 1144/1144/1003
f 1144/1144/1004 1145/1145/1005 1138/1138/991
f 1139/1139/993 1146/1146/1006 1147/1147/1007
f 1147/1147/1007 1140/1140/994 1139/1139/1008
f 1141/1141/998 1148/1148/1009 1146/1146/1010
f 1146/1146/1010 1139/1139/993 1141/1141/1011
f 1143/1143/1012 1149/1149/1013 1150/1150/1014
f 1150/1150/1014 1142/1142/999 1143/1143/1001
f 1144/1144/1004 1151/1151/1015 1152/1152/1016
f 1152/1152/1017 1145/1145/1018 1144/1144/1019
f 1146/1146/1006 1090/1090/933 1093/1093/1020
f 1093/1093/1020 1147/1147/1007 1146/1146/1010
f 1148/1148/1009 1094/1094/1021 1090/1090/933
f 1090/1090/933 1146/1146/1006 1148/1148/1009
f 1150/1150/1014 1149/1149/1013 1097/1097/936
f 1097/1097/1022 1096/1096/1023 1150/1150/1014
f 1151/1151/1024 1100/1100/942 1103/1103/1025
f 1103/1103/1025 1152/1152/1017 1151/1151/1015
f 1126/1126/1026 1136/1136/1027 1134/1134/996
f 1134/1134/985 1123/1123/970 1126/1126/973
f 1127/1127/1028 1126/1126/973 1123/1123/970
f 1123/1123/970 1122/1122/960 1127/1127/963
f 1106/1106/945 1108/1108/952 1115/1115/963
f 1115/1115/963 1113/1113/960 1106/1106/945
f 1095/1095/948 1099/1099/938 1108/1108/952
f 1108/1108/952 1106/1106/945 1095/1095/932
f 1094/1094/934 1096/1096/1023 1099/1099/949
f 1099/1099/1029 1095/1095/932 1094/1094/934
f 1148/1148/1030 1150/1150/1014 1096/1096/935
f 1096/1096/1031 1094/1094/934 1148/1148/1009
f 1142/1142/999 1150/1150/1014 1148/1148/1009
f 1148/1148/1009 1141/1141/1011 1142/1142/1032
f 1136/1136/988 1142/1142/999 1141/1141/1033
f 1141/1141/1011 1134/1134/985 1136/1136/988
f 1125/1125/972 1130/1130/1034 1138/1138/991
f 1138/1138/991 1135/1135/987 1125/1125/972
f 1131/1131/966 1130/1130/1034 1125/1125/1035
f 1125/1125/972 1124/1124/1036 1131/1131/966
f 1110/1110/954 1117/1117/966 1114/1114/1037
f 1114/1114/1037 1107/1107/1038 1110/1110/954
f 1102/1102/940 1110/1110/954 1107/1107/951
f 1107/1107/951 1098/1098/937 1102/1102/940
f 1103/1103/1039 1102/1102/940 1098/1098/937
f 1098/1098/937 1097/1097/936 1103/1103/1039
f 1152/1152/1040 1103/1103/941 1097/1097/936
f 1097/1097/1041 1149/1149/1042 1152/1152/1017
f 1143/1143/1001 1145/1145/1005 1152/1152/1016
f 1152/1152/1016 1149/1149/1042 1143/1143/1043
f 1135/1135/1000 1138/1138/991 1145/1145/1005
f 1145/1145/1018 1143/1143/1001 1135/1135/987
f 1093/1093/931 1153/1153/931 1154/1154/1044
f 1153/1153/931 1155/1155/944 1154/1154/1045
f 1155/1155/944 1156/1156/959 1154/1154/1046
f 1156/1156/959 1157/1157/969 1154/1154/1046
f 1157/1157/969 1158/1158/981 1154/1154/1047
f 1158/1158/981 1140/1140/994 1154/1154/1048
f 1140/1140/994 1147/1147/1007 1154/1154/1046
f 1147/1147/1007 1093/1093/931 1154/1154/1049
f 1159/1159/1050 1160/1160/1051 1161/1161/931
f 1161/1161/1052 1162/1162/1052 1159/1159/1050
f 1163/1163/1053 1164/1164/1053 1160/1160/1054
f 1160/1160/1054 1159/1159/1050 1163/1163/1055
f 1165/1165/1056 1166/1166/1056 1167/1167/1057
f 1167/1167/1058 1168/1168/1058 1165/1165/1059
f 1169/1169/1060 1170/1170/1061 1171/1171/1062
f 1171/1171/1063 1172/1172/1063 1169/1169/1064
f 1173/1173/1065 1174/1174/1066 1175/1175/1067
f 1175/1175/1067 1176/1176/1068 1173/1173/1069
f 1177/1177/1070 1178/1178/1071 1175/1175/1072
f 1175/1175/1073 1174/1174/1066 1177/1177/1074
f 1160/1160/1054 1179/1179/1075 1180/1180/1076
f 1180/1180/944 1161/1161/1052 1160/1160/1051
f 1164/1164/1077 1181/1181/1078 1179/1179/1075
f 1179/1179/1079 1160/1160/1054 1164/1164/1080
f 1166/1166/1081 1182/1182/1082 1183/1183/1083
f 1183/1183/1084 1167/1167/1057 1166/1166/1081
f 1170/1170/1061 1184/1184/1085 1185/1185/1086
f 1185/1185/1087 1171/1171/1062 1170/1170/1061
f 1176/1176/1068 1175/1175/1088 1186/1186/1089
f 1186/1186/1089 1187/1187/1090 1176/1176/1068
f 1178/1178/1091 1188/1188/1092 1186/1186/1089
f 1186/1186/1089 1175/1175/1072 1178/1178/1091
f 1179/1179/1075 1189/1189/1093 1190/1190/1094
f 1190/1190/1094 1180/1180/944 1179/1179/1075
f 1181/1181/1095 1191/1191/1096 1189/1189/1097
f 1189/1189/1093 1179/1179/1075 1181/1181/1095
f 1182/1182/1098 1192/1192/1099 1193/1193/1100
f 1193/1193/1101 1183/1183/1102 1182/1182/1098
f 1184/1184/1103 1194/1194/1104 1195/1195/1105
f 1195/1195/1106 1185/1185/1107 1184/1184/1085
f 1186/1186/1089 1196/1196/1108 1197/1197/1109
f 1197/1197/1110 1187/1187/1090 1186/1186/1089
f 1188/1188/1111 1198/1198/1112 1196/1196/1108
f 1196/1196/1108 1186/1186/1089 1188/1188/1092
f 1189/1189/1097 1199/1199/1113 1200/1200/969
f 1200/1200/969 1190/1190/1094 1189/1189/1093
f 1191/1191/1114 1201/1201/1115 1199/1199/1113
f 1199/1199/1113 1189/1189/1093 1191/1191/1114
f 1192/1192/1116 1202/1202/1117 1203/1203/1118
f 1203/1203/1119 1193/1193/1120 1192/1192/1116
f 1194/1194/1104 1204/1204/1121 1205/1205/1122
f 1205/1205/1123 1195/1195/1124 1194/1194/1125
f 1196/1196/1126 1206/1206/1127 1207/1207/1128
f 1207/1207/1129 1197/1197/1130 1196/1196/1126
f 1196/1196/1126 1198/1198/1131 1208/1208/1132
f 1208/1208/1132 1206/1206/1127 1196/1196/1108
f 1199/1199/1113 1209/1209/1133 1210/1210/1134
f 1210/1210/981 1200/1200/969 1199/1199/1113
f 1199/1199/1113 1201/1201/1135 1211/1211/1136
f 1211/1211/1137 1209/1209/1138 1199/1199/1113
f 1202/1202/1139 1212/1212/1140 1213/1213/1141
f 1213/1213/1141 1203/1203/1118 1202/1202/1139
f 1205/1205/1122 1204/1204/1142 1214/1214/1143
f 1214/1214/1144 1215/1215/1145 1205/1205/1146
f 1206/1206/1127 1216/1216/1147 1217/1217/1148
f 1217/1217/1148 1207/1207/1129 1206/1206/1149
f 1206/1206/1127 1208/1208/1150 1218/1218/1151
f 1218/1218/1151 1216/1216/1147 1206/1206/1127
f 1209/1209/1133 1219/1219/1152 1220/1220/994
f 1220/1220/1153 1210/1210/981 1209/1209/1133
f 1209/1209/1138 1211/1211/1137 1221/1221/1154
f 1221/1221/1155 1219/1219/1156 1209/1209/1133
f 1213/1213/1157 1212/1212/1158 1222/1222/1159
f 1222/1222/1160 1223/1223/1161 1213/1213/1162
f 1215/1215/1163 1214/1214/1164 1224/1224/1165
f 1224/1224/1166 1225/1225/1167 1215/1215/1168
f 1226/1226/1169 1217/1217/1148 1216/1216/1170
f 1216/1216/1147 1227/1227/1171 1226/1226/1169
f 1216/1216/1147 1218/1218/1172 1228/1228/1173
f 1228/1228/1173 1227/1227/1171 1216/1216/1147
f 1219/1219/1152 1229/1229/1174 1230/1230/1007
f 1230/1230/1007 1220/1220/1153 1219/1219/1156
f 1221/1221/1155 1231/1231/1175 1229/1229/1174
f 1229/1229/1174 1219/1219/1156 1221/1221/1155
f 1222/1222/1160 1232/1232/1176 1233/1233/1177
f 1233/1233/1178 1223/1223/1179 1222/1222/1180
f 1224/1224/1166 1234/1234/1181 1235/1235/1182
f 1235/1235/1183 1225/1225/1184 1224/1224/1185
f 1227/1227/1171 1236/1236/1186 1237/1237/1187
f 1237/1237/1188 1226/1226/1189 1227/1227/1171
f 1227/1227/1190 1228/1228/1191 1238/1238/1192
f 1238/1238/1192 1236/1236/1186 1227/1227/1193
f 1239/1239/1194 1159/1159/1050 1162/1162/1052
f 1162/1162/1195 1240/1240/1196 1239/1239/1194
f 1241/1241/1197 1163/1163/1198 1159/1159/1199
f 1159/1159/1050 1239/1239/1174 1241/1241/1200
f 1242/1242/1201 1165/1165/1059 1168/1168/1202
f 1168/1168/1058 1243/1243/1177 1242/1242/1176
f 1244/1244/1203 1169/1169/1064 1172/1172/1204
f 1172/1172/1204 1245/1245/1205 1244/1244/1203
f 1246/1246/1186 1174/1174/1066 1173/1173/1065
f 1173/1173/1069 1247/1247/1187 1246/1246/1186
f 1248/1248/1192 1177/1177/1074 1174/1174/1206
f 1174/1174/1066 1246/1246/1186 1248/1248/1207
f 1203/1203/1208 1213/1213/1157 1211/1211/1137
f 1211/1211/1137 1201/1201/1135 1203/1203/1118
f 1193/1193/1100 1203/1203/1118 1201/1201/1135
f 1201/1201/1135 1191/1191/1114 1193/1193/1100
f 1183/1183/1083 1193/1193/1100 1191/1191/1114
f 1191/1191/1114 1181/1181/1095 1183/1183/1083
f 1167/1167/1057 1183/1183/1083 1181/1181/1095
f 1181/1181/1095 1164/1164/1209 1167/1167/1057
f 1168/1168/1058 1167/1167/1057 1164/1164/1209
f 1164/1164/1209 1163/1163/1055 1168/1168/1058
f 1243/1243/1177 1168/1168/1058 1163/1163/1210
f 1163/1163/1055 1241/1241/1175 1243/1243/1211
f 1223/1223/1179 1233/1233/1177 1231/1231/1175
f 1231/1231/1197 1221/1221/1155 1223/1223/1212
f 1213/1213/1213 1223/1223/1179 1221/1221/1155
f 1221/1221/1155 1211/1211/1137 1213/1213/1157
f 1202/1202/1139 1205/1205/1146 1215/1215/1214
f 1215/1215/1215 1212/1212/1158 1202/1202/1139
f 1195/1195/1124 1205/1205/1122 1202/1202/1139
f 1202/1202/1139 1192/1192/1116 1195/1195/1216
f 1185/1185/1107 1195/1195/1124 1192/1192/1116
f 1192/1192/1116 1182/1182/1217 1185/1185/1107
f 1171/1171/1062 1185/1185/1086 1182/1182/1217
f 1182/1182/1217 1166/1166/1081 1171/1171/1062
f 1172/1172/1204 1171/1171/1062 1166/1166/1081
f 1166/1166/1081 1165/1165/1059 1172/1172/1204
f 1245/1245/1205 1172/1172/1204 1165/1165/1059
f 1165/1165/1218 1242/1242/1176 1245/1245/1205
f 1225/1225/1219 1235/1235/1220 1232/1232/1176
f 1232/1232/1201 1222/1222/1160 1225/1225/1167
f 1212/1212/1221 1215/1215/1222 1225/1225/1219
f 1225/1225/1223 1222/1222/1180 1212/1212/1158
f 1207/1207/1129 1217/1217/1148 1214/1214/1144
f 1214/1214/1144 1204/1204/1121 1207/1207/1129
f 1197/1197/1109 1207/1207/1128 1204/1204/1121
f 1204/1204/1121 1194/1194/1104 1197/1197/1109
f 1187/1187/1224 1197/1197/1109 1194/1194/1104
f 1194/1194/1104 1184/1184/1085 1187/1187/1090
f 1170/1170/1061 1176/1176/1225 1187/1187/1226
f 1187/1187/1226 1184/1184/1085 1170/1170/1061
f 1169/1169/1064 1173/1173/1069 1176/1176/1225
f 1176/1176/1227 1170/1170/1061 1169/1169/1228
f 1247/1247/1187 1173/1173/1069 1169/1169/1064
f 1169/1169/1229 1244/1244/1203 1247/1247/1187
f 1226/1226/1189 1237/1237/1187 1234/1234/1203
f 1234/1234/1203 1224/1224/1166 1226/1226/1169
f 1217/1217/1148 1226/1226/1169 1224/1224/1166
f 1224/1224/1166 1214/1214/1164 1217/1217/1148
f 1249/1249/1052 1250/1250/931 1251/1251/1045
f 1250/1250/1052 1180/1180/1230 1251/1251/1044
f 1180/1180/944 1190/1190/1094 1251/1251/1046
f 1190/1190/1094 1200/1200/969 1251/1251/1231
f 1200/1200/969 1252/1252/981 1251/1251/1045
f 1252/1252/995 1253/1253/994 1251/1251/1044
f 1253/1253/1153 1254/1254/1007 1251/1251/1046
f 1254/1254/1007 1249/1249/1052 1251/1251/1046
f 1255/1255/1050 1256/1256/1051 1257/1257/931
f 1257/1257/1052 1258/1258/1052 1255/1255/1050
f 1259/1259/1232 1260/1260/1053 1256/1256/1054
f 1256/1256/1054 1255/1255/1050 1259/1259/1055
f 1261/1261/1059 1262/1262/1081 1263/1263/1057
f 1263/1263/1233 1264/1264/1234 1261/1261/1059
f 1265/1265/1060 1266/1266/1061 1267/1267/1235
f 1267/1267/1236 1268/1268/1204 1265/1265/1229
f 1269/1269/1069 1270/1270/1237 1271/1271/1088
f 1271/1271/1088 1272/1272/1225 1269/1269/1238
f 1273/1273/1070 1274/1274/1239 1271/1271/1088
f 1271/1271/1088 1270/1270/1237 1273/1273/1070
f 1256/1256/1054 1275/1275/1075 1276/1276/1076
f 1276/1276/944 1257/1257/931 1256/1256/1051
f 1260/1260/1209 1277/1277/1095 1275/1275/1075
f 1275/1275/1079 1256/1256/1054 1260/1260/1080
f 1262/1262/1240 1278/1278/1217 1279/1279/1084
f 1279/1279/1241 1263/1263/1057 1262/1262/1242
f 1266/1266/1061 1280/1280/1243 1281/1281/1087
f 1281/1281/1244 1267/1267/1062 1266/1266/1245
f 1272/1272/1225 1271/1271/1072 1282/1282/1246
f 1282/1282/1089 1283/1283/1090 1272/1272/1225
f 1274/1274/1239 1284/1284/1247 1282/1282/1246
f 1282/1282/1246 1271/1271/1088 1274/1274/1071
f 1275/1275/1075 1285/1285/1248 1286/1286/959
f 1286/1286/959 1276/1276/944 1275/1275/1075
f 1277/1277/1095 1287/1287/1114 1285/1285/1248
f 1285/1285/1249 1275/1275/1075 1277/1277/1095
f 1278/1278/1217 1288/1288/1099 1289/1289/1100
f 1289/1289/1250 1279/1279/1083 1278/1278/1217
f 1280/1280/1103 1290/1290/1104 1291/1291/1106
f 1291/1291/1251 1281/1281/1107 1280/1280/1243
f 1282/1282/1089 1292/1292/1126 1293/1293/1252
f 1293/1293/1252 1283/1283/1090 1282/1282/1089
f 1284/1284/1111 1294/1294/1112 1292/1292/1126
f 1292/1292/1126 1282/1282/1246 1284/1284/1253
f 1285/1285/1248 1295/1295/1113 1296/1296/969
f 1296/1296/969 1286/1286/1094 1285/1285/1248
f 1287/1287/1114 1297/1297/1135 1295/1295/1113
f 1295/1295/1113 1285/1285/1248 1287/1287/1114
f 1288/1288/1099 1298/1298/1254 1299/1299/1118
f 1299/1299/1255 1289/1289/1101 1288/1288/1256
f 1290/1290/1257 1300/1300/1142 1301/1301/1258
f 1301/1301/1259 1291/1291/1124 1290/1290/1104
f 1292/1292/1126 1302/1302/1260 1303/1303/1128
f 1303/1303/1129 1293/1293/1261 1292/1292/1126
f 1292/1292/1126 1294/1294/1131 1304/1304/1132
f 1304/1304/1262 1302/1302/1260 1292/1292/1126
f 1295/1295/1113 1305/1305/1133 1306/1306/1134
f 1306/1306/981 1296/1296/1263 1295/1295/1113
f 1295/1295/1113 1297/1297/1135 1307/1307/1264
f 1307/1307/1137 1305/1305/1133 1295/1295/1113
f 1298/1298/1254 1308/1308/1140 1309/1309/1157
f 1309/1309/1265 1299/1299/1118 1298/1298/1254
f 1301/1301/1258 1300/1300/1266 1310/1310/1267
f 1310/1310/1144 1311/1311/1215 1301/1301/1268
f 1302/1302/1269 1312/1312/1147 1313/1313/1270
f 1313/1313/1271 1303/1303/1128 1302/1302/1260
f 1302/1302/1260 1304/1304/1262 1314/1314/1151
f 1314/1314/1272 1312/1312/1147 1302/1302/1260
f 1305/1305/1133 1315/1315/1156 1316/1316/994
f 1316/1316/1153 1306/1306/995 1305/1305/1133
f 1305/1305/1138 1307/1307/1137 1317/1317/1273
f 1317/1317/1155 1315/1315/1156 1305/1305/1133
f 1309/1309/1141 1308/1308/1140 1318/1318/1274
f 1318/1318/1180 1319/1319/1161 1309/1309/1275
f 1311/1311/1163 1310/1310/1276 1320/1320/1277
f 1320/1320/1166 1321/1321/1167 1311/1311/1215
f 1322/1322/1278 1313/1313/1279 1312/1312/1280
f 1312/1312/1147 1323/1323/1171 1322/1322/1169
f 1312/1312/1170 1314/1314/1281 1324/1324/1191
f 1324/1324/1191 1323/1323/1171 1312/1312/1147
f 1315/1315/1156 1325/1325/1174 1326/1326/1007
f 1326/1326/1007 1316/1316/1153 1315/1315/1156
f 1317/1317/1155 1327/1327/1175 1325/1325/1174
f 1325/1325/1174 1315/1315/1156 1317/1317/1155
f 1318/1318/1274 1328/1328/1282 1329/1329/1177
f 1329/1329/1177 1319/1319/1283 1318/1318/1274
f 1320/1320/1166 1330/1330/1181 1331/1331/1284
f 1331/1331/1284 1321/1321/1167 1320/1320/1166
f 1323/1323/1171 1332/1332/1285 1333/1333/1286
f 1333/1333/1187 1322/1322/1287 1323/1323/1171
f 1323/1323/1190 1324/1324/1288 1334/1334/1192
f 1334/1334/1192 1332/1332/1285 1323/1323/1171
f 1335/1335/1194 1255/1255/1050 1258/1258/1052
f 1258/1258/1289 1336/1336/1290 1335/1335/1194
f 1337/1337/1197 1259/1259/1210 1255/1255/1291
f 1255/1255/1050 1335/1335/1174 1337/1337/1175
f 1338/1338/1292 1261/1261/1059 1264/1264/1202
f 1264/1264/1293 1339/1339/1177 1338/1338/1282
f 1340/1340/1203 1265/1265/1064 1268/1268/1204
f 1268/1268/1204 1341/1341/1205 1340/1340/1181
f 1342/1342/1285 1270/1270/1294 1269/1269/1069
f 1269/1269/1069 1343/1343/1286 1342/1342/1295
f 1344/1344/1192 1273/1273/1070 1270/1270/1296
f 1270/1270/1237 1342/1342/1295 1344/1344/1192
f 1299/1299/1118 1309/1309/1157 1307/1307/1137
f 1307/1307/1137 1297/1297/1135 1299/1299/1118
f 1289/1289/1101 1299/1299/1118 1297/1297/1135
f 1297/1297/1135 1287/1287/1297 1289/1289/1120
f 1279/1279/1083 1289/1289/1100 1287/1287/1114
f 1287/1287/1114 1277/1277/1298 1279/1279/1299
f 1263/1263/1300 1279/1279/1083 1277/1277/1095
f 1277/1277/1095 1260/1260/1209 1263/1263/1301
f 1264/1264/1234 1263/1263/1057 1260/1260/1302
f 1260/1260/1053 1259/1259/1055 1264/1264/1234
f 1339/1339/1303 1264/1264/1234 1259/1259/1210
f 1259/1259/1055 1337/1337/1197 1339/1339/1211
f 1319/1319/1161 1329/1329/1177 1327/1327/1197
f 1327/1327/1175 1317/1317/1155 1319/1319/1212
f 1309/1309/1162 1319/1319/1161 1317/1317/1155
f 1317/1317/1155 1307/1307/1137 1309/1309/1157
f 1298/1298/1254 1301/1301/1268 1311/1311/1215
f 1311/1311/1215 1308/1308/1140 1298/1298/1254
f 1291/1291/1124 1301/1301/1304 1298/1298/1254
f 1298/1298/1254 1288/1288/1116 1291/1291/1124
f 1281/1281/1305 1291/1291/1105 1288/1288/1099
f 1288/1288/1099 1278/1278/1217 1281/1281/1107
f 1267/1267/1062 1281/1281/1087 1278/1278/1217
f 1278/1278/1217 1262/1262/1242 1267/1267/1062
f 1268/1268/1204 1267/1267/1062 1262/1262/1240
f 1262/1262/1240 1261/1261/1059 1268/1268/1204
f 1341/1341/1306 1268/1268/1307 1261/1261/1059
f 1261/1261/1059 1338/1338/1282 1341/1341/1205
f 1321/1321/1167 1331/1331/1308 1328/1328/1282
f 1328/1328/1292 1318/1318/1180 1321/1321/1167
f 1308/1308/1140 1311/1311/1163 1321/1321/1167
f 1321/1321/1223 1318/1318/1274 1308/1308/1140
f 1303/1303/1309 1313/1313/1279 1310/1310/1144
f 1310/1310/1144 1300/1300/1310 1303/1303/1128
f 1293/1293/1252 1303/1303/1128 1300/1300/1266
f 1300/1300/1142 1290/1290/1104 1293/1293/1252
f 1283/1283/1311 1293/1293/1252 1290/1290/1104
f 1290/1290/1104 1280/1280/1243 1283/1283/1226
f 1266/1266/1061 1272/1272/1225 1283/1283/1090
f 1283/1283/1090 1280/1280/1243 1266/1266/1228
f 1265/1265/1064 1269/1269/1069 1272/1272/1225
f 1272/1272/1312 1266/1266/1061 1265/1265/1245
f 1343/1343/1286 1269/1269/1069 1265/1265/1064
f 1265/1265/1064 1340/1340/1203 1343/1343/1187
f 1322/1322/1189 1333/1333/1286 1330/1330/1181
f 1330/1330/1181 1320/1320/1166 1322/1322/1169
f 1313/1313/1270 1322/1322/1169 1320/1320/1166
f 1320/1320/1166 1310/1310/1313 1313/1313/1271
f 1345/1345/1052 1346/1346/931 1347/1347/1044
f 1346/1346/1289 1276/1276/944 1347/1347/1045
f 1276/1276/944 1286/1286/959 1347/1347/1231
f 1286/1286/959 1296/1296/969 1347/1347/1046
f 1296/1296/969 1348/1348/981 1347/1347/256
f 1348/1348/981 1349/1349/1153 1347/1347/256
f 1349/1349/1153 1350/1350/1007 1347/1347/1046
f 1350/1350/1007 1345/1345/1052 1347/1347/1231
f 1351/1351/933 1352/1352/933 1353/1353/931
f 1353/1353/931 1354/1354/931 1351/1351/933
f 1355/1355/948 1356/1356/948 1352/1352/933
f 1352/1352/933 1351/1351/933 1355/1355/1314
f 1357/1357/1023 1358/1358/1041 1359/1359/937
f 1359/1359/937 1360/1360/1315 1357/1357/1023
f 1361/1361/1316 1362/1362/1317 1363/1363/940
f 1363/1363/1318 1364/1364/1318 1361/1361/942
f 1352/1352/933 1365/1365/946 1366/1366/944
f 1366/1366/944 1353/1353/1052 1352/1352/933
f 1356/1356/1319 1367/1367/1320 1365/1365/946
f 1365/1365/1321 1352/1352/933 1356/1356/932
f 1360/1360/949 1359/1359/937 1368/1368/951
f 1368/1368/951 1369/1369/1322 1360/1360/1315
f 1362/1362/939 1370/1370/1323 1371/1371/954
f 1371/1371/1324 1363/1363/940 1362/1362/1325
f 1365/1365/946 1372/1372/958 1373/1373/1094
f 1373/1373/1094 1366/1366/944 1365/1365/1321
f 1367/1367/945 1374/1374/1326 1372/1372/958
f 1372/1372/1327 1365/1365/1321 1367/1367/1328
f 1369/1369/961 1368/1368/951 1375/1375/1329
f 1375/1375/1330 1376/1376/1331 1369/1369/952
f 1370/1370/953 1377/1377/1332 1378/1378/1333
f 1378/1378/1333 1371/1371/954 1370/1370/1334
f 1379/1379/1327 1380/1380/1335 1381/1381/969
f 1381/1381/969 1382/1382/1094 1379/1379/958
f 1383/1383/960 1384/1384/1336 1380/1380/1335
f 1380/1380/1335 1379/1379/958 1383/1383/1337
f 1385/1385/1330 1386/1386/1035 1387/1387/973
f 1387/1387/973 1388/1388/1028 1385/1385/962
f 1389/1389/1332 1390/1390/1338 1391/1391/976
f 1391/1391/1339 1392/1392/1340 1389/1389/1341
f 1380/1380/1342 1393/1393/986 1394/1394/981
f 1394/1394/981 1381/1381/969 1380/1380/1343
f 1380/1380/1335 1384/1384/970 1395/1395/1344
f 1395/1395/996 1393/1393/1345 1380/1380/1335
f 1386/1386/972 1396/1396/987 1397/1397/988
f 1397/1397/988 1387/1387/973 1386/1386/1346
f 1391/1391/976 1390/1390/1347 1398/1398/1348
f 1398/1398/990 1399/1399/1349 1391/1391/1034
f 1393/1393/986 1400/1400/993 1401/1401/994
f 1401/1401/994 1394/1394/1134 1393/1393/1350
f 1393/1393/986 1395/1395/996 1402/1402/998
f 1402/1402/1011 1400/1400/993 1393/1393/986
f 1403/1403/999 1397/1397/988 1396/1396/1000
f 1396/1396/1000 1404/1404/1351 1403/1403/999
f 1399/1399/1352 1398/1398/990 1405/1405/1353
f 1405/1405/1004 1406/1406/1354 1399/1399/1352
f 1400/1400/993 1407/1407/1355 1408/1408/1007
f 1408/1408/1007 1401/1401/1153 1400/1400/1356
f 1402/1402/1011 1409/1409/1009 1407/1407/1355
f 1407/1407/1357 1400/1400/1358 1402/1402/1011
f 1404/1404/1012 1410/1410/1042 1411/1411/1014
f 1411/1411/1014 1403/1403/999 1404/1404/1001
f 1405/1405/1004 1412/1412/1359 1413/1413/1017
f 1413/1413/1016 1406/1406/1360 1405/1405/1004
f 1407/1407/1355 1351/1351/933 1354/1354/1020
f 1354/1354/931 1408/1408/1361 1407/1407/1357
f 1409/1409/1009 1355/1355/1314 1351/1351/933
f 1351/1351/1362 1407/1407/1355 1409/1409/1363
f 1411/1411/1014 1410/1410/1364 1358/1358/1022
f 1358/1358/1365 1357/1357/1023 1411/1411/1366
f 1412/1412/1367 1361/1361/1317 1364/1364/1039
f 1364/1364/1039 1413/1413/1017 1412/1412/1359
f 1387/1387/973 1397/1397/988 1395/1395/985
f 1395/1395/996 1384/1384/970 1387/1387/973
f 1388/1388/1331 1387/1387/973 1384/1384/1368
f 1384/1384/1369 1383/1383/960 1388/1388/963
f 1367/1367/945 1369/1369/961 1376/1376/1028
f 1376/1376/1331 1374/1374/960 1367/1367/945
f 1356/1356/932 1360/1360/949 1369/1369/952
f 1369/1369/952 1367/1367/945 1356/1356/934
f 1355/1355/1314 1357/1357/1023 1360/1360/949
f 1360/1360/1370 1356/1356/932 1355/1355/1314
f 1409/1409/1363 1411/1411/1371 1357/1357/935
f 1357/1357/1023 1355/1355/1314 1409/1409/1363
f 1403/1403/999 1411/1411/1371 1409/1409/1363
f 1409/1409/1363 1402/1402/1372 1403/1403/999
f 1397/1397/988 1403/1403/999 1402/1402/1011
f 1402/1402/1011 1395/1395/985 1397/1397/988
f 1386/1386/1035 1391/1391/976 1399/1399/1352
f 1399/1399/991 1396/1396/1000 1386/1386/1035
f 1392/1392/966 1391/1391/976 1386/1386/972
f 1386/1386/972 1385/1385/1373 1392/1392/1333
f 1371/1371/954 1378/1378/1333 1375/1375/962
f 1375/1375/1330 1368/1368/951 1371/1371/1374
f 1363/1363/940 1371/1371/954 1368/1368/951
f 1368/1368/951 1359/1359/1375 1363/1363/940
f 1364/1364/1039 1363/1363/940 1359/1359/937
f 1359/1359/937 1358/1358/1022 1364/1364/1039
f 1413/1413/1017 1364/1364/941 1358/1358/1365
f 1358/1358/1022 1410/1410/1042 1413/1413/1017
f 1404/1404/1001 1406/1406/1018 1413/1413/1017
f 1413/1413/1376 1410/1410/1042 1404/1404/1001
f 1396/1396/1377 1399/1399/991 1406/1406/1018
f 1406/1406/1005 1404/1404/1001 1396/1396/1378
f 1354/1354/1052 1414/1414/1020 1415/1415/1045
f 1414/1414/931 1416/1416/1076 1415/1415/1045
f 1416/1416/944 1417/1417/959 1415/1415/1046
f 1417/1417/1094 1418/1418/969 1415/1415/1046
f 1418/1418/969 1419/1419/981 1415/1415/1045
f 1419/1419/995 1401/1401/994 1415/1415/1044
f 1401/1401/994 1408/1408/1007 1415/1415/1046
f 1408/1408/1007 1354/1354/931 1415/1415/1046
